nohup: ignoring input
/home/dudekulariyaz/.local/lib/python3.10/site-packages/google/api_core/_python_version_support.py:266: FutureWarning: You are using a Python version (3.10.12) which Google will stop supporting in new releases of google.api_core once it reaches its end of life (2026-10-04). Please upgrade to the latest Python version, or at least Python 3.11, to continue receiving updates for google.api_core past that date.
  warnings.warn(message, FutureWarning)
 * Serving Flask app 'app'
 * Debug mode: on
WARNING: This is a development server. Do not use it in a production deployment. Use a production WSGI server instead.
 * Running on http://127.0.0.1:5000
Press CTRL+C to quit
 * Restarting with stat
/home/dudekulariyaz/.local/lib/python3.10/site-packages/google/api_core/_python_version_support.py:266: FutureWarning: You are using a Python version (3.10.12) which Google will stop supporting in new releases of google.api_core once it reaches its end of life (2026-10-04). Please upgrade to the latest Python version, or at least Python 3.11, to continue receiving updates for google.api_core past that date.
  warnings.warn(message, FutureWarning)
 * Debugger is active!
 * Debugger PIN: 827-163-460
2026-01-03 17:15:01.698 | INFO     | androguard.core.apk:_apk_analysis:410 - Starting analysis on AndroidManifest.xml
2026-01-03 17:15:01.699 | DEBUG    | androguard.core.axml:__init__:1129 - AXMLPrinter
2026-01-03 17:15:01.699 | DEBUG    | androguard.core.axml:__init__:449 - AXMLParser
2026-01-03 17:15:01.699 | DEBUG    | androguard.core.axml:__init__:482 - FIRST HEADER <ARSCHeader idx='0x00000000' type='3' header_size='8' size='14660'>
2026-01-03 17:15:01.699 | DEBUG    | androguard.core.axml:__init__:540 - STRING_POOL <ARSCHeader idx='0x00000008' type='1' header_size='28' size='8408'>
2026-01-03 17:15:01.699 | DEBUG    | androguard.core.axml:is_valid:575 - True
2026-01-03 17:15:01.699 | DEBUG    | androguard.core.axml:_do_next:593 - M_EVENT -1
2026-01-03 17:15:01.699 | DEBUG    | androguard.core.axml:_do_next:609 - NEXT HEADER <ARSCHeader idx='0x000020e0' type='384' header_size='8' size='136'>
2026-01-03 17:15:01.699 | DEBUG    | androguard.core.axml:_do_next:618 - AXML contains a RESOURCE MAP
2026-01-03 17:15:01.699 | DEBUG    | androguard.core.axml:_do_next:609 - NEXT HEADER <ARSCHeader idx='0x00002168' type='256' header_size='16' size='24'>
2026-01-03 17:15:01.699 | DEBUG    | androguard.core.axml:_do_next:686 - Start of Namespace mapping: prefix 40: 'android' --> uri 98: 'http://schemas.android.com/apk/res/android'
2026-01-03 17:15:01.699 | DEBUG    | androguard.core.axml:_do_next:609 - NEXT HEADER <ARSCHeader idx='0x00002180' type='258' header_size='16' size='176'>
2026-01-03 17:15:01.699 | DEBUG    | androguard.core.axml:__init__:1139 - DEBUG ARSC TYPE 2
2026-01-03 17:15:01.699 | DEBUG    | androguard.core.axml:__init__:1160 - START_TAG: manifest (line=2)
2026-01-03 17:15:01.701 | DEBUG    | androguard.core.axml:getAttributeNamespace:977 - 0
2026-01-03 17:15:01.701 | DEBUG    | androguard.core.axml:getAttributeUri:964 - 0
2026-01-03 17:15:01.701 | DEBUG    | androguard.core.axml:getAttributeName:993 - 0
2026-01-03 17:15:01.701 | DEBUG    | androguard.core.axml:getAttributeValueType:1020 - 0
2026-01-03 17:15:01.701 | DEBUG    | androguard.core.axml:getAttributeValueData:1031 - 0
2026-01-03 17:15:01.706 | DEBUG    | androguard.core.axml:__init__:1188 - found an attribute: {http://schemas.android.com/apk/res/android}versionCode='b'85006775''
2026-01-03 17:15:01.706 | DEBUG    | androguard.core.axml:getAttributeNamespace:977 - 1
2026-01-03 17:15:01.706 | DEBUG    | androguard.core.axml:getAttributeUri:964 - 1
2026-01-03 17:15:01.706 | DEBUG    | androguard.core.axml:getAttributeName:993 - 1
2026-01-03 17:15:01.706 | DEBUG    | androguard.core.axml:getAttributeValueType:1020 - 1
2026-01-03 17:15:01.706 | DEBUG    | androguard.core.axml:getAttributeValueData:1031 - 1
2026-01-03 17:15:01.706 | DEBUG    | androguard.core.axml:getAttributeValue:1045 - 1
2026-01-03 17:15:01.706 | DEBUG    | androguard.core.axml:__init__:1188 - found an attribute: {http://schemas.android.com/apk/res/android}versionName='b'9.0 (813086009)''
2026-01-03 17:15:01.706 | DEBUG    | androguard.core.axml:getAttributeNamespace:977 - 2
2026-01-03 17:15:01.706 | DEBUG    | androguard.core.axml:getAttributeUri:964 - 2
2026-01-03 17:15:01.706 | DEBUG    | androguard.core.axml:getAttributeName:993 - 2
2026-01-03 17:15:01.706 | DEBUG    | androguard.core.axml:getAttributeValueType:1020 - 2
2026-01-03 17:15:01.706 | DEBUG    | androguard.core.axml:getAttributeValueData:1031 - 2
2026-01-03 17:15:01.706 | DEBUG    | androguard.core.axml:__init__:1188 - found an attribute: {http://schemas.android.com/apk/res/android}compileSdkVersion='b'36''
2026-01-03 17:15:01.706 | DEBUG    | androguard.core.axml:getAttributeNamespace:977 - 3
2026-01-03 17:15:01.706 | DEBUG    | androguard.core.axml:getAttributeUri:964 - 3
2026-01-03 17:15:01.706 | DEBUG    | androguard.core.axml:getAttributeName:993 - 3
2026-01-03 17:15:01.706 | DEBUG    | androguard.core.axml:getAttributeValueType:1020 - 3
2026-01-03 17:15:01.706 | DEBUG    | androguard.core.axml:getAttributeValueData:1031 - 3
2026-01-03 17:15:01.706 | DEBUG    | androguard.core.axml:getAttributeValue:1045 - 3
2026-01-03 17:15:01.706 | DEBUG    | androguard.core.axml:__init__:1188 - found an attribute: {http://schemas.android.com/apk/res/android}compileSdkVersionCodename='b'Baklava''
2026-01-03 17:15:01.706 | DEBUG    | androguard.core.axml:getAttributeNamespace:977 - 4
2026-01-03 17:15:01.706 | DEBUG    | androguard.core.axml:getAttributeUri:964 - 4
2026-01-03 17:15:01.706 | DEBUG    | androguard.core.axml:getAttributeName:993 - 4
2026-01-03 17:15:01.706 | DEBUG    | androguard.core.axml:getAttributeValueType:1020 - 4
2026-01-03 17:15:01.706 | DEBUG    | androguard.core.axml:getAttributeValueData:1031 - 4
2026-01-03 17:15:01.706 | DEBUG    | androguard.core.axml:getAttributeValue:1045 - 4
2026-01-03 17:15:01.706 | DEBUG    | androguard.core.axml:__init__:1188 - found an attribute: package='b'com.google.android.calculator''
2026-01-03 17:15:01.706 | DEBUG    | androguard.core.axml:getAttributeNamespace:977 - 5
2026-01-03 17:15:01.706 | DEBUG    | androguard.core.axml:getAttributeUri:964 - 5
2026-01-03 17:15:01.706 | DEBUG    | androguard.core.axml:getAttributeName:993 - 5
2026-01-03 17:15:01.706 | DEBUG    | androguard.core.axml:getAttributeValueType:1020 - 5
2026-01-03 17:15:01.706 | DEBUG    | androguard.core.axml:getAttributeValueData:1031 - 5
2026-01-03 17:15:01.706 | DEBUG    | androguard.core.axml:__init__:1188 - found an attribute: platformBuildVersionCode='b'36''
2026-01-03 17:15:01.706 | DEBUG    | androguard.core.axml:getAttributeNamespace:977 - 6
2026-01-03 17:15:01.706 | DEBUG    | androguard.core.axml:getAttributeUri:964 - 6
2026-01-03 17:15:01.706 | DEBUG    | androguard.core.axml:getAttributeName:993 - 6
2026-01-03 17:15:01.706 | DEBUG    | androguard.core.axml:getAttributeValueType:1020 - 6
2026-01-03 17:15:01.707 | DEBUG    | androguard.core.axml:getAttributeValueData:1031 - 6
2026-01-03 17:15:01.707 | DEBUG    | androguard.core.axml:getAttributeValue:1045 - 6
2026-01-03 17:15:01.707 | DEBUG    | androguard.core.axml:__init__:1188 - found an attribute: platformBuildVersionName='b'Baklava''
2026-01-03 17:15:01.707 | DEBUG    | androguard.core.axml:is_valid:575 - True
2026-01-03 17:15:01.707 | DEBUG    | androguard.core.axml:_do_next:593 - M_EVENT 2
2026-01-03 17:15:01.707 | DEBUG    | androguard.core.axml:_do_next:609 - NEXT HEADER <ARSCHeader idx='0x00002230' type='258' header_size='16' size='76'>
2026-01-03 17:15:01.707 | DEBUG    | androguard.core.axml:__init__:1139 - DEBUG ARSC TYPE 2
2026-01-03 17:15:01.707 | DEBUG    | androguard.core.axml:__init__:1160 - START_TAG: uses-sdk (line=13)
2026-01-03 17:15:01.707 | DEBUG    | androguard.core.axml:getAttributeNamespace:977 - 0
2026-01-03 17:15:01.707 | DEBUG    | androguard.core.axml:getAttributeUri:964 - 0
2026-01-03 17:15:01.707 | DEBUG    | androguard.core.axml:getAttributeName:993 - 0
2026-01-03 17:15:01.707 | DEBUG    | androguard.core.axml:getAttributeValueType:1020 - 0
2026-01-03 17:15:01.707 | DEBUG    | androguard.core.axml:getAttributeValueData:1031 - 0
2026-01-03 17:15:01.707 | DEBUG    | androguard.core.axml:__init__:1188 - found an attribute: {http://schemas.android.com/apk/res/android}minSdkVersion='b'23''
2026-01-03 17:15:01.707 | DEBUG    | androguard.core.axml:getAttributeNamespace:977 - 1
2026-01-03 17:15:01.707 | DEBUG    | androguard.core.axml:getAttributeUri:964 - 1
2026-01-03 17:15:01.707 | DEBUG    | androguard.core.axml:getAttributeName:993 - 1
2026-01-03 17:15:01.707 | DEBUG    | androguard.core.axml:getAttributeValueType:1020 - 1
2026-01-03 17:15:01.707 | DEBUG    | androguard.core.axml:getAttributeValueData:1031 - 1
2026-01-03 17:15:01.707 | DEBUG    | androguard.core.axml:__init__:1188 - found an attribute: {http://schemas.android.com/apk/res/android}targetSdkVersion='b'36''
2026-01-03 17:15:01.707 | DEBUG    | androguard.core.axml:is_valid:575 - True
2026-01-03 17:15:01.707 | DEBUG    | androguard.core.axml:_do_next:593 - M_EVENT 2
2026-01-03 17:15:01.707 | DEBUG    | androguard.core.axml:_do_next:609 - NEXT HEADER <ARSCHeader idx='0x0000227c' type='259' header_size='16' size='24'>
2026-01-03 17:15:01.707 | DEBUG    | androguard.core.axml:__init__:1139 - DEBUG ARSC TYPE 3
2026-01-03 17:15:01.707 | DEBUG    | androguard.core.axml:is_valid:575 - True
2026-01-03 17:15:01.707 | DEBUG    | androguard.core.axml:_do_next:593 - M_EVENT 3
2026-01-03 17:15:01.707 | DEBUG    | androguard.core.axml:_do_next:609 - NEXT HEADER <ARSCHeader idx='0x00002294' type='258' header_size='16' size='56'>
2026-01-03 17:15:01.707 | DEBUG    | androguard.core.axml:__init__:1139 - DEBUG ARSC TYPE 2
2026-01-03 17:15:01.707 | DEBUG    | androguard.core.axml:__init__:1160 - START_TAG: original-package (line=17)
2026-01-03 17:15:01.707 | DEBUG    | androguard.core.axml:getAttributeNamespace:977 - 0
2026-01-03 17:15:01.707 | DEBUG    | androguard.core.axml:getAttributeUri:964 - 0
2026-01-03 17:15:01.707 | DEBUG    | androguard.core.axml:getAttributeName:993 - 0
2026-01-03 17:15:01.707 | DEBUG    | androguard.core.axml:getAttributeValueType:1020 - 0
2026-01-03 17:15:01.707 | DEBUG    | androguard.core.axml:getAttributeValueData:1031 - 0
2026-01-03 17:15:01.707 | DEBUG    | androguard.core.axml:getAttributeValue:1045 - 0
2026-01-03 17:15:01.707 | DEBUG    | androguard.core.axml:__init__:1188 - found an attribute: {http://schemas.android.com/apk/res/android}name='b'com.android.calculator2''
2026-01-03 17:15:01.707 | DEBUG    | androguard.core.axml:is_valid:575 - True
2026-01-03 17:15:01.707 | DEBUG    | androguard.core.axml:_do_next:593 - M_EVENT 2
2026-01-03 17:15:01.707 | DEBUG    | androguard.core.axml:_do_next:609 - NEXT HEADER <ARSCHeader idx='0x000022cc' type='259' header_size='16' size='24'>
2026-01-03 17:15:01.707 | DEBUG    | androguard.core.axml:__init__:1139 - DEBUG ARSC TYPE 3
2026-01-03 17:15:01.707 | DEBUG    | androguard.core.axml:is_valid:575 - True
2026-01-03 17:15:01.707 | DEBUG    | androguard.core.axml:_do_next:593 - M_EVENT 3
2026-01-03 17:15:01.707 | DEBUG    | androguard.core.axml:_do_next:609 - NEXT HEADER <ARSCHeader idx='0x000022e4' type='258' header_size='16' size='76'>
2026-01-03 17:15:01.707 | DEBUG    | androguard.core.axml:__init__:1139 - DEBUG ARSC TYPE 2
2026-01-03 17:15:01.707 | DEBUG    | androguard.core.axml:__init__:1160 - START_TAG: permission (line=19)
2026-01-03 17:15:01.707 | DEBUG    | androguard.core.axml:getAttributeNamespace:977 - 0
2026-01-03 17:15:01.708 | DEBUG    | androguard.core.axml:getAttributeUri:964 - 0
2026-01-03 17:15:01.708 | DEBUG    | androguard.core.axml:getAttributeName:993 - 0
2026-01-03 17:15:01.708 | DEBUG    | androguard.core.axml:getAttributeValueType:1020 - 0
2026-01-03 17:15:01.708 | DEBUG    | androguard.core.axml:getAttributeValueData:1031 - 0
2026-01-03 17:15:01.708 | DEBUG    | androguard.core.axml:getAttributeValue:1045 - 0
2026-01-03 17:15:01.708 | DEBUG    | androguard.core.axml:__init__:1188 - found an attribute: {http://schemas.android.com/apk/res/android}name='b'com.google.android.calculator.DYNAMIC_RECEIVER_NOT_EXPORTED_PERMISSION''
2026-01-03 17:15:01.708 | DEBUG    | androguard.core.axml:getAttributeNamespace:977 - 1
2026-01-03 17:15:01.708 | DEBUG    | androguard.core.axml:getAttributeUri:964 - 1
2026-01-03 17:15:01.708 | DEBUG    | androguard.core.axml:getAttributeName:993 - 1
2026-01-03 17:15:01.708 | DEBUG    | androguard.core.axml:getAttributeValueType:1020 - 1
2026-01-03 17:15:01.708 | DEBUG    | androguard.core.axml:getAttributeValueData:1031 - 1
2026-01-03 17:15:01.708 | DEBUG    | androguard.core.axml:__init__:1188 - found an attribute: {http://schemas.android.com/apk/res/android}protectionLevel='b'0x00000002''
2026-01-03 17:15:01.708 | DEBUG    | androguard.core.axml:is_valid:575 - True
2026-01-03 17:15:01.708 | DEBUG    | androguard.core.axml:_do_next:593 - M_EVENT 2
2026-01-03 17:15:01.708 | DEBUG    | androguard.core.axml:_do_next:609 - NEXT HEADER <ARSCHeader idx='0x00002330' type='259' header_size='16' size='24'>
2026-01-03 17:15:01.708 | DEBUG    | androguard.core.axml:__init__:1139 - DEBUG ARSC TYPE 3
2026-01-03 17:15:01.708 | DEBUG    | androguard.core.axml:is_valid:575 - True
2026-01-03 17:15:01.708 | DEBUG    | androguard.core.axml:_do_next:593 - M_EVENT 3
2026-01-03 17:15:01.708 | DEBUG    | androguard.core.axml:_do_next:609 - NEXT HEADER <ARSCHeader idx='0x00002348' type='258' header_size='16' size='56'>
2026-01-03 17:15:01.708 | DEBUG    | androguard.core.axml:__init__:1139 - DEBUG ARSC TYPE 2
2026-01-03 17:15:01.708 | DEBUG    | androguard.core.axml:__init__:1160 - START_TAG: uses-permission (line=24)
2026-01-03 17:15:01.708 | DEBUG    | androguard.core.axml:getAttributeNamespace:977 - 0
2026-01-03 17:15:01.708 | DEBUG    | androguard.core.axml:getAttributeUri:964 - 0
2026-01-03 17:15:01.708 | DEBUG    | androguard.core.axml:getAttributeName:993 - 0
2026-01-03 17:15:01.708 | DEBUG    | androguard.core.axml:getAttributeValueType:1020 - 0
2026-01-03 17:15:01.708 | DEBUG    | androguard.core.axml:getAttributeValueData:1031 - 0
2026-01-03 17:15:01.708 | DEBUG    | androguard.core.axml:getAttributeValue:1045 - 0
2026-01-03 17:15:01.708 | DEBUG    | androguard.core.axml:__init__:1188 - found an attribute: {http://schemas.android.com/apk/res/android}name='b'android.permission.INTERNET''
2026-01-03 17:15:01.708 | DEBUG    | androguard.core.axml:is_valid:575 - True
2026-01-03 17:15:01.708 | DEBUG    | androguard.core.axml:_do_next:593 - M_EVENT 2
2026-01-03 17:15:01.708 | DEBUG    | androguard.core.axml:_do_next:609 - NEXT HEADER <ARSCHeader idx='0x00002380' type='259' header_size='16' size='24'>
2026-01-03 17:15:01.708 | DEBUG    | androguard.core.axml:__init__:1139 - DEBUG ARSC TYPE 3
2026-01-03 17:15:01.708 | DEBUG    | androguard.core.axml:is_valid:575 - True
2026-01-03 17:15:01.708 | DEBUG    | androguard.core.axml:_do_next:593 - M_EVENT 3
2026-01-03 17:15:01.708 | DEBUG    | androguard.core.axml:_do_next:609 - NEXT HEADER <ARSCHeader idx='0x00002398' type='258' header_size='16' size='56'>
2026-01-03 17:15:01.708 | DEBUG    | androguard.core.axml:__init__:1139 - DEBUG ARSC TYPE 2
2026-01-03 17:15:01.708 | DEBUG    | androguard.core.axml:__init__:1160 - START_TAG: uses-permission (line=26)
2026-01-03 17:15:01.708 | DEBUG    | androguard.core.axml:getAttributeNamespace:977 - 0
2026-01-03 17:15:01.708 | DEBUG    | androguard.core.axml:getAttributeUri:964 - 0
2026-01-03 17:15:01.708 | DEBUG    | androguard.core.axml:getAttributeName:993 - 0
2026-01-03 17:15:01.708 | DEBUG    | androguard.core.axml:getAttributeValueType:1020 - 0
2026-01-03 17:15:01.708 | DEBUG    | androguard.core.axml:getAttributeValueData:1031 - 0
2026-01-03 17:15:01.708 | DEBUG    | androguard.core.axml:getAttributeValue:1045 - 0
2026-01-03 17:15:01.708 | DEBUG    | androguard.core.axml:__init__:1188 - found an attribute: {http://schemas.android.com/apk/res/android}name='b'android.permission.ACCESS_NETWORK_STATE''
2026-01-03 17:15:01.708 | DEBUG    | androguard.core.axml:is_valid:575 - True
2026-01-03 17:15:01.708 | DEBUG    | androguard.core.axml:_do_next:593 - M_EVENT 2
2026-01-03 17:15:01.708 | DEBUG    | androguard.core.axml:_do_next:609 - NEXT HEADER <ARSCHeader idx='0x000023d0' type='259' header_size='16' size='24'>
2026-01-03 17:15:01.708 | DEBUG    | androguard.core.axml:__init__:1139 - DEBUG ARSC TYPE 3
2026-01-03 17:15:01.708 | DEBUG    | androguard.core.axml:is_valid:575 - True
2026-01-03 17:15:01.708 | DEBUG    | androguard.core.axml:_do_next:593 - M_EVENT 3
2026-01-03 17:15:01.708 | DEBUG    | androguard.core.axml:_do_next:609 - NEXT HEADER <ARSCHeader idx='0x000023e8' type='258' header_size='16' size='56'>
2026-01-03 17:15:01.709 | DEBUG    | androguard.core.axml:__init__:1139 - DEBUG ARSC TYPE 2
2026-01-03 17:15:01.709 | DEBUG    | androguard.core.axml:__init__:1160 - START_TAG: uses-permission (line=28)
2026-01-03 17:15:01.709 | DEBUG    | androguard.core.axml:getAttributeNamespace:977 - 0
2026-01-03 17:15:01.709 | DEBUG    | androguard.core.axml:getAttributeUri:964 - 0
2026-01-03 17:15:01.709 | DEBUG    | androguard.core.axml:getAttributeName:993 - 0
2026-01-03 17:15:01.709 | DEBUG    | androguard.core.axml:getAttributeValueType:1020 - 0
2026-01-03 17:15:01.709 | DEBUG    | androguard.core.axml:getAttributeValueData:1031 - 0
2026-01-03 17:15:01.709 | DEBUG    | androguard.core.axml:getAttributeValue:1045 - 0
2026-01-03 17:15:01.709 | DEBUG    | androguard.core.axml:__init__:1188 - found an attribute: {http://schemas.android.com/apk/res/android}name='b'android.permission.WAKE_LOCK''
2026-01-03 17:15:01.709 | DEBUG    | androguard.core.axml:is_valid:575 - True
2026-01-03 17:15:01.709 | DEBUG    | androguard.core.axml:_do_next:593 - M_EVENT 2
2026-01-03 17:15:01.709 | DEBUG    | androguard.core.axml:_do_next:609 - NEXT HEADER <ARSCHeader idx='0x00002420' type='259' header_size='16' size='24'>
2026-01-03 17:15:01.709 | DEBUG    | androguard.core.axml:__init__:1139 - DEBUG ARSC TYPE 3
2026-01-03 17:15:01.709 | DEBUG    | androguard.core.axml:is_valid:575 - True
2026-01-03 17:15:01.709 | DEBUG    | androguard.core.axml:_do_next:593 - M_EVENT 3
2026-01-03 17:15:01.709 | DEBUG    | androguard.core.axml:_do_next:609 - NEXT HEADER <ARSCHeader idx='0x00002438' type='258' header_size='16' size='56'>
2026-01-03 17:15:01.709 | DEBUG    | androguard.core.axml:__init__:1139 - DEBUG ARSC TYPE 2
2026-01-03 17:15:01.709 | DEBUG    | androguard.core.axml:__init__:1160 - START_TAG: uses-permission (line=31)
2026-01-03 17:15:01.709 | DEBUG    | androguard.core.axml:getAttributeNamespace:977 - 0
2026-01-03 17:15:01.709 | DEBUG    | androguard.core.axml:getAttributeUri:964 - 0
2026-01-03 17:15:01.709 | DEBUG    | androguard.core.axml:getAttributeName:993 - 0
2026-01-03 17:15:01.709 | DEBUG    | androguard.core.axml:getAttributeValueType:1020 - 0
2026-01-03 17:15:01.709 | DEBUG    | androguard.core.axml:getAttributeValueData:1031 - 0
2026-01-03 17:15:01.709 | DEBUG    | androguard.core.axml:getAttributeValue:1045 - 0
2026-01-03 17:15:01.709 | DEBUG    | androguard.core.axml:__init__:1188 - found an attribute: {http://schemas.android.com/apk/res/android}name='b'android.permission.GET_PACKAGE_SIZE''
2026-01-03 17:15:01.709 | DEBUG    | androguard.core.axml:is_valid:575 - True
2026-01-03 17:15:01.709 | DEBUG    | androguard.core.axml:_do_next:593 - M_EVENT 2
2026-01-03 17:15:01.709 | DEBUG    | androguard.core.axml:_do_next:609 - NEXT HEADER <ARSCHeader idx='0x00002470' type='259' header_size='16' size='24'>
2026-01-03 17:15:01.709 | DEBUG    | androguard.core.axml:__init__:1139 - DEBUG ARSC TYPE 3
2026-01-03 17:15:01.709 | DEBUG    | androguard.core.axml:is_valid:575 - True
2026-01-03 17:15:01.709 | DEBUG    | androguard.core.axml:_do_next:593 - M_EVENT 3
2026-01-03 17:15:01.709 | DEBUG    | androguard.core.axml:_do_next:609 - NEXT HEADER <ARSCHeader idx='0x00002488' type='258' header_size='16' size='56'>
2026-01-03 17:15:01.709 | DEBUG    | androguard.core.axml:__init__:1139 - DEBUG ARSC TYPE 2
2026-01-03 17:15:01.709 | DEBUG    | androguard.core.axml:__init__:1160 - START_TAG: uses-permission (line=34)
2026-01-03 17:15:01.709 | DEBUG    | androguard.core.axml:getAttributeNamespace:977 - 0
2026-01-03 17:15:01.709 | DEBUG    | androguard.core.axml:getAttributeUri:964 - 0
2026-01-03 17:15:01.709 | DEBUG    | androguard.core.axml:getAttributeName:993 - 0
2026-01-03 17:15:01.709 | DEBUG    | androguard.core.axml:getAttributeValueType:1020 - 0
2026-01-03 17:15:01.709 | DEBUG    | androguard.core.axml:getAttributeValueData:1031 - 0
2026-01-03 17:15:01.709 | DEBUG    | androguard.core.axml:getAttributeValue:1045 - 0
2026-01-03 17:15:01.709 | DEBUG    | androguard.core.axml:__init__:1188 - found an attribute: {http://schemas.android.com/apk/res/android}name='b'com.google.android.providers.gsf.permission.READ_GSERVICES''
2026-01-03 17:15:01.709 | DEBUG    | androguard.core.axml:is_valid:575 - True
2026-01-03 17:15:01.709 | DEBUG    | androguard.core.axml:_do_next:593 - M_EVENT 2
2026-01-03 17:15:01.709 | DEBUG    | androguard.core.axml:_do_next:609 - NEXT HEADER <ARSCHeader idx='0x000024c0' type='259' header_size='16' size='24'>
2026-01-03 17:15:01.709 | DEBUG    | androguard.core.axml:__init__:1139 - DEBUG ARSC TYPE 3
2026-01-03 17:15:01.709 | DEBUG    | androguard.core.axml:is_valid:575 - True
2026-01-03 17:15:01.709 | DEBUG    | androguard.core.axml:_do_next:593 - M_EVENT 3
2026-01-03 17:15:01.710 | DEBUG    | androguard.core.axml:_do_next:609 - NEXT HEADER <ARSCHeader idx='0x000024d8' type='258' header_size='16' size='56'>
2026-01-03 17:15:01.710 | DEBUG    | androguard.core.axml:__init__:1139 - DEBUG ARSC TYPE 2
2026-01-03 17:15:01.710 | DEBUG    | androguard.core.axml:__init__:1160 - START_TAG: uses-permission (line=36)
2026-01-03 17:15:01.710 | DEBUG    | androguard.core.axml:getAttributeNamespace:977 - 0
2026-01-03 17:15:01.710 | DEBUG    | androguard.core.axml:getAttributeUri:964 - 0
2026-01-03 17:15:01.710 | DEBUG    | androguard.core.axml:getAttributeName:993 - 0
2026-01-03 17:15:01.710 | DEBUG    | androguard.core.axml:getAttributeValueType:1020 - 0
2026-01-03 17:15:01.710 | DEBUG    | androguard.core.axml:getAttributeValueData:1031 - 0
2026-01-03 17:15:01.710 | DEBUG    | androguard.core.axml:getAttributeValue:1045 - 0
2026-01-03 17:15:01.710 | DEBUG    | androguard.core.axml:__init__:1188 - found an attribute: {http://schemas.android.com/apk/res/android}name='b'com.google.android.calculator.DYNAMIC_RECEIVER_NOT_EXPORTED_PERMISSION''
2026-01-03 17:15:01.710 | DEBUG    | androguard.core.axml:is_valid:575 - True
2026-01-03 17:15:01.710 | DEBUG    | androguard.core.axml:_do_next:593 - M_EVENT 2
2026-01-03 17:15:01.710 | DEBUG    | androguard.core.axml:_do_next:609 - NEXT HEADER <ARSCHeader idx='0x00002510' type='259' header_size='16' size='24'>
2026-01-03 17:15:01.710 | DEBUG    | androguard.core.axml:__init__:1139 - DEBUG ARSC TYPE 3
2026-01-03 17:15:01.710 | DEBUG    | androguard.core.axml:is_valid:575 - True
2026-01-03 17:15:01.710 | DEBUG    | androguard.core.axml:_do_next:593 - M_EVENT 3
2026-01-03 17:15:01.710 | DEBUG    | androguard.core.axml:_do_next:609 - NEXT HEADER <ARSCHeader idx='0x00002528' type='258' header_size='16' size='296'>
2026-01-03 17:15:01.710 | DEBUG    | androguard.core.axml:__init__:1139 - DEBUG ARSC TYPE 2
2026-01-03 17:15:01.710 | DEBUG    | androguard.core.axml:__init__:1160 - START_TAG: application (line=38)
2026-01-03 17:15:01.710 | DEBUG    | androguard.core.axml:getAttributeNamespace:977 - 0
2026-01-03 17:15:01.710 | DEBUG    | androguard.core.axml:getAttributeUri:964 - 0
2026-01-03 17:15:01.710 | DEBUG    | androguard.core.axml:getAttributeName:993 - 0
2026-01-03 17:15:01.710 | DEBUG    | androguard.core.axml:getAttributeValueType:1020 - 0
2026-01-03 17:15:01.710 | DEBUG    | androguard.core.axml:getAttributeValueData:1031 - 0
2026-01-03 17:15:01.710 | DEBUG    | androguard.core.axml:__init__:1188 - found an attribute: {http://schemas.android.com/apk/res/android}theme='b'@7F15050D''
2026-01-03 17:15:01.710 | DEBUG    | androguard.core.axml:getAttributeNamespace:977 - 1
2026-01-03 17:15:01.710 | DEBUG    | androguard.core.axml:getAttributeUri:964 - 1
2026-01-03 17:15:01.710 | DEBUG    | androguard.core.axml:getAttributeName:993 - 1
2026-01-03 17:15:01.710 | DEBUG    | androguard.core.axml:getAttributeValueType:1020 - 1
2026-01-03 17:15:01.710 | DEBUG    | androguard.core.axml:getAttributeValueData:1031 - 1
2026-01-03 17:15:01.710 | DEBUG    | androguard.core.axml:__init__:1188 - found an attribute: {http://schemas.android.com/apk/res/android}label='b'@7F14001C''
2026-01-03 17:15:01.710 | DEBUG    | androguard.core.axml:getAttributeNamespace:977 - 2
2026-01-03 17:15:01.710 | DEBUG    | androguard.core.axml:getAttributeUri:964 - 2
2026-01-03 17:15:01.710 | DEBUG    | androguard.core.axml:getAttributeName:993 - 2
2026-01-03 17:15:01.710 | DEBUG    | androguard.core.axml:getAttributeValueType:1020 - 2
2026-01-03 17:15:01.710 | DEBUG    | androguard.core.axml:getAttributeValueData:1031 - 2
2026-01-03 17:15:01.710 | DEBUG    | androguard.core.axml:__init__:1188 - found an attribute: {http://schemas.android.com/apk/res/android}icon='b'@7F110000''
2026-01-03 17:15:01.710 | DEBUG    | androguard.core.axml:getAttributeNamespace:977 - 3
2026-01-03 17:15:01.710 | DEBUG    | androguard.core.axml:getAttributeUri:964 - 3
2026-01-03 17:15:01.710 | DEBUG    | androguard.core.axml:getAttributeName:993 - 3
2026-01-03 17:15:01.710 | DEBUG    | androguard.core.axml:getAttributeValueType:1020 - 3
2026-01-03 17:15:01.710 | DEBUG    | androguard.core.axml:getAttributeValueData:1031 - 3
2026-01-03 17:15:01.710 | DEBUG    | androguard.core.axml:getAttributeValue:1045 - 3
2026-01-03 17:15:01.710 | DEBUG    | androguard.core.axml:__init__:1188 - found an attribute: {http://schemas.android.com/apk/res/android}name='b'com.android.calculator2.CalculatorApplication''
2026-01-03 17:15:01.710 | DEBUG    | androguard.core.axml:getAttributeNamespace:977 - 4
2026-01-03 17:15:01.710 | DEBUG    | androguard.core.axml:getAttributeUri:964 - 4
2026-01-03 17:15:01.710 | DEBUG    | androguard.core.axml:getAttributeName:993 - 4
2026-01-03 17:15:01.710 | DEBUG    | androguard.core.axml:getAttributeValueType:1020 - 4
2026-01-03 17:15:01.711 | DEBUG    | androguard.core.axml:getAttributeValueData:1031 - 4
2026-01-03 17:15:01.711 | DEBUG    | androguard.core.axml:getAttributeValue:1045 - 4
2026-01-03 17:15:01.711 | DEBUG    | androguard.core.axml:__init__:1188 - found an attribute: {http://schemas.android.com/apk/res/android}backupAgent='b'com.android.calculator2.backup.CalculatorBackupAgent''
2026-01-03 17:15:01.711 | DEBUG    | androguard.core.axml:getAttributeNamespace:977 - 5
2026-01-03 17:15:01.711 | DEBUG    | androguard.core.axml:getAttributeUri:964 - 5
2026-01-03 17:15:01.711 | DEBUG    | androguard.core.axml:getAttributeName:993 - 5
2026-01-03 17:15:01.711 | DEBUG    | androguard.core.axml:getAttributeValueType:1020 - 5
2026-01-03 17:15:01.711 | DEBUG    | androguard.core.axml:getAttributeValueData:1031 - 5
2026-01-03 17:15:01.711 | DEBUG    | androguard.core.axml:__init__:1188 - found an attribute: {http://schemas.android.com/apk/res/android}allowBackup='b'true''
2026-01-03 17:15:01.711 | DEBUG    | androguard.core.axml:getAttributeNamespace:977 - 6
2026-01-03 17:15:01.711 | DEBUG    | androguard.core.axml:getAttributeUri:964 - 6
2026-01-03 17:15:01.711 | DEBUG    | androguard.core.axml:getAttributeName:993 - 6
2026-01-03 17:15:01.711 | DEBUG    | androguard.core.axml:getAttributeValueType:1020 - 6
2026-01-03 17:15:01.711 | DEBUG    | androguard.core.axml:getAttributeValueData:1031 - 6
2026-01-03 17:15:01.711 | DEBUG    | androguard.core.axml:__init__:1188 - found an attribute: {http://schemas.android.com/apk/res/android}supportsRtl='b'true''
2026-01-03 17:15:01.711 | DEBUG    | androguard.core.axml:getAttributeNamespace:977 - 7
2026-01-03 17:15:01.711 | DEBUG    | androguard.core.axml:getAttributeUri:964 - 7
2026-01-03 17:15:01.711 | DEBUG    | androguard.core.axml:getAttributeName:993 - 7
2026-01-03 17:15:01.711 | DEBUG    | androguard.core.axml:getAttributeValueType:1020 - 7
2026-01-03 17:15:01.711 | DEBUG    | androguard.core.axml:getAttributeValueData:1031 - 7
2026-01-03 17:15:01.711 | DEBUG    | androguard.core.axml:__init__:1188 - found an attribute: {http://schemas.android.com/apk/res/android}fullBackupOnly='b'true''
2026-01-03 17:15:01.711 | DEBUG    | androguard.core.axml:getAttributeNamespace:977 - 8
2026-01-03 17:15:01.711 | DEBUG    | androguard.core.axml:getAttributeUri:964 - 8
2026-01-03 17:15:01.711 | DEBUG    | androguard.core.axml:getAttributeName:993 - 8
2026-01-03 17:15:01.711 | DEBUG    | androguard.core.axml:getAttributeValueType:1020 - 8
2026-01-03 17:15:01.711 | DEBUG    | androguard.core.axml:getAttributeValueData:1031 - 8
2026-01-03 17:15:01.711 | DEBUG    | androguard.core.axml:__init__:1188 - found an attribute: {http://schemas.android.com/apk/res/android}fullBackupContent='b'@7F170001''
2026-01-03 17:15:01.711 | DEBUG    | androguard.core.axml:getAttributeNamespace:977 - 9
2026-01-03 17:15:01.711 | DEBUG    | androguard.core.axml:getAttributeUri:964 - 9
2026-01-03 17:15:01.711 | DEBUG    | androguard.core.axml:getAttributeName:993 - 9
2026-01-03 17:15:01.711 | DEBUG    | androguard.core.axml:getAttributeValueType:1020 - 9
2026-01-03 17:15:01.711 | DEBUG    | androguard.core.axml:getAttributeValueData:1031 - 9
2026-01-03 17:15:01.711 | DEBUG    | androguard.core.axml:__init__:1188 - found an attribute: {http://schemas.android.com/apk/res/android}roundIcon='b'@7F110001''
2026-01-03 17:15:01.711 | DEBUG    | androguard.core.axml:getAttributeNamespace:977 - 10
2026-01-03 17:15:01.711 | DEBUG    | androguard.core.axml:getAttributeUri:964 - 10
2026-01-03 17:15:01.711 | DEBUG    | androguard.core.axml:getAttributeName:993 - 10
2026-01-03 17:15:01.711 | DEBUG    | androguard.core.axml:getAttributeValueType:1020 - 10
2026-01-03 17:15:01.711 | DEBUG    | androguard.core.axml:getAttributeValueData:1031 - 10
2026-01-03 17:15:01.711 | DEBUG    | androguard.core.axml:getAttributeValue:1045 - 10
2026-01-03 17:15:01.711 | DEBUG    | androguard.core.axml:__init__:1188 - found an attribute: {http://schemas.android.com/apk/res/android}appComponentFactory='b'androidx.core.app.CoreComponentFactory''
2026-01-03 17:15:01.711 | DEBUG    | androguard.core.axml:getAttributeNamespace:977 - 11
2026-01-03 17:15:01.711 | DEBUG    | androguard.core.axml:getAttributeUri:964 - 11
2026-01-03 17:15:01.711 | DEBUG    | androguard.core.axml:getAttributeName:993 - 11
2026-01-03 17:15:01.711 | DEBUG    | androguard.core.axml:getAttributeValueType:1020 - 11
2026-01-03 17:15:01.711 | DEBUG    | androguard.core.axml:getAttributeValueData:1031 - 11
2026-01-03 17:15:01.711 | DEBUG    | androguard.core.axml:__init__:1188 - found an attribute: {http://schemas.android.com/apk/res/android}localeConfig='b'@7F170022''
2026-01-03 17:15:01.712 | DEBUG    | androguard.core.axml:getAttributeNamespace:977 - 12
2026-01-03 17:15:01.712 | DEBUG    | androguard.core.axml:getAttributeUri:964 - 12
2026-01-03 17:15:01.712 | DEBUG    | androguard.core.axml:getAttributeName:993 - 12
2026-01-03 17:15:01.712 | DEBUG    | androguard.core.axml:getAttributeValueType:1020 - 12
2026-01-03 17:15:01.712 | DEBUG    | androguard.core.axml:getAttributeValueData:1031 - 12
2026-01-03 17:15:01.712 | DEBUG    | androguard.core.axml:__init__:1188 - found an attribute: {http://schemas.android.com/apk/res/android}enableOnBackInvokedCallback='b'true''
2026-01-03 17:15:01.712 | DEBUG    | androguard.core.axml:is_valid:575 - True
2026-01-03 17:15:01.712 | DEBUG    | androguard.core.axml:_do_next:593 - M_EVENT 2
2026-01-03 17:15:01.712 | DEBUG    | androguard.core.axml:_do_next:609 - NEXT HEADER <ARSCHeader idx='0x00002650' type='258' header_size='16' size='116'>
2026-01-03 17:15:01.712 | DEBUG    | androguard.core.axml:__init__:1139 - DEBUG ARSC TYPE 2
2026-01-03 17:15:01.712 | DEBUG    | androguard.core.axml:__init__:1160 - START_TAG: service (line=52)
2026-01-03 17:15:01.712 | DEBUG    | androguard.core.axml:getAttributeNamespace:977 - 0
2026-01-03 17:15:01.712 | DEBUG    | androguard.core.axml:getAttributeUri:964 - 0
2026-01-03 17:15:01.712 | DEBUG    | androguard.core.axml:getAttributeName:993 - 0
2026-01-03 17:15:01.712 | DEBUG    | androguard.core.axml:getAttributeValueType:1020 - 0
2026-01-03 17:15:01.712 | DEBUG    | androguard.core.axml:getAttributeValueData:1031 - 0
2026-01-03 17:15:01.712 | DEBUG    | androguard.core.axml:getAttributeValue:1045 - 0
2026-01-03 17:15:01.712 | DEBUG    | androguard.core.axml:__init__:1188 - found an attribute: {http://schemas.android.com/apk/res/android}name='b'com.google.android.libraries.phenotype.registration.PhenotypeMetadataHolderService''
2026-01-03 17:15:01.712 | DEBUG    | androguard.core.axml:getAttributeNamespace:977 - 1
2026-01-03 17:15:01.712 | DEBUG    | androguard.core.axml:getAttributeUri:964 - 1
2026-01-03 17:15:01.712 | DEBUG    | androguard.core.axml:getAttributeName:993 - 1
2026-01-03 17:15:01.712 | DEBUG    | androguard.core.axml:getAttributeValueType:1020 - 1
2026-01-03 17:15:01.712 | DEBUG    | androguard.core.axml:getAttributeValueData:1031 - 1
2026-01-03 17:15:01.712 | DEBUG    | androguard.core.axml:__init__:1188 - found an attribute: {http://schemas.android.com/apk/res/android}enabled='b'false''
2026-01-03 17:15:01.712 | DEBUG    | androguard.core.axml:getAttributeNamespace:977 - 2
2026-01-03 17:15:01.712 | DEBUG    | androguard.core.axml:getAttributeUri:964 - 2
2026-01-03 17:15:01.712 | DEBUG    | androguard.core.axml:getAttributeName:993 - 2
2026-01-03 17:15:01.712 | DEBUG    | androguard.core.axml:getAttributeValueType:1020 - 2
2026-01-03 17:15:01.712 | DEBUG    | androguard.core.axml:getAttributeValueData:1031 - 2
2026-01-03 17:15:01.712 | DEBUG    | androguard.core.axml:__init__:1188 - found an attribute: {http://schemas.android.com/apk/res/android}exported='b'false''
2026-01-03 17:15:01.712 | DEBUG    | androguard.core.axml:getAttributeNamespace:977 - 3
2026-01-03 17:15:01.712 | DEBUG    | androguard.core.axml:getAttributeUri:964 - 3
2026-01-03 17:15:01.712 | DEBUG    | androguard.core.axml:getAttributeName:993 - 3
2026-01-03 17:15:01.712 | DEBUG    | androguard.core.axml:getAttributeValueType:1020 - 3
2026-01-03 17:15:01.712 | DEBUG    | androguard.core.axml:getAttributeValueData:1031 - 3
2026-01-03 17:15:01.712 | DEBUG    | androguard.core.axml:getAttributeValue:1045 - 3
2026-01-03 17:15:01.712 | DEBUG    | androguard.core.axml:__init__:1188 - found an attribute: {http://schemas.android.com/apk/res/android}process='b'''
2026-01-03 17:15:01.712 | DEBUG    | androguard.core.axml:is_valid:575 - True
2026-01-03 17:15:01.712 | DEBUG    | androguard.core.axml:_do_next:593 - M_EVENT 2
2026-01-03 17:15:01.712 | DEBUG    | androguard.core.axml:_do_next:609 - NEXT HEADER <ARSCHeader idx='0x000026c4' type='258' header_size='16' size='36'>
2026-01-03 17:15:01.712 | DEBUG    | androguard.core.axml:__init__:1139 - DEBUG ARSC TYPE 2
2026-01-03 17:15:01.713 | DEBUG    | androguard.core.axml:__init__:1160 - START_TAG: intent-filter (line=57)
2026-01-03 17:15:01.713 | DEBUG    | androguard.core.axml:is_valid:575 - True
2026-01-03 17:15:01.713 | DEBUG    | androguard.core.axml:_do_next:593 - M_EVENT 2
2026-01-03 17:15:01.713 | DEBUG    | androguard.core.axml:_do_next:609 - NEXT HEADER <ARSCHeader idx='0x000026e8' type='258' header_size='16' size='56'>
2026-01-03 17:15:01.713 | DEBUG    | androguard.core.axml:__init__:1139 - DEBUG ARSC TYPE 2
2026-01-03 17:15:01.713 | DEBUG    | androguard.core.axml:__init__:1160 - START_TAG: action (line=58)
2026-01-03 17:15:01.713 | DEBUG    | androguard.core.axml:getAttributeNamespace:977 - 0
2026-01-03 17:15:01.713 | DEBUG    | androguard.core.axml:getAttributeUri:964 - 0
2026-01-03 17:15:01.713 | DEBUG    | androguard.core.axml:getAttributeName:993 - 0
2026-01-03 17:15:01.713 | DEBUG    | androguard.core.axml:getAttributeValueType:1020 - 0
2026-01-03 17:15:01.713 | DEBUG    | androguard.core.axml:getAttributeValueData:1031 - 0
2026-01-03 17:15:01.713 | DEBUG    | androguard.core.axml:getAttributeValue:1045 - 0
2026-01-03 17:15:01.713 | DEBUG    | androguard.core.axml:__init__:1188 - found an attribute: {http://schemas.android.com/apk/res/android}name='b'com.google.android.libraries.phenotype.registration.PhenotypeMetadataHolderService''
2026-01-03 17:15:01.713 | DEBUG    | androguard.core.axml:is_valid:575 - True
2026-01-03 17:15:01.713 | DEBUG    | androguard.core.axml:_do_next:593 - M_EVENT 2
2026-01-03 17:15:01.713 | DEBUG    | androguard.core.axml:_do_next:609 - NEXT HEADER <ARSCHeader idx='0x00002720' type='259' header_size='16' size='24'>
2026-01-03 17:15:01.713 | DEBUG    | androguard.core.axml:__init__:1139 - DEBUG ARSC TYPE 3
2026-01-03 17:15:01.713 | DEBUG    | androguard.core.axml:is_valid:575 - True
2026-01-03 17:15:01.713 | DEBUG    | androguard.core.axml:_do_next:593 - M_EVENT 3
2026-01-03 17:15:01.713 | DEBUG    | androguard.core.axml:_do_next:609 - NEXT HEADER <ARSCHeader idx='0x00002738' type='259' header_size='16' size='24'>
2026-01-03 17:15:01.713 | DEBUG    | androguard.core.axml:__init__:1139 - DEBUG ARSC TYPE 3
2026-01-03 17:15:01.713 | DEBUG    | androguard.core.axml:is_valid:575 - True
2026-01-03 17:15:01.713 | DEBUG    | androguard.core.axml:_do_next:593 - M_EVENT 3
2026-01-03 17:15:01.713 | DEBUG    | androguard.core.axml:_do_next:609 - NEXT HEADER <ARSCHeader idx='0x00002750' type='258' header_size='16' size='76'>
2026-01-03 17:15:01.713 | DEBUG    | androguard.core.axml:__init__:1139 - DEBUG ARSC TYPE 2
2026-01-03 17:15:01.713 | DEBUG    | androguard.core.axml:__init__:1160 - START_TAG: meta-data (line=61)
2026-01-03 17:15:01.713 | DEBUG    | androguard.core.axml:getAttributeNamespace:977 - 0
2026-01-03 17:15:01.713 | DEBUG    | androguard.core.axml:getAttributeUri:964 - 0
2026-01-03 17:15:01.713 | DEBUG    | androguard.core.axml:getAttributeName:993 - 0
2026-01-03 17:15:01.713 | DEBUG    | androguard.core.axml:getAttributeValueType:1020 - 0
2026-01-03 17:15:01.713 | DEBUG    | androguard.core.axml:getAttributeValueData:1031 - 0
2026-01-03 17:15:01.713 | DEBUG    | androguard.core.axml:getAttributeValue:1045 - 0
2026-01-03 17:15:01.713 | DEBUG    | androguard.core.axml:__init__:1188 - found an attribute: {http://schemas.android.com/apk/res/android}name='b'com.google.android.gms.phenotype.heterodyne_info.binarypb:com.google.android.calculator''
2026-01-03 17:15:01.713 | DEBUG    | androguard.core.axml:getAttributeNamespace:977 - 1
2026-01-03 17:15:01.713 | DEBUG    | androguard.core.axml:getAttributeUri:964 - 1
2026-01-03 17:15:01.713 | DEBUG    | androguard.core.axml:getAttributeName:993 - 1
2026-01-03 17:15:01.713 | DEBUG    | androguard.core.axml:getAttributeValueType:1020 - 1
2026-01-03 17:15:01.713 | DEBUG    | androguard.core.axml:getAttributeValueData:1031 - 1
2026-01-03 17:15:01.713 | DEBUG    | androguard.core.axml:__init__:1188 - found an attribute: {http://schemas.android.com/apk/res/android}resource='b'@7F130001''
2026-01-03 17:15:01.713 | DEBUG    | androguard.core.axml:is_valid:575 - True
2026-01-03 17:15:01.713 | DEBUG    | androguard.core.axml:_do_next:593 - M_EVENT 2
2026-01-03 17:15:01.713 | DEBUG    | androguard.core.axml:_do_next:609 - NEXT HEADER <ARSCHeader idx='0x0000279c' type='259' header_size='16' size='24'>
2026-01-03 17:15:01.714 | DEBUG    | androguard.core.axml:__init__:1139 - DEBUG ARSC TYPE 3
2026-01-03 17:15:01.714 | DEBUG    | androguard.core.axml:is_valid:575 - True
2026-01-03 17:15:01.714 | DEBUG    | androguard.core.axml:_do_next:593 - M_EVENT 3
2026-01-03 17:15:01.714 | DEBUG    | androguard.core.axml:_do_next:609 - NEXT HEADER <ARSCHeader idx='0x000027b4' type='258' header_size='16' size='76'>
2026-01-03 17:15:01.714 | DEBUG    | androguard.core.axml:__init__:1139 - DEBUG ARSC TYPE 2
2026-01-03 17:15:01.714 | DEBUG    | androguard.core.axml:__init__:1160 - START_TAG: meta-data (line=64)
2026-01-03 17:15:01.714 | DEBUG    | androguard.core.axml:getAttributeNamespace:977 - 0
2026-01-03 17:15:01.714 | DEBUG    | androguard.core.axml:getAttributeUri:964 - 0
2026-01-03 17:15:01.714 | DEBUG    | androguard.core.axml:getAttributeName:993 - 0
2026-01-03 17:15:01.714 | DEBUG    | androguard.core.axml:getAttributeValueType:1020 - 0
2026-01-03 17:15:01.714 | DEBUG    | androguard.core.axml:getAttributeValueData:1031 - 0
2026-01-03 17:15:01.714 | DEBUG    | androguard.core.axml:getAttributeValue:1045 - 0
2026-01-03 17:15:01.714 | DEBUG    | androguard.core.axml:__init__:1188 - found an attribute: {http://schemas.android.com/apk/res/android}name='b'com.google.android.gms.phenotype.registration.binarypb:com.google.android.calculator''
2026-01-03 17:15:01.714 | DEBUG    | androguard.core.axml:getAttributeNamespace:977 - 1
2026-01-03 17:15:01.714 | DEBUG    | androguard.core.axml:getAttributeUri:964 - 1
2026-01-03 17:15:01.714 | DEBUG    | androguard.core.axml:getAttributeName:993 - 1
2026-01-03 17:15:01.714 | DEBUG    | androguard.core.axml:getAttributeValueType:1020 - 1
2026-01-03 17:15:01.714 | DEBUG    | androguard.core.axml:getAttributeValueData:1031 - 1
2026-01-03 17:15:01.714 | DEBUG    | androguard.core.axml:__init__:1188 - found an attribute: {http://schemas.android.com/apk/res/android}resource='b'@7F130005''
2026-01-03 17:15:01.714 | DEBUG    | androguard.core.axml:is_valid:575 - True
2026-01-03 17:15:01.714 | DEBUG    | androguard.core.axml:_do_next:593 - M_EVENT 2
2026-01-03 17:15:01.714 | DEBUG    | androguard.core.axml:_do_next:609 - NEXT HEADER <ARSCHeader idx='0x00002800' type='259' header_size='16' size='24'>
2026-01-03 17:15:01.714 | DEBUG    | androguard.core.axml:__init__:1139 - DEBUG ARSC TYPE 3
2026-01-03 17:15:01.714 | DEBUG    | androguard.core.axml:is_valid:575 - True
2026-01-03 17:15:01.714 | DEBUG    | androguard.core.axml:_do_next:593 - M_EVENT 3
2026-01-03 17:15:01.714 | DEBUG    | androguard.core.axml:_do_next:609 - NEXT HEADER <ARSCHeader idx='0x00002818' type='258' header_size='16' size='76'>
2026-01-03 17:15:01.714 | DEBUG    | androguard.core.axml:__init__:1139 - DEBUG ARSC TYPE 2
2026-01-03 17:15:01.714 | DEBUG    | androguard.core.axml:__init__:1160 - START_TAG: meta-data (line=67)
2026-01-03 17:15:01.714 | DEBUG    | androguard.core.axml:getAttributeNamespace:977 - 0
2026-01-03 17:15:01.714 | DEBUG    | androguard.core.axml:getAttributeUri:964 - 0
2026-01-03 17:15:01.714 | DEBUG    | androguard.core.axml:getAttributeName:993 - 0
2026-01-03 17:15:01.714 | DEBUG    | androguard.core.axml:getAttributeValueType:1020 - 0
2026-01-03 17:15:01.714 | DEBUG    | androguard.core.axml:getAttributeValueData:1031 - 0
2026-01-03 17:15:01.714 | DEBUG    | androguard.core.axml:getAttributeValue:1045 - 0
2026-01-03 17:15:01.714 | DEBUG    | androguard.core.axml:__init__:1188 - found an attribute: {http://schemas.android.com/apk/res/android}name='b'com.google.android.gms.phenotype.heterodyne_info.binarypb:com.google.android.gms.clearcut_client''
2026-01-03 17:15:01.714 | DEBUG    | androguard.core.axml:getAttributeNamespace:977 - 1
2026-01-03 17:15:01.714 | DEBUG    | androguard.core.axml:getAttributeUri:964 - 1
2026-01-03 17:15:01.714 | DEBUG    | androguard.core.axml:getAttributeName:993 - 1
2026-01-03 17:15:01.714 | DEBUG    | androguard.core.axml:getAttributeValueType:1020 - 1
2026-01-03 17:15:01.714 | DEBUG    | androguard.core.axml:getAttributeValueData:1031 - 1
2026-01-03 17:15:01.714 | DEBUG    | androguard.core.axml:__init__:1188 - found an attribute: {http://schemas.android.com/apk/res/android}resource='b'@7F130006''
2026-01-03 17:15:01.714 | DEBUG    | androguard.core.axml:is_valid:575 - True
2026-01-03 17:15:01.714 | DEBUG    | androguard.core.axml:_do_next:593 - M_EVENT 2
2026-01-03 17:15:01.714 | DEBUG    | androguard.core.axml:_do_next:609 - NEXT HEADER <ARSCHeader idx='0x00002864' type='259' header_size='16' size='24'>
2026-01-03 17:15:01.714 | DEBUG    | androguard.core.axml:__init__:1139 - DEBUG ARSC TYPE 3
2026-01-03 17:15:01.714 | DEBUG    | androguard.core.axml:is_valid:575 - True
2026-01-03 17:15:01.714 | DEBUG    | androguard.core.axml:_do_next:593 - M_EVENT 3
2026-01-03 17:15:01.714 | DEBUG    | androguard.core.axml:_do_next:609 - NEXT HEADER <ARSCHeader idx='0x0000287c' type='258' header_size='16' size='76'>
2026-01-03 17:15:01.715 | DEBUG    | androguard.core.axml:__init__:1139 - DEBUG ARSC TYPE 2
2026-01-03 17:15:01.715 | DEBUG    | androguard.core.axml:__init__:1160 - START_TAG: meta-data (line=70)
2026-01-03 17:15:01.715 | DEBUG    | androguard.core.axml:getAttributeNamespace:977 - 0
2026-01-03 17:15:01.715 | DEBUG    | androguard.core.axml:getAttributeUri:964 - 0
2026-01-03 17:15:01.715 | DEBUG    | androguard.core.axml:getAttributeName:993 - 0
2026-01-03 17:15:01.715 | DEBUG    | androguard.core.axml:getAttributeValueType:1020 - 0
2026-01-03 17:15:01.715 | DEBUG    | androguard.core.axml:getAttributeValueData:1031 - 0
2026-01-03 17:15:01.715 | DEBUG    | androguard.core.axml:getAttributeValue:1045 - 0
2026-01-03 17:15:01.715 | DEBUG    | androguard.core.axml:__init__:1188 - found an attribute: {http://schemas.android.com/apk/res/android}name='b'com.google.android.gms.phenotype.registration.binarypb:com.google.android.gms.clearcut_client''
2026-01-03 17:15:01.715 | DEBUG    | androguard.core.axml:getAttributeNamespace:977 - 1
2026-01-03 17:15:01.715 | DEBUG    | androguard.core.axml:getAttributeUri:964 - 1
2026-01-03 17:15:01.715 | DEBUG    | androguard.core.axml:getAttributeName:993 - 1
2026-01-03 17:15:01.715 | DEBUG    | androguard.core.axml:getAttributeValueType:1020 - 1
2026-01-03 17:15:01.715 | DEBUG    | androguard.core.axml:getAttributeValueData:1031 - 1
2026-01-03 17:15:01.715 | DEBUG    | androguard.core.axml:__init__:1188 - found an attribute: {http://schemas.android.com/apk/res/android}resource='b'@7F130007''
2026-01-03 17:15:01.715 | DEBUG    | androguard.core.axml:is_valid:575 - True
2026-01-03 17:15:01.715 | DEBUG    | androguard.core.axml:_do_next:593 - M_EVENT 2
2026-01-03 17:15:01.715 | DEBUG    | androguard.core.axml:_do_next:609 - NEXT HEADER <ARSCHeader idx='0x000028c8' type='259' header_size='16' size='24'>
2026-01-03 17:15:01.715 | DEBUG    | androguard.core.axml:__init__:1139 - DEBUG ARSC TYPE 3
2026-01-03 17:15:01.715 | DEBUG    | androguard.core.axml:is_valid:575 - True
2026-01-03 17:15:01.715 | DEBUG    | androguard.core.axml:_do_next:593 - M_EVENT 3
2026-01-03 17:15:01.715 | DEBUG    | androguard.core.axml:_do_next:609 - NEXT HEADER <ARSCHeader idx='0x000028e0' type='258' header_size='16' size='76'>
2026-01-03 17:15:01.715 | DEBUG    | androguard.core.axml:__init__:1139 - DEBUG ARSC TYPE 2
2026-01-03 17:15:01.715 | DEBUG    | androguard.core.axml:__init__:1160 - START_TAG: meta-data (line=73)
2026-01-03 17:15:01.715 | DEBUG    | androguard.core.axml:getAttributeNamespace:977 - 0
2026-01-03 17:15:01.715 | DEBUG    | androguard.core.axml:getAttributeUri:964 - 0
2026-01-03 17:15:01.715 | DEBUG    | androguard.core.axml:getAttributeName:993 - 0
2026-01-03 17:15:01.715 | DEBUG    | androguard.core.axml:getAttributeValueType:1020 - 0
2026-01-03 17:15:01.715 | DEBUG    | androguard.core.axml:getAttributeValueData:1031 - 0
2026-01-03 17:15:01.715 | DEBUG    | androguard.core.axml:getAttributeValue:1045 - 0
2026-01-03 17:15:01.715 | DEBUG    | androguard.core.axml:__init__:1188 - found an attribute: {http://schemas.android.com/apk/res/android}name='b'com.google.android.gms.phenotype.heterodyne_info.binarypb:com.google.android.libraries.consentverifier''
2026-01-03 17:15:01.715 | DEBUG    | androguard.core.axml:getAttributeNamespace:977 - 1
2026-01-03 17:15:01.715 | DEBUG    | androguard.core.axml:getAttributeUri:964 - 1
2026-01-03 17:15:01.715 | DEBUG    | androguard.core.axml:getAttributeName:993 - 1
2026-01-03 17:15:01.715 | DEBUG    | androguard.core.axml:getAttributeValueType:1020 - 1
2026-01-03 17:15:01.715 | DEBUG    | androguard.core.axml:getAttributeValueData:1031 - 1
2026-01-03 17:15:01.715 | DEBUG    | androguard.core.axml:__init__:1188 - found an attribute: {http://schemas.android.com/apk/res/android}resource='b'@7F130009''
2026-01-03 17:15:01.715 | DEBUG    | androguard.core.axml:is_valid:575 - True
2026-01-03 17:15:01.715 | DEBUG    | androguard.core.axml:_do_next:593 - M_EVENT 2
2026-01-03 17:15:01.715 | DEBUG    | androguard.core.axml:_do_next:609 - NEXT HEADER <ARSCHeader idx='0x0000292c' type='259' header_size='16' size='24'>
2026-01-03 17:15:01.715 | DEBUG    | androguard.core.axml:__init__:1139 - DEBUG ARSC TYPE 3
2026-01-03 17:15:01.715 | DEBUG    | androguard.core.axml:is_valid:575 - True
2026-01-03 17:15:01.715 | DEBUG    | androguard.core.axml:_do_next:593 - M_EVENT 3
2026-01-03 17:15:01.715 | DEBUG    | androguard.core.axml:_do_next:609 - NEXT HEADER <ARSCHeader idx='0x00002944' type='258' header_size='16' size='76'>
2026-01-03 17:15:01.715 | DEBUG    | androguard.core.axml:__init__:1139 - DEBUG ARSC TYPE 2
2026-01-03 17:15:01.715 | DEBUG    | androguard.core.axml:__init__:1160 - START_TAG: meta-data (line=76)
2026-01-03 17:15:01.715 | DEBUG    | androguard.core.axml:getAttributeNamespace:977 - 0
2026-01-03 17:15:01.715 | DEBUG    | androguard.core.axml:getAttributeUri:964 - 0
2026-01-03 17:15:01.715 | DEBUG    | androguard.core.axml:getAttributeName:993 - 0
2026-01-03 17:15:01.715 | DEBUG    | androguard.core.axml:getAttributeValueType:1020 - 0
2026-01-03 17:15:01.715 | DEBUG    | androguard.core.axml:getAttributeValueData:1031 - 0
2026-01-03 17:15:01.715 | DEBUG    | androguard.core.axml:getAttributeValue:1045 - 0
2026-01-03 17:15:01.716 | DEBUG    | androguard.core.axml:__init__:1188 - found an attribute: {http://schemas.android.com/apk/res/android}name='b'com.google.android.gms.phenotype.registration.binarypb:com.google.android.libraries.consentverifier''
2026-01-03 17:15:01.716 | DEBUG    | androguard.core.axml:getAttributeNamespace:977 - 1
2026-01-03 17:15:01.716 | DEBUG    | androguard.core.axml:getAttributeUri:964 - 1
2026-01-03 17:15:01.716 | DEBUG    | androguard.core.axml:getAttributeName:993 - 1
2026-01-03 17:15:01.716 | DEBUG    | androguard.core.axml:getAttributeValueType:1020 - 1
2026-01-03 17:15:01.716 | DEBUG    | androguard.core.axml:getAttributeValueData:1031 - 1
2026-01-03 17:15:01.716 | DEBUG    | androguard.core.axml:__init__:1188 - found an attribute: {http://schemas.android.com/apk/res/android}resource='b'@7F13000A''
2026-01-03 17:15:01.716 | DEBUG    | androguard.core.axml:is_valid:575 - True
2026-01-03 17:15:01.716 | DEBUG    | androguard.core.axml:_do_next:593 - M_EVENT 2
2026-01-03 17:15:01.716 | DEBUG    | androguard.core.axml:_do_next:609 - NEXT HEADER <ARSCHeader idx='0x00002990' type='259' header_size='16' size='24'>
2026-01-03 17:15:01.716 | DEBUG    | androguard.core.axml:__init__:1139 - DEBUG ARSC TYPE 3
2026-01-03 17:15:01.716 | DEBUG    | androguard.core.axml:is_valid:575 - True
2026-01-03 17:15:01.716 | DEBUG    | androguard.core.axml:_do_next:593 - M_EVENT 3
2026-01-03 17:15:01.716 | DEBUG    | androguard.core.axml:_do_next:609 - NEXT HEADER <ARSCHeader idx='0x000029a8' type='258' header_size='16' size='76'>
2026-01-03 17:15:01.716 | DEBUG    | androguard.core.axml:__init__:1139 - DEBUG ARSC TYPE 2
2026-01-03 17:15:01.716 | DEBUG    | androguard.core.axml:__init__:1160 - START_TAG: meta-data (line=79)
2026-01-03 17:15:01.716 | DEBUG    | androguard.core.axml:getAttributeNamespace:977 - 0
2026-01-03 17:15:01.716 | DEBUG    | androguard.core.axml:getAttributeUri:964 - 0
2026-01-03 17:15:01.716 | DEBUG    | androguard.core.axml:getAttributeName:993 - 0
2026-01-03 17:15:01.716 | DEBUG    | androguard.core.axml:getAttributeValueType:1020 - 0
2026-01-03 17:15:01.716 | DEBUG    | androguard.core.axml:getAttributeValueData:1031 - 0
2026-01-03 17:15:01.716 | DEBUG    | androguard.core.axml:getAttributeValue:1045 - 0
2026-01-03 17:15:01.716 | DEBUG    | androguard.core.axml:__init__:1188 - found an attribute: {http://schemas.android.com/apk/res/android}name='b'com.google.android.gms.phenotype.heterodyne_info.binarypb:com.google.android.gms.usagereporting''
2026-01-03 17:15:01.716 | DEBUG    | androguard.core.axml:getAttributeNamespace:977 - 1
2026-01-03 17:15:01.716 | DEBUG    | androguard.core.axml:getAttributeUri:964 - 1
2026-01-03 17:15:01.716 | DEBUG    | androguard.core.axml:getAttributeName:993 - 1
2026-01-03 17:15:01.716 | DEBUG    | androguard.core.axml:getAttributeValueType:1020 - 1
2026-01-03 17:15:01.716 | DEBUG    | androguard.core.axml:getAttributeValueData:1031 - 1
2026-01-03 17:15:01.716 | DEBUG    | androguard.core.axml:__init__:1188 - found an attribute: {http://schemas.android.com/apk/res/android}resource='b'@7F130008''
2026-01-03 17:15:01.716 | DEBUG    | androguard.core.axml:is_valid:575 - True
2026-01-03 17:15:01.716 | DEBUG    | androguard.core.axml:_do_next:593 - M_EVENT 2
2026-01-03 17:15:01.716 | DEBUG    | androguard.core.axml:_do_next:609 - NEXT HEADER <ARSCHeader idx='0x000029f4' type='259' header_size='16' size='24'>
2026-01-03 17:15:01.716 | DEBUG    | androguard.core.axml:__init__:1139 - DEBUG ARSC TYPE 3
2026-01-03 17:15:01.716 | DEBUG    | androguard.core.axml:is_valid:575 - True
2026-01-03 17:15:01.716 | DEBUG    | androguard.core.axml:_do_next:593 - M_EVENT 3
2026-01-03 17:15:01.716 | DEBUG    | androguard.core.axml:_do_next:609 - NEXT HEADER <ARSCHeader idx='0x00002a0c' type='258' header_size='16' size='76'>
2026-01-03 17:15:01.716 | DEBUG    | androguard.core.axml:__init__:1139 - DEBUG ARSC TYPE 2
2026-01-03 17:15:01.716 | DEBUG    | androguard.core.axml:__init__:1160 - START_TAG: meta-data (line=82)
2026-01-03 17:15:01.716 | DEBUG    | androguard.core.axml:getAttributeNamespace:977 - 0
2026-01-03 17:15:01.716 | DEBUG    | androguard.core.axml:getAttributeUri:964 - 0
2026-01-03 17:15:01.716 | DEBUG    | androguard.core.axml:getAttributeName:993 - 0
2026-01-03 17:15:01.716 | DEBUG    | androguard.core.axml:getAttributeValueType:1020 - 0
2026-01-03 17:15:01.716 | DEBUG    | androguard.core.axml:getAttributeValueData:1031 - 0
2026-01-03 17:15:01.716 | DEBUG    | androguard.core.axml:getAttributeValue:1045 - 0
2026-01-03 17:15:01.716 | DEBUG    | androguard.core.axml:__init__:1188 - found an attribute: {http://schemas.android.com/apk/res/android}name='b'com.google.android.gms.phenotype.heterodyne_info.binarypb:com.google.android.libraries.performance.primes''
2026-01-03 17:15:01.716 | DEBUG    | androguard.core.axml:getAttributeNamespace:977 - 1
2026-01-03 17:15:01.716 | DEBUG    | androguard.core.axml:getAttributeUri:964 - 1
2026-01-03 17:15:01.716 | DEBUG    | androguard.core.axml:getAttributeName:993 - 1
2026-01-03 17:15:01.716 | DEBUG    | androguard.core.axml:getAttributeValueType:1020 - 1
2026-01-03 17:15:01.716 | DEBUG    | androguard.core.axml:getAttributeValueData:1031 - 1
2026-01-03 17:15:01.716 | DEBUG    | androguard.core.axml:__init__:1188 - found an attribute: {http://schemas.android.com/apk/res/android}resource='b'@7F13000B''
2026-01-03 17:15:01.716 | DEBUG    | androguard.core.axml:is_valid:575 - True
2026-01-03 17:15:01.716 | DEBUG    | androguard.core.axml:_do_next:593 - M_EVENT 2
2026-01-03 17:15:01.716 | DEBUG    | androguard.core.axml:_do_next:609 - NEXT HEADER <ARSCHeader idx='0x00002a58' type='259' header_size='16' size='24'>
2026-01-03 17:15:01.716 | DEBUG    | androguard.core.axml:__init__:1139 - DEBUG ARSC TYPE 3
2026-01-03 17:15:01.716 | DEBUG    | androguard.core.axml:is_valid:575 - True
2026-01-03 17:15:01.716 | DEBUG    | androguard.core.axml:_do_next:593 - M_EVENT 3
2026-01-03 17:15:01.716 | DEBUG    | androguard.core.axml:_do_next:609 - NEXT HEADER <ARSCHeader idx='0x00002a70' type='258' header_size='16' size='76'>
2026-01-03 17:15:01.717 | DEBUG    | androguard.core.axml:__init__:1139 - DEBUG ARSC TYPE 2
2026-01-03 17:15:01.717 | DEBUG    | androguard.core.axml:__init__:1160 - START_TAG: meta-data (line=85)
2026-01-03 17:15:01.717 | DEBUG    | androguard.core.axml:getAttributeNamespace:977 - 0
2026-01-03 17:15:01.717 | DEBUG    | androguard.core.axml:getAttributeUri:964 - 0
2026-01-03 17:15:01.717 | DEBUG    | androguard.core.axml:getAttributeName:993 - 0
2026-01-03 17:15:01.717 | DEBUG    | androguard.core.axml:getAttributeValueType:1020 - 0
2026-01-03 17:15:01.717 | DEBUG    | androguard.core.axml:getAttributeValueData:1031 - 0
2026-01-03 17:15:01.717 | DEBUG    | androguard.core.axml:getAttributeValue:1045 - 0
2026-01-03 17:15:01.717 | DEBUG    | androguard.core.axml:__init__:1188 - found an attribute: {http://schemas.android.com/apk/res/android}name='b'com.google.android.gms.phenotype.registration.binarypb:com.google.android.libraries.performance.primes''
2026-01-03 17:15:01.717 | DEBUG    | androguard.core.axml:getAttributeNamespace:977 - 1
2026-01-03 17:15:01.717 | DEBUG    | androguard.core.axml:getAttributeUri:964 - 1
2026-01-03 17:15:01.717 | DEBUG    | androguard.core.axml:getAttributeName:993 - 1
2026-01-03 17:15:01.717 | DEBUG    | androguard.core.axml:getAttributeValueType:1020 - 1
2026-01-03 17:15:01.717 | DEBUG    | androguard.core.axml:getAttributeValueData:1031 - 1
2026-01-03 17:15:01.717 | DEBUG    | androguard.core.axml:__init__:1188 - found an attribute: {http://schemas.android.com/apk/res/android}resource='b'@7F13000C''
2026-01-03 17:15:01.717 | DEBUG    | androguard.core.axml:is_valid:575 - True
2026-01-03 17:15:01.717 | DEBUG    | androguard.core.axml:_do_next:593 - M_EVENT 2
2026-01-03 17:15:01.717 | DEBUG    | androguard.core.axml:_do_next:609 - NEXT HEADER <ARSCHeader idx='0x00002abc' type='259' header_size='16' size='24'>
2026-01-03 17:15:01.717 | DEBUG    | androguard.core.axml:__init__:1139 - DEBUG ARSC TYPE 3
2026-01-03 17:15:01.717 | DEBUG    | androguard.core.axml:is_valid:575 - True
2026-01-03 17:15:01.717 | DEBUG    | androguard.core.axml:_do_next:593 - M_EVENT 3
2026-01-03 17:15:01.717 | DEBUG    | androguard.core.axml:_do_next:609 - NEXT HEADER <ARSCHeader idx='0x00002ad4' type='259' header_size='16' size='24'>
2026-01-03 17:15:01.717 | DEBUG    | androguard.core.axml:__init__:1139 - DEBUG ARSC TYPE 3
2026-01-03 17:15:01.717 | DEBUG    | androguard.core.axml:is_valid:575 - True
2026-01-03 17:15:01.717 | DEBUG    | androguard.core.axml:_do_next:593 - M_EVENT 3
2026-01-03 17:15:01.717 | DEBUG    | androguard.core.axml:_do_next:609 - NEXT HEADER <ARSCHeader idx='0x00002aec' type='258' header_size='16' size='76'>
2026-01-03 17:15:01.717 | DEBUG    | androguard.core.axml:__init__:1139 - DEBUG ARSC TYPE 2
2026-01-03 17:15:01.717 | DEBUG    | androguard.core.axml:__init__:1160 - START_TAG: meta-data (line=89)
2026-01-03 17:15:01.717 | DEBUG    | androguard.core.axml:getAttributeNamespace:977 - 0
2026-01-03 17:15:01.717 | DEBUG    | androguard.core.axml:getAttributeUri:964 - 0
2026-01-03 17:15:01.717 | DEBUG    | androguard.core.axml:getAttributeName:993 - 0
2026-01-03 17:15:01.717 | DEBUG    | androguard.core.axml:getAttributeValueType:1020 - 0
2026-01-03 17:15:01.717 | DEBUG    | androguard.core.axml:getAttributeValueData:1031 - 0
2026-01-03 17:15:01.717 | DEBUG    | androguard.core.axml:getAttributeValue:1045 - 0
2026-01-03 17:15:01.717 | DEBUG    | androguard.core.axml:__init__:1188 - found an attribute: {http://schemas.android.com/apk/res/android}name='b'com.google.android.gms.phenotype.registration.xml:com.google.android.calculator''
2026-01-03 17:15:01.717 | DEBUG    | androguard.core.axml:getAttributeNamespace:977 - 1
2026-01-03 17:15:01.717 | DEBUG    | androguard.core.axml:getAttributeUri:964 - 1
2026-01-03 17:15:01.717 | DEBUG    | androguard.core.axml:getAttributeName:993 - 1
2026-01-03 17:15:01.717 | DEBUG    | androguard.core.axml:getAttributeValueType:1020 - 1
2026-01-03 17:15:01.717 | DEBUG    | androguard.core.axml:getAttributeValueData:1031 - 1
2026-01-03 17:15:01.717 | DEBUG    | androguard.core.axml:__init__:1188 - found an attribute: {http://schemas.android.com/apk/res/android}resource='b'@7F170005''
2026-01-03 17:15:01.717 | DEBUG    | androguard.core.axml:is_valid:575 - True
2026-01-03 17:15:01.717 | DEBUG    | androguard.core.axml:_do_next:593 - M_EVENT 2
2026-01-03 17:15:01.717 | DEBUG    | androguard.core.axml:_do_next:609 - NEXT HEADER <ARSCHeader idx='0x00002b38' type='259' header_size='16' size='24'>
2026-01-03 17:15:01.717 | DEBUG    | androguard.core.axml:__init__:1139 - DEBUG ARSC TYPE 3
2026-01-03 17:15:01.717 | DEBUG    | androguard.core.axml:is_valid:575 - True
2026-01-03 17:15:01.717 | DEBUG    | androguard.core.axml:_do_next:593 - M_EVENT 3
2026-01-03 17:15:01.717 | DEBUG    | androguard.core.axml:_do_next:609 - NEXT HEADER <ARSCHeader idx='0x00002b50' type='258' header_size='16' size='76'>
2026-01-03 17:15:01.717 | DEBUG    | androguard.core.axml:__init__:1139 - DEBUG ARSC TYPE 2
2026-01-03 17:15:01.717 | DEBUG    | androguard.core.axml:__init__:1160 - START_TAG: meta-data (line=92)
2026-01-03 17:15:01.717 | DEBUG    | androguard.core.axml:getAttributeNamespace:977 - 0
2026-01-03 17:15:01.717 | DEBUG    | androguard.core.axml:getAttributeUri:964 - 0
2026-01-03 17:15:01.717 | DEBUG    | androguard.core.axml:getAttributeName:993 - 0
2026-01-03 17:15:01.717 | DEBUG    | androguard.core.axml:getAttributeValueType:1020 - 0
2026-01-03 17:15:01.717 | DEBUG    | androguard.core.axml:getAttributeValueData:1031 - 0
2026-01-03 17:15:01.717 | DEBUG    | androguard.core.axml:getAttributeValue:1045 - 0
2026-01-03 17:15:01.717 | DEBUG    | androguard.core.axml:__init__:1188 - found an attribute: {http://schemas.android.com/apk/res/android}name='b'com.google.android.gms.phenotype.registration.xml:com.google.android.gms.clearcut_client''
2026-01-03 17:15:01.717 | DEBUG    | androguard.core.axml:getAttributeNamespace:977 - 1
2026-01-03 17:15:01.718 | DEBUG    | androguard.core.axml:getAttributeUri:964 - 1
2026-01-03 17:15:01.718 | DEBUG    | androguard.core.axml:getAttributeName:993 - 1
2026-01-03 17:15:01.718 | DEBUG    | androguard.core.axml:getAttributeValueType:1020 - 1
2026-01-03 17:15:01.718 | DEBUG    | androguard.core.axml:getAttributeValueData:1031 - 1
2026-01-03 17:15:01.718 | DEBUG    | androguard.core.axml:__init__:1188 - found an attribute: {http://schemas.android.com/apk/res/android}resource='b'@7F170006''
2026-01-03 17:15:01.718 | DEBUG    | androguard.core.axml:is_valid:575 - True
2026-01-03 17:15:01.718 | DEBUG    | androguard.core.axml:_do_next:593 - M_EVENT 2
2026-01-03 17:15:01.718 | DEBUG    | androguard.core.axml:_do_next:609 - NEXT HEADER <ARSCHeader idx='0x00002b9c' type='259' header_size='16' size='24'>
2026-01-03 17:15:01.718 | DEBUG    | androguard.core.axml:__init__:1139 - DEBUG ARSC TYPE 3
2026-01-03 17:15:01.718 | DEBUG    | androguard.core.axml:is_valid:575 - True
2026-01-03 17:15:01.718 | DEBUG    | androguard.core.axml:_do_next:593 - M_EVENT 3
2026-01-03 17:15:01.718 | DEBUG    | androguard.core.axml:_do_next:609 - NEXT HEADER <ARSCHeader idx='0x00002bb4' type='258' header_size='16' size='76'>
2026-01-03 17:15:01.718 | DEBUG    | androguard.core.axml:__init__:1139 - DEBUG ARSC TYPE 2
2026-01-03 17:15:01.718 | DEBUG    | androguard.core.axml:__init__:1160 - START_TAG: meta-data (line=95)
2026-01-03 17:15:01.718 | DEBUG    | androguard.core.axml:getAttributeNamespace:977 - 0
2026-01-03 17:15:01.718 | DEBUG    | androguard.core.axml:getAttributeUri:964 - 0
2026-01-03 17:15:01.718 | DEBUG    | androguard.core.axml:getAttributeName:993 - 0
2026-01-03 17:15:01.718 | DEBUG    | androguard.core.axml:getAttributeValueType:1020 - 0
2026-01-03 17:15:01.718 | DEBUG    | androguard.core.axml:getAttributeValueData:1031 - 0
2026-01-03 17:15:01.718 | DEBUG    | androguard.core.axml:getAttributeValue:1045 - 0
2026-01-03 17:15:01.718 | DEBUG    | androguard.core.axml:__init__:1188 - found an attribute: {http://schemas.android.com/apk/res/android}name='b'com.google.android.gms.phenotype.registration.xml:com.google.android.libraries.consentverifier''
2026-01-03 17:15:01.718 | DEBUG    | androguard.core.axml:getAttributeNamespace:977 - 1
2026-01-03 17:15:01.718 | DEBUG    | androguard.core.axml:getAttributeUri:964 - 1
2026-01-03 17:15:01.718 | DEBUG    | androguard.core.axml:getAttributeName:993 - 1
2026-01-03 17:15:01.718 | DEBUG    | androguard.core.axml:getAttributeValueType:1020 - 1
2026-01-03 17:15:01.718 | DEBUG    | androguard.core.axml:getAttributeValueData:1031 - 1
2026-01-03 17:15:01.718 | DEBUG    | androguard.core.axml:__init__:1188 - found an attribute: {http://schemas.android.com/apk/res/android}resource='b'@7F170007''
2026-01-03 17:15:01.718 | DEBUG    | androguard.core.axml:is_valid:575 - True
2026-01-03 17:15:01.718 | DEBUG    | androguard.core.axml:_do_next:593 - M_EVENT 2
2026-01-03 17:15:01.718 | DEBUG    | androguard.core.axml:_do_next:609 - NEXT HEADER <ARSCHeader idx='0x00002c00' type='259' header_size='16' size='24'>
2026-01-03 17:15:01.718 | DEBUG    | androguard.core.axml:__init__:1139 - DEBUG ARSC TYPE 3
2026-01-03 17:15:01.718 | DEBUG    | androguard.core.axml:is_valid:575 - True
2026-01-03 17:15:01.718 | DEBUG    | androguard.core.axml:_do_next:593 - M_EVENT 3
2026-01-03 17:15:01.718 | DEBUG    | androguard.core.axml:_do_next:609 - NEXT HEADER <ARSCHeader idx='0x00002c18' type='258' header_size='16' size='76'>
2026-01-03 17:15:01.718 | DEBUG    | androguard.core.axml:__init__:1139 - DEBUG ARSC TYPE 2
2026-01-03 17:15:01.718 | DEBUG    | androguard.core.axml:__init__:1160 - START_TAG: meta-data (line=98)
2026-01-03 17:15:01.718 | DEBUG    | androguard.core.axml:getAttributeNamespace:977 - 0
2026-01-03 17:15:01.718 | DEBUG    | androguard.core.axml:getAttributeUri:964 - 0
2026-01-03 17:15:01.718 | DEBUG    | androguard.core.axml:getAttributeName:993 - 0
2026-01-03 17:15:01.718 | DEBUG    | androguard.core.axml:getAttributeValueType:1020 - 0
2026-01-03 17:15:01.718 | DEBUG    | androguard.core.axml:getAttributeValueData:1031 - 0
2026-01-03 17:15:01.718 | DEBUG    | androguard.core.axml:getAttributeValue:1045 - 0
2026-01-03 17:15:01.718 | DEBUG    | androguard.core.axml:__init__:1188 - found an attribute: {http://schemas.android.com/apk/res/android}name='b'com.google.android.gms.phenotype.registration.xml:com.google.android.libraries.performance.primes''
2026-01-03 17:15:01.718 | DEBUG    | androguard.core.axml:getAttributeNamespace:977 - 1
2026-01-03 17:15:01.718 | DEBUG    | androguard.core.axml:getAttributeUri:964 - 1
2026-01-03 17:15:01.718 | DEBUG    | androguard.core.axml:getAttributeName:993 - 1
2026-01-03 17:15:01.718 | DEBUG    | androguard.core.axml:getAttributeValueType:1020 - 1
2026-01-03 17:15:01.718 | DEBUG    | androguard.core.axml:getAttributeValueData:1031 - 1
2026-01-03 17:15:01.718 | DEBUG    | androguard.core.axml:__init__:1188 - found an attribute: {http://schemas.android.com/apk/res/android}resource='b'@7F170008''
2026-01-03 17:15:01.718 | DEBUG    | androguard.core.axml:is_valid:575 - True
2026-01-03 17:15:01.718 | DEBUG    | androguard.core.axml:_do_next:593 - M_EVENT 2
2026-01-03 17:15:01.718 | DEBUG    | androguard.core.axml:_do_next:609 - NEXT HEADER <ARSCHeader idx='0x00002c64' type='259' header_size='16' size='24'>
2026-01-03 17:15:01.718 | DEBUG    | androguard.core.axml:__init__:1139 - DEBUG ARSC TYPE 3
2026-01-03 17:15:01.718 | DEBUG    | androguard.core.axml:is_valid:575 - True
2026-01-03 17:15:01.718 | DEBUG    | androguard.core.axml:_do_next:593 - M_EVENT 3
2026-01-03 17:15:01.718 | DEBUG    | androguard.core.axml:_do_next:609 - NEXT HEADER <ARSCHeader idx='0x00002c7c' type='258' header_size='16' size='96'>
2026-01-03 17:15:01.718 | DEBUG    | androguard.core.axml:__init__:1139 - DEBUG ARSC TYPE 2
2026-01-03 17:15:01.718 | DEBUG    | androguard.core.axml:__init__:1160 - START_TAG: activity (line=102)
2026-01-03 17:15:01.718 | DEBUG    | androguard.core.axml:getAttributeNamespace:977 - 0
2026-01-03 17:15:01.719 | DEBUG    | androguard.core.axml:getAttributeUri:964 - 0
2026-01-03 17:15:01.719 | DEBUG    | androguard.core.axml:getAttributeName:993 - 0
2026-01-03 17:15:01.719 | DEBUG    | androguard.core.axml:getAttributeValueType:1020 - 0
2026-01-03 17:15:01.719 | DEBUG    | androguard.core.axml:getAttributeValueData:1031 - 0
2026-01-03 17:15:01.719 | DEBUG    | androguard.core.axml:__init__:1188 - found an attribute: {http://schemas.android.com/apk/res/android}theme='b'@android:01030010''
2026-01-03 17:15:01.719 | DEBUG    | androguard.core.axml:getAttributeNamespace:977 - 1
2026-01-03 17:15:01.719 | DEBUG    | androguard.core.axml:getAttributeUri:964 - 1
2026-01-03 17:15:01.719 | DEBUG    | androguard.core.axml:getAttributeName:993 - 1
2026-01-03 17:15:01.719 | DEBUG    | androguard.core.axml:getAttributeValueType:1020 - 1
2026-01-03 17:15:01.719 | DEBUG    | androguard.core.axml:getAttributeValueData:1031 - 1
2026-01-03 17:15:01.719 | DEBUG    | androguard.core.axml:getAttributeValue:1045 - 1
2026-01-03 17:15:01.719 | DEBUG    | androguard.core.axml:__init__:1188 - found an attribute: {http://schemas.android.com/apk/res/android}name='b'com.google.android.gms.common.api.GoogleApiActivity''
2026-01-03 17:15:01.719 | DEBUG    | androguard.core.axml:getAttributeNamespace:977 - 2
2026-01-03 17:15:01.719 | DEBUG    | androguard.core.axml:getAttributeUri:964 - 2
2026-01-03 17:15:01.719 | DEBUG    | androguard.core.axml:getAttributeName:993 - 2
2026-01-03 17:15:01.719 | DEBUG    | androguard.core.axml:getAttributeValueType:1020 - 2
2026-01-03 17:15:01.719 | DEBUG    | androguard.core.axml:getAttributeValueData:1031 - 2
2026-01-03 17:15:01.719 | DEBUG    | androguard.core.axml:__init__:1188 - found an attribute: {http://schemas.android.com/apk/res/android}exported='b'false''
2026-01-03 17:15:01.719 | DEBUG    | androguard.core.axml:is_valid:575 - True
2026-01-03 17:15:01.719 | DEBUG    | androguard.core.axml:_do_next:593 - M_EVENT 2
2026-01-03 17:15:01.719 | DEBUG    | androguard.core.axml:_do_next:609 - NEXT HEADER <ARSCHeader idx='0x00002cdc' type='259' header_size='16' size='24'>
2026-01-03 17:15:01.719 | DEBUG    | androguard.core.axml:__init__:1139 - DEBUG ARSC TYPE 3
2026-01-03 17:15:01.719 | DEBUG    | androguard.core.axml:is_valid:575 - True
2026-01-03 17:15:01.719 | DEBUG    | androguard.core.axml:_do_next:593 - M_EVENT 3
2026-01-03 17:15:01.719 | DEBUG    | androguard.core.axml:_do_next:609 - NEXT HEADER <ARSCHeader idx='0x00002cf4' type='258' header_size='16' size='76'>
2026-01-03 17:15:01.719 | DEBUG    | androguard.core.axml:__init__:1139 - DEBUG ARSC TYPE 2
2026-01-03 17:15:01.719 | DEBUG    | androguard.core.axml:__init__:1160 - START_TAG: meta-data (line=107)
2026-01-03 17:15:01.719 | DEBUG    | androguard.core.axml:getAttributeNamespace:977 - 0
2026-01-03 17:15:01.719 | DEBUG    | androguard.core.axml:getAttributeUri:964 - 0
2026-01-03 17:15:01.719 | DEBUG    | androguard.core.axml:getAttributeName:993 - 0
2026-01-03 17:15:01.719 | DEBUG    | androguard.core.axml:getAttributeValueType:1020 - 0
2026-01-03 17:15:01.719 | DEBUG    | androguard.core.axml:getAttributeValueData:1031 - 0
2026-01-03 17:15:01.719 | DEBUG    | androguard.core.axml:getAttributeValue:1045 - 0
2026-01-03 17:15:01.719 | DEBUG    | androguard.core.axml:__init__:1188 - found an attribute: {http://schemas.android.com/apk/res/android}name='b'com.google.android.gms.version''
2026-01-03 17:15:01.719 | DEBUG    | androguard.core.axml:getAttributeNamespace:977 - 1
2026-01-03 17:15:01.719 | DEBUG    | androguard.core.axml:getAttributeUri:964 - 1
2026-01-03 17:15:01.719 | DEBUG    | androguard.core.axml:getAttributeName:993 - 1
2026-01-03 17:15:01.719 | DEBUG    | androguard.core.axml:getAttributeValueType:1020 - 1
2026-01-03 17:15:01.719 | DEBUG    | androguard.core.axml:getAttributeValueData:1031 - 1
2026-01-03 17:15:01.719 | DEBUG    | androguard.core.axml:__init__:1188 - found an attribute: {http://schemas.android.com/apk/res/android}value='b'@7F0C003C''
2026-01-03 17:15:01.719 | DEBUG    | androguard.core.axml:is_valid:575 - True
2026-01-03 17:15:01.719 | DEBUG    | androguard.core.axml:_do_next:593 - M_EVENT 2
2026-01-03 17:15:01.719 | DEBUG    | androguard.core.axml:_do_next:609 - NEXT HEADER <ARSCHeader idx='0x00002d40' type='259' header_size='16' size='24'>
2026-01-03 17:15:01.719 | DEBUG    | androguard.core.axml:__init__:1139 - DEBUG ARSC TYPE 3
2026-01-03 17:15:01.719 | DEBUG    | androguard.core.axml:is_valid:575 - True
2026-01-03 17:15:01.719 | DEBUG    | androguard.core.axml:_do_next:593 - M_EVENT 3
2026-01-03 17:15:01.719 | DEBUG    | androguard.core.axml:_do_next:609 - NEXT HEADER <ARSCHeader idx='0x00002d58' type='258' header_size='16' size='96'>
2026-01-03 17:15:01.719 | DEBUG    | androguard.core.axml:__init__:1139 - DEBUG ARSC TYPE 2
2026-01-03 17:15:01.719 | DEBUG    | androguard.core.axml:__init__:1160 - START_TAG: receiver (line=111)
2026-01-03 17:15:01.719 | DEBUG    | androguard.core.axml:getAttributeNamespace:977 - 0
2026-01-03 17:15:01.719 | DEBUG    | androguard.core.axml:getAttributeUri:964 - 0
2026-01-03 17:15:01.719 | DEBUG    | androguard.core.axml:getAttributeName:993 - 0
2026-01-03 17:15:01.719 | DEBUG    | androguard.core.axml:getAttributeValueType:1020 - 0
2026-01-03 17:15:01.719 | DEBUG    | androguard.core.axml:getAttributeValueData:1031 - 0
2026-01-03 17:15:01.719 | DEBUG    | androguard.core.axml:getAttributeValue:1045 - 0
2026-01-03 17:15:01.719 | DEBUG    | androguard.core.axml:__init__:1188 - found an attribute: {http://schemas.android.com/apk/res/android}name='b'com.google.android.libraries.performance.primes.transmitter.LifeboatReceiver''
2026-01-03 17:15:01.719 | DEBUG    | androguard.core.axml:getAttributeNamespace:977 - 1
2026-01-03 17:15:01.719 | DEBUG    | androguard.core.axml:getAttributeUri:964 - 1
2026-01-03 17:15:01.720 | DEBUG    | androguard.core.axml:getAttributeName:993 - 1
2026-01-03 17:15:01.720 | DEBUG    | androguard.core.axml:getAttributeValueType:1020 - 1
2026-01-03 17:15:01.720 | DEBUG    | androguard.core.axml:getAttributeValueData:1031 - 1
2026-01-03 17:15:01.720 | DEBUG    | androguard.core.axml:__init__:1188 - found an attribute: {http://schemas.android.com/apk/res/android}exported='b'false''
2026-01-03 17:15:01.720 | DEBUG    | androguard.core.axml:getAttributeNamespace:977 - 2
2026-01-03 17:15:01.720 | DEBUG    | androguard.core.axml:getAttributeUri:964 - 2
2026-01-03 17:15:01.720 | DEBUG    | androguard.core.axml:getAttributeName:993 - 2
2026-01-03 17:15:01.720 | DEBUG    | androguard.core.axml:getAttributeValueType:1020 - 2
2026-01-03 17:15:01.720 | DEBUG    | androguard.core.axml:getAttributeValueData:1031 - 2
2026-01-03 17:15:01.720 | DEBUG    | androguard.core.axml:getAttributeValue:1045 - 2
2026-01-03 17:15:01.720 | DEBUG    | androguard.core.axml:__init__:1188 - found an attribute: {http://schemas.android.com/apk/res/android}process='b':primes_lifeboat''
2026-01-03 17:15:01.720 | DEBUG    | androguard.core.axml:is_valid:575 - True
2026-01-03 17:15:01.720 | DEBUG    | androguard.core.axml:_do_next:593 - M_EVENT 2
2026-01-03 17:15:01.720 | DEBUG    | androguard.core.axml:_do_next:609 - NEXT HEADER <ARSCHeader idx='0x00002db8' type='259' header_size='16' size='24'>
2026-01-03 17:15:01.720 | DEBUG    | androguard.core.axml:__init__:1139 - DEBUG ARSC TYPE 3
2026-01-03 17:15:01.720 | DEBUG    | androguard.core.axml:is_valid:575 - True
2026-01-03 17:15:01.720 | DEBUG    | androguard.core.axml:_do_next:593 - M_EVENT 3
2026-01-03 17:15:01.720 | DEBUG    | androguard.core.axml:_do_next:609 - NEXT HEADER <ARSCHeader idx='0x00002dd0' type='258' header_size='16' size='96'>
2026-01-03 17:15:01.720 | DEBUG    | androguard.core.axml:__init__:1139 - DEBUG ARSC TYPE 2
2026-01-03 17:15:01.720 | DEBUG    | androguard.core.axml:__init__:1160 - START_TAG: receiver (line=115)
2026-01-03 17:15:01.720 | DEBUG    | androguard.core.axml:getAttributeNamespace:977 - 0
2026-01-03 17:15:01.720 | DEBUG    | androguard.core.axml:getAttributeUri:964 - 0
2026-01-03 17:15:01.720 | DEBUG    | androguard.core.axml:getAttributeName:993 - 0
2026-01-03 17:15:01.720 | DEBUG    | androguard.core.axml:getAttributeValueType:1020 - 0
2026-01-03 17:15:01.720 | DEBUG    | androguard.core.axml:getAttributeValueData:1031 - 0
2026-01-03 17:15:01.720 | DEBUG    | androguard.core.axml:getAttributeValue:1045 - 0
2026-01-03 17:15:01.720 | DEBUG    | androguard.core.axml:__init__:1188 - found an attribute: {http://schemas.android.com/apk/res/android}name='b'com.google.android.libraries.phenotype.client.stable.AccountRemovedBroadcastReceiver''
2026-01-03 17:15:01.720 | DEBUG    | androguard.core.axml:getAttributeNamespace:977 - 1
2026-01-03 17:15:01.720 | DEBUG    | androguard.core.axml:getAttributeUri:964 - 1
2026-01-03 17:15:01.720 | DEBUG    | androguard.core.axml:getAttributeName:993 - 1
2026-01-03 17:15:01.720 | DEBUG    | androguard.core.axml:getAttributeValueType:1020 - 1
2026-01-03 17:15:01.720 | DEBUG    | androguard.core.axml:getAttributeValueData:1031 - 1
2026-01-03 17:15:01.720 | DEBUG    | androguard.core.axml:__init__:1188 - found an attribute: {http://schemas.android.com/apk/res/android}exported='b'true''
2026-01-03 17:15:01.720 | DEBUG    | androguard.core.axml:getAttributeNamespace:977 - 2
2026-01-03 17:15:01.720 | DEBUG    | androguard.core.axml:getAttributeUri:964 - 2
2026-01-03 17:15:01.720 | DEBUG    | androguard.core.axml:getAttributeName:993 - 2
2026-01-03 17:15:01.720 | DEBUG    | androguard.core.axml:getAttributeValueType:1020 - 2
2026-01-03 17:15:01.720 | DEBUG    | androguard.core.axml:getAttributeValueData:1031 - 2
2026-01-03 17:15:01.720 | DEBUG    | androguard.core.axml:getAttributeValue:1045 - 2
2026-01-03 17:15:01.720 | DEBUG    | androguard.core.axml:__init__:1188 - found an attribute: {http://schemas.android.com/apk/res/android}process='b'''
2026-01-03 17:15:01.720 | DEBUG    | androguard.core.axml:is_valid:575 - True
2026-01-03 17:15:01.720 | DEBUG    | androguard.core.axml:_do_next:593 - M_EVENT 2
2026-01-03 17:15:01.720 | DEBUG    | androguard.core.axml:_do_next:609 - NEXT HEADER <ARSCHeader idx='0x00002e30' type='258' header_size='16' size='36'>
2026-01-03 17:15:01.720 | DEBUG    | androguard.core.axml:__init__:1139 - DEBUG ARSC TYPE 2
2026-01-03 17:15:01.720 | DEBUG    | androguard.core.axml:__init__:1160 - START_TAG: intent-filter (line=119)
2026-01-03 17:15:01.720 | DEBUG    | androguard.core.axml:is_valid:575 - True
2026-01-03 17:15:01.720 | DEBUG    | androguard.core.axml:_do_next:593 - M_EVENT 2
2026-01-03 17:15:01.720 | DEBUG    | androguard.core.axml:_do_next:609 - NEXT HEADER <ARSCHeader idx='0x00002e54' type='258' header_size='16' size='56'>
2026-01-03 17:15:01.720 | DEBUG    | androguard.core.axml:__init__:1139 - DEBUG ARSC TYPE 2
2026-01-03 17:15:01.720 | DEBUG    | androguard.core.axml:__init__:1160 - START_TAG: action (line=120)
2026-01-03 17:15:01.720 | DEBUG    | androguard.core.axml:getAttributeNamespace:977 - 0
2026-01-03 17:15:01.720 | DEBUG    | androguard.core.axml:getAttributeUri:964 - 0
2026-01-03 17:15:01.720 | DEBUG    | androguard.core.axml:getAttributeName:993 - 0
2026-01-03 17:15:01.720 | DEBUG    | androguard.core.axml:getAttributeValueType:1020 - 0
2026-01-03 17:15:01.720 | DEBUG    | androguard.core.axml:getAttributeValueData:1031 - 0
2026-01-03 17:15:01.720 | DEBUG    | androguard.core.axml:getAttributeValue:1045 - 0
2026-01-03 17:15:01.720 | DEBUG    | androguard.core.axml:__init__:1188 - found an attribute: {http://schemas.android.com/apk/res/android}name='b'android.accounts.action.ACCOUNT_REMOVED''
2026-01-03 17:15:01.720 | DEBUG    | androguard.core.axml:is_valid:575 - True
2026-01-03 17:15:01.720 | DEBUG    | androguard.core.axml:_do_next:593 - M_EVENT 2
2026-01-03 17:15:01.721 | DEBUG    | androguard.core.axml:_do_next:609 - NEXT HEADER <ARSCHeader idx='0x00002e8c' type='259' header_size='16' size='24'>
2026-01-03 17:15:01.721 | DEBUG    | androguard.core.axml:__init__:1139 - DEBUG ARSC TYPE 3
2026-01-03 17:15:01.721 | DEBUG    | androguard.core.axml:is_valid:575 - True
2026-01-03 17:15:01.721 | DEBUG    | androguard.core.axml:_do_next:593 - M_EVENT 3
2026-01-03 17:15:01.721 | DEBUG    | androguard.core.axml:_do_next:609 - NEXT HEADER <ARSCHeader idx='0x00002ea4' type='259' header_size='16' size='24'>
2026-01-03 17:15:01.721 | DEBUG    | androguard.core.axml:__init__:1139 - DEBUG ARSC TYPE 3
2026-01-03 17:15:01.721 | DEBUG    | androguard.core.axml:is_valid:575 - True
2026-01-03 17:15:01.721 | DEBUG    | androguard.core.axml:_do_next:593 - M_EVENT 3
2026-01-03 17:15:01.721 | DEBUG    | androguard.core.axml:_do_next:609 - NEXT HEADER <ARSCHeader idx='0x00002ebc' type='259' header_size='16' size='24'>
2026-01-03 17:15:01.721 | DEBUG    | androguard.core.axml:__init__:1139 - DEBUG ARSC TYPE 3
2026-01-03 17:15:01.721 | DEBUG    | androguard.core.axml:is_valid:575 - True
2026-01-03 17:15:01.721 | DEBUG    | androguard.core.axml:_do_next:593 - M_EVENT 3
2026-01-03 17:15:01.721 | DEBUG    | androguard.core.axml:_do_next:609 - NEXT HEADER <ARSCHeader idx='0x00002ed4' type='258' header_size='16' size='116'>
2026-01-03 17:15:01.721 | DEBUG    | androguard.core.axml:__init__:1139 - DEBUG ARSC TYPE 2
2026-01-03 17:15:01.721 | DEBUG    | androguard.core.axml:__init__:1160 - START_TAG: receiver (line=123)
2026-01-03 17:15:01.721 | DEBUG    | androguard.core.axml:getAttributeNamespace:977 - 0
2026-01-03 17:15:01.721 | DEBUG    | androguard.core.axml:getAttributeUri:964 - 0
2026-01-03 17:15:01.721 | DEBUG    | androguard.core.axml:getAttributeName:993 - 0
2026-01-03 17:15:01.721 | DEBUG    | androguard.core.axml:getAttributeValueType:1020 - 0
2026-01-03 17:15:01.721 | DEBUG    | androguard.core.axml:getAttributeValueData:1031 - 0
2026-01-03 17:15:01.721 | DEBUG    | androguard.core.axml:getAttributeValue:1045 - 0
2026-01-03 17:15:01.721 | DEBUG    | androguard.core.axml:__init__:1188 - found an attribute: {http://schemas.android.com/apk/res/android}name='b'com.google.android.libraries.phenotype.client.stable.PhenotypeUpdateBackgroundBroadcastReceiver''
2026-01-03 17:15:01.721 | DEBUG    | androguard.core.axml:getAttributeNamespace:977 - 1
2026-01-03 17:15:01.721 | DEBUG    | androguard.core.axml:getAttributeUri:964 - 1
2026-01-03 17:15:01.721 | DEBUG    | androguard.core.axml:getAttributeName:993 - 1
2026-01-03 17:15:01.721 | DEBUG    | androguard.core.axml:getAttributeValueType:1020 - 1
2026-01-03 17:15:01.721 | DEBUG    | androguard.core.axml:getAttributeValueData:1031 - 1
2026-01-03 17:15:01.721 | DEBUG    | androguard.core.axml:getAttributeValue:1045 - 1
2026-01-03 17:15:01.721 | DEBUG    | androguard.core.axml:__init__:1188 - found an attribute: {http://schemas.android.com/apk/res/android}permission='b'com.google.android.gms.permission.PHENOTYPE_UPDATE_BROADCAST''
2026-01-03 17:15:01.721 | DEBUG    | androguard.core.axml:getAttributeNamespace:977 - 2
2026-01-03 17:15:01.721 | DEBUG    | androguard.core.axml:getAttributeUri:964 - 2
2026-01-03 17:15:01.721 | DEBUG    | androguard.core.axml:getAttributeName:993 - 2
2026-01-03 17:15:01.721 | DEBUG    | androguard.core.axml:getAttributeValueType:1020 - 2
2026-01-03 17:15:01.721 | DEBUG    | androguard.core.axml:getAttributeValueData:1031 - 2
2026-01-03 17:15:01.721 | DEBUG    | androguard.core.axml:__init__:1188 - found an attribute: {http://schemas.android.com/apk/res/android}exported='b'true''
2026-01-03 17:15:01.721 | DEBUG    | androguard.core.axml:getAttributeNamespace:977 - 3
2026-01-03 17:15:01.721 | DEBUG    | androguard.core.axml:getAttributeUri:964 - 3
2026-01-03 17:15:01.721 | DEBUG    | androguard.core.axml:getAttributeName:993 - 3
2026-01-03 17:15:01.721 | DEBUG    | androguard.core.axml:getAttributeValueType:1020 - 3
2026-01-03 17:15:01.721 | DEBUG    | androguard.core.axml:getAttributeValueData:1031 - 3
2026-01-03 17:15:01.721 | DEBUG    | androguard.core.axml:getAttributeValue:1045 - 3
2026-01-03 17:15:01.721 | DEBUG    | androguard.core.axml:__init__:1188 - found an attribute: {http://schemas.android.com/apk/res/android}process='b'''
2026-01-03 17:15:01.721 | DEBUG    | androguard.core.axml:is_valid:575 - True
2026-01-03 17:15:01.721 | DEBUG    | androguard.core.axml:_do_next:593 - M_EVENT 2
2026-01-03 17:15:01.721 | DEBUG    | androguard.core.axml:_do_next:609 - NEXT HEADER <ARSCHeader idx='0x00002f48' type='258' header_size='16' size='36'>
2026-01-03 17:15:01.721 | DEBUG    | androguard.core.axml:__init__:1139 - DEBUG ARSC TYPE 2
2026-01-03 17:15:01.721 | DEBUG    | androguard.core.axml:__init__:1160 - START_TAG: intent-filter (line=128)
2026-01-03 17:15:01.721 | DEBUG    | androguard.core.axml:is_valid:575 - True
2026-01-03 17:15:01.721 | DEBUG    | androguard.core.axml:_do_next:593 - M_EVENT 2
2026-01-03 17:15:01.721 | DEBUG    | androguard.core.axml:_do_next:609 - NEXT HEADER <ARSCHeader idx='0x00002f6c' type='258' header_size='16' size='56'>
2026-01-03 17:15:01.721 | DEBUG    | androguard.core.axml:__init__:1139 - DEBUG ARSC TYPE 2
2026-01-03 17:15:01.721 | DEBUG    | androguard.core.axml:__init__:1160 - START_TAG: action (line=129)
2026-01-03 17:15:01.721 | DEBUG    | androguard.core.axml:getAttributeNamespace:977 - 0
2026-01-03 17:15:01.721 | DEBUG    | androguard.core.axml:getAttributeUri:964 - 0
2026-01-03 17:15:01.721 | DEBUG    | androguard.core.axml:getAttributeName:993 - 0
2026-01-03 17:15:01.721 | DEBUG    | androguard.core.axml:getAttributeValueType:1020 - 0
2026-01-03 17:15:01.721 | DEBUG    | androguard.core.axml:getAttributeValueData:1031 - 0
2026-01-03 17:15:01.721 | DEBUG    | androguard.core.axml:getAttributeValue:1045 - 0
2026-01-03 17:15:01.721 | DEBUG    | androguard.core.axml:__init__:1188 - found an attribute: {http://schemas.android.com/apk/res/android}name='b'com.google.android.gms.phenotype.UPDATE''
2026-01-03 17:15:01.722 | DEBUG    | androguard.core.axml:is_valid:575 - True
2026-01-03 17:15:01.722 | DEBUG    | androguard.core.axml:_do_next:593 - M_EVENT 2
2026-01-03 17:15:01.722 | DEBUG    | androguard.core.axml:_do_next:609 - NEXT HEADER <ARSCHeader idx='0x00002fa4' type='259' header_size='16' size='24'>
2026-01-03 17:15:01.722 | DEBUG    | androguard.core.axml:__init__:1139 - DEBUG ARSC TYPE 3
2026-01-03 17:15:01.722 | DEBUG    | androguard.core.axml:is_valid:575 - True
2026-01-03 17:15:01.722 | DEBUG    | androguard.core.axml:_do_next:593 - M_EVENT 3
2026-01-03 17:15:01.722 | DEBUG    | androguard.core.axml:_do_next:609 - NEXT HEADER <ARSCHeader idx='0x00002fbc' type='259' header_size='16' size='24'>
2026-01-03 17:15:01.722 | DEBUG    | androguard.core.axml:__init__:1139 - DEBUG ARSC TYPE 3
2026-01-03 17:15:01.722 | DEBUG    | androguard.core.axml:is_valid:575 - True
2026-01-03 17:15:01.722 | DEBUG    | androguard.core.axml:_do_next:593 - M_EVENT 3
2026-01-03 17:15:01.722 | DEBUG    | androguard.core.axml:_do_next:609 - NEXT HEADER <ARSCHeader idx='0x00002fd4' type='259' header_size='16' size='24'>
2026-01-03 17:15:01.722 | DEBUG    | androguard.core.axml:__init__:1139 - DEBUG ARSC TYPE 3
2026-01-03 17:15:01.722 | DEBUG    | androguard.core.axml:is_valid:575 - True
2026-01-03 17:15:01.722 | DEBUG    | androguard.core.axml:_do_next:593 - M_EVENT 3
2026-01-03 17:15:01.722 | DEBUG    | androguard.core.axml:_do_next:609 - NEXT HEADER <ARSCHeader idx='0x00002fec' type='258' header_size='16' size='116'>
2026-01-03 17:15:01.722 | DEBUG    | androguard.core.axml:__init__:1139 - DEBUG ARSC TYPE 2
2026-01-03 17:15:01.722 | DEBUG    | androguard.core.axml:__init__:1160 - START_TAG: activity (line=136)
2026-01-03 17:15:01.722 | DEBUG    | androguard.core.axml:getAttributeNamespace:977 - 0
2026-01-03 17:15:01.722 | DEBUG    | androguard.core.axml:getAttributeUri:964 - 0
2026-01-03 17:15:01.722 | DEBUG    | androguard.core.axml:getAttributeName:993 - 0
2026-01-03 17:15:01.722 | DEBUG    | androguard.core.axml:getAttributeValueType:1020 - 0
2026-01-03 17:15:01.722 | DEBUG    | androguard.core.axml:getAttributeValueData:1031 - 0
2026-01-03 17:15:01.722 | DEBUG    | androguard.core.axml:__init__:1188 - found an attribute: {http://schemas.android.com/apk/res/android}theme='b'@7F150490''
2026-01-03 17:15:01.722 | DEBUG    | androguard.core.axml:getAttributeNamespace:977 - 1
2026-01-03 17:15:01.722 | DEBUG    | androguard.core.axml:getAttributeUri:964 - 1
2026-01-03 17:15:01.722 | DEBUG    | androguard.core.axml:getAttributeName:993 - 1
2026-01-03 17:15:01.722 | DEBUG    | androguard.core.axml:getAttributeValueType:1020 - 1
2026-01-03 17:15:01.722 | DEBUG    | androguard.core.axml:getAttributeValueData:1031 - 1
2026-01-03 17:15:01.722 | DEBUG    | androguard.core.axml:__init__:1188 - found an attribute: {http://schemas.android.com/apk/res/android}label='b'@7F140155''
2026-01-03 17:15:01.722 | DEBUG    | androguard.core.axml:getAttributeNamespace:977 - 2
2026-01-03 17:15:01.722 | DEBUG    | androguard.core.axml:getAttributeUri:964 - 2
2026-01-03 17:15:01.722 | DEBUG    | androguard.core.axml:getAttributeName:993 - 2
2026-01-03 17:15:01.722 | DEBUG    | androguard.core.axml:getAttributeValueType:1020 - 2
2026-01-03 17:15:01.722 | DEBUG    | androguard.core.axml:getAttributeValueData:1031 - 2
2026-01-03 17:15:01.722 | DEBUG    | androguard.core.axml:getAttributeValue:1045 - 2
2026-01-03 17:15:01.722 | DEBUG    | androguard.core.axml:__init__:1188 - found an attribute: {http://schemas.android.com/apk/res/android}name='b'com.google.android.libraries.social.licenses.LicenseMenuActivity''
2026-01-03 17:15:01.722 | DEBUG    | androguard.core.axml:getAttributeNamespace:977 - 3
2026-01-03 17:15:01.722 | DEBUG    | androguard.core.axml:getAttributeUri:964 - 3
2026-01-03 17:15:01.722 | DEBUG    | androguard.core.axml:getAttributeName:993 - 3
2026-01-03 17:15:01.722 | DEBUG    | androguard.core.axml:getAttributeValueType:1020 - 3
2026-01-03 17:15:01.722 | DEBUG    | androguard.core.axml:getAttributeValueData:1031 - 3
2026-01-03 17:15:01.722 | DEBUG    | androguard.core.axml:__init__:1188 - found an attribute: {http://schemas.android.com/apk/res/android}exported='b'true''
2026-01-03 17:15:01.722 | DEBUG    | androguard.core.axml:is_valid:575 - True
2026-01-03 17:15:01.722 | DEBUG    | androguard.core.axml:_do_next:593 - M_EVENT 2
2026-01-03 17:15:01.722 | DEBUG    | androguard.core.axml:_do_next:609 - NEXT HEADER <ARSCHeader idx='0x00003060' type='259' header_size='16' size='24'>
2026-01-03 17:15:01.722 | DEBUG    | androguard.core.axml:__init__:1139 - DEBUG ARSC TYPE 3
2026-01-03 17:15:01.722 | DEBUG    | androguard.core.axml:is_valid:575 - True
2026-01-03 17:15:01.722 | DEBUG    | androguard.core.axml:_do_next:593 - M_EVENT 3
2026-01-03 17:15:01.722 | DEBUG    | androguard.core.axml:_do_next:609 - NEXT HEADER <ARSCHeader idx='0x00003078' type='258' header_size='16' size='116'>
2026-01-03 17:15:01.722 | DEBUG    | androguard.core.axml:__init__:1139 - DEBUG ARSC TYPE 2
2026-01-03 17:15:01.722 | DEBUG    | androguard.core.axml:__init__:1160 - START_TAG: activity (line=142)
2026-01-03 17:15:01.723 | DEBUG    | androguard.core.axml:getAttributeNamespace:977 - 0
2026-01-03 17:15:01.723 | DEBUG    | androguard.core.axml:getAttributeUri:964 - 0
2026-01-03 17:15:01.723 | DEBUG    | androguard.core.axml:getAttributeName:993 - 0
2026-01-03 17:15:01.723 | DEBUG    | androguard.core.axml:getAttributeValueType:1020 - 0
2026-01-03 17:15:01.723 | DEBUG    | androguard.core.axml:getAttributeValueData:1031 - 0
2026-01-03 17:15:01.723 | DEBUG    | androguard.core.axml:__init__:1188 - found an attribute: {http://schemas.android.com/apk/res/android}theme='b'@7F150490''
2026-01-03 17:15:01.723 | DEBUG    | androguard.core.axml:getAttributeNamespace:977 - 1
2026-01-03 17:15:01.723 | DEBUG    | androguard.core.axml:getAttributeUri:964 - 1
2026-01-03 17:15:01.723 | DEBUG    | androguard.core.axml:getAttributeName:993 - 1
2026-01-03 17:15:01.723 | DEBUG    | androguard.core.axml:getAttributeValueType:1020 - 1
2026-01-03 17:15:01.723 | DEBUG    | androguard.core.axml:getAttributeValueData:1031 - 1
2026-01-03 17:15:01.723 | DEBUG    | androguard.core.axml:__init__:1188 - found an attribute: {http://schemas.android.com/apk/res/android}label='b'@7F140155''
2026-01-03 17:15:01.723 | DEBUG    | androguard.core.axml:getAttributeNamespace:977 - 2
2026-01-03 17:15:01.723 | DEBUG    | androguard.core.axml:getAttributeUri:964 - 2
2026-01-03 17:15:01.723 | DEBUG    | androguard.core.axml:getAttributeName:993 - 2
2026-01-03 17:15:01.723 | DEBUG    | androguard.core.axml:getAttributeValueType:1020 - 2
2026-01-03 17:15:01.723 | DEBUG    | androguard.core.axml:getAttributeValueData:1031 - 2
2026-01-03 17:15:01.723 | DEBUG    | androguard.core.axml:getAttributeValue:1045 - 2
2026-01-03 17:15:01.723 | DEBUG    | androguard.core.axml:__init__:1188 - found an attribute: {http://schemas.android.com/apk/res/android}name='b'com.google.android.libraries.social.licenses.LicenseActivity''
2026-01-03 17:15:01.723 | DEBUG    | androguard.core.axml:getAttributeNamespace:977 - 3
2026-01-03 17:15:01.723 | DEBUG    | androguard.core.axml:getAttributeUri:964 - 3
2026-01-03 17:15:01.723 | DEBUG    | androguard.core.axml:getAttributeName:993 - 3
2026-01-03 17:15:01.723 | DEBUG    | androguard.core.axml:getAttributeValueType:1020 - 3
2026-01-03 17:15:01.723 | DEBUG    | androguard.core.axml:getAttributeValueData:1031 - 3
2026-01-03 17:15:01.723 | DEBUG    | androguard.core.axml:__init__:1188 - found an attribute: {http://schemas.android.com/apk/res/android}exported='b'false''
2026-01-03 17:15:01.723 | DEBUG    | androguard.core.axml:is_valid:575 - True
2026-01-03 17:15:01.723 | DEBUG    | androguard.core.axml:_do_next:593 - M_EVENT 2
2026-01-03 17:15:01.723 | DEBUG    | androguard.core.axml:_do_next:609 - NEXT HEADER <ARSCHeader idx='0x000030ec' type='259' header_size='16' size='24'>
2026-01-03 17:15:01.723 | DEBUG    | androguard.core.axml:__init__:1139 - DEBUG ARSC TYPE 3
2026-01-03 17:15:01.723 | DEBUG    | androguard.core.axml:is_valid:575 - True
2026-01-03 17:15:01.723 | DEBUG    | androguard.core.axml:_do_next:593 - M_EVENT 3
2026-01-03 17:15:01.723 | DEBUG    | androguard.core.axml:_do_next:609 - NEXT HEADER <ARSCHeader idx='0x00003104' type='258' header_size='16' size='76'>
2026-01-03 17:15:01.723 | DEBUG    | androguard.core.axml:__init__:1139 - DEBUG ARSC TYPE 2
2026-01-03 17:15:01.723 | DEBUG    | androguard.core.axml:__init__:1160 - START_TAG: uses-library (line=149)
2026-01-03 17:15:01.723 | DEBUG    | androguard.core.axml:getAttributeNamespace:977 - 0
2026-01-03 17:15:01.723 | DEBUG    | androguard.core.axml:getAttributeUri:964 - 0
2026-01-03 17:15:01.723 | DEBUG    | androguard.core.axml:getAttributeName:993 - 0
2026-01-03 17:15:01.723 | DEBUG    | androguard.core.axml:getAttributeValueType:1020 - 0
2026-01-03 17:15:01.723 | DEBUG    | androguard.core.axml:getAttributeValueData:1031 - 0
2026-01-03 17:15:01.723 | DEBUG    | androguard.core.axml:getAttributeValue:1045 - 0
2026-01-03 17:15:01.723 | DEBUG    | androguard.core.axml:__init__:1188 - found an attribute: {http://schemas.android.com/apk/res/android}name='b'androidx.window.extensions''
2026-01-03 17:15:01.723 | DEBUG    | androguard.core.axml:getAttributeNamespace:977 - 1
2026-01-03 17:15:01.723 | DEBUG    | androguard.core.axml:getAttributeUri:964 - 1
2026-01-03 17:15:01.723 | DEBUG    | androguard.core.axml:getAttributeName:993 - 1
2026-01-03 17:15:01.723 | DEBUG    | androguard.core.axml:getAttributeValueType:1020 - 1
2026-01-03 17:15:01.723 | DEBUG    | androguard.core.axml:getAttributeValueData:1031 - 1
2026-01-03 17:15:01.723 | DEBUG    | androguard.core.axml:__init__:1188 - found an attribute: {http://schemas.android.com/apk/res/android}required='b'false''
2026-01-03 17:15:01.723 | DEBUG    | androguard.core.axml:is_valid:575 - True
2026-01-03 17:15:01.723 | DEBUG    | androguard.core.axml:_do_next:593 - M_EVENT 2
2026-01-03 17:15:01.723 | DEBUG    | androguard.core.axml:_do_next:609 - NEXT HEADER <ARSCHeader idx='0x00003150' type='259' header_size='16' size='24'>
2026-01-03 17:15:01.723 | DEBUG    | androguard.core.axml:__init__:1139 - DEBUG ARSC TYPE 3
2026-01-03 17:15:01.723 | DEBUG    | androguard.core.axml:is_valid:575 - True
2026-01-03 17:15:01.723 | DEBUG    | androguard.core.axml:_do_next:593 - M_EVENT 3
2026-01-03 17:15:01.723 | DEBUG    | androguard.core.axml:_do_next:609 - NEXT HEADER <ARSCHeader idx='0x00003168' type='258' header_size='16' size='76'>
2026-01-03 17:15:01.723 | DEBUG    | androguard.core.axml:__init__:1139 - DEBUG ARSC TYPE 2
2026-01-03 17:15:01.723 | DEBUG    | androguard.core.axml:__init__:1160 - START_TAG: uses-library (line=152)
2026-01-03 17:15:01.723 | DEBUG    | androguard.core.axml:getAttributeNamespace:977 - 0
2026-01-03 17:15:01.723 | DEBUG    | androguard.core.axml:getAttributeUri:964 - 0
2026-01-03 17:15:01.724 | DEBUG    | androguard.core.axml:getAttributeName:993 - 0
2026-01-03 17:15:01.724 | DEBUG    | androguard.core.axml:getAttributeValueType:1020 - 0
2026-01-03 17:15:01.724 | DEBUG    | androguard.core.axml:getAttributeValueData:1031 - 0
2026-01-03 17:15:01.724 | DEBUG    | androguard.core.axml:getAttributeValue:1045 - 0
2026-01-03 17:15:01.724 | DEBUG    | androguard.core.axml:__init__:1188 - found an attribute: {http://schemas.android.com/apk/res/android}name='b'androidx.window.sidecar''
2026-01-03 17:15:01.724 | DEBUG    | androguard.core.axml:getAttributeNamespace:977 - 1
2026-01-03 17:15:01.724 | DEBUG    | androguard.core.axml:getAttributeUri:964 - 1
2026-01-03 17:15:01.724 | DEBUG    | androguard.core.axml:getAttributeName:993 - 1
2026-01-03 17:15:01.724 | DEBUG    | androguard.core.axml:getAttributeValueType:1020 - 1
2026-01-03 17:15:01.724 | DEBUG    | androguard.core.axml:getAttributeValueData:1031 - 1
2026-01-03 17:15:01.724 | DEBUG    | androguard.core.axml:__init__:1188 - found an attribute: {http://schemas.android.com/apk/res/android}required='b'false''
2026-01-03 17:15:01.724 | DEBUG    | androguard.core.axml:is_valid:575 - True
2026-01-03 17:15:01.724 | DEBUG    | androguard.core.axml:_do_next:593 - M_EVENT 2
2026-01-03 17:15:01.724 | DEBUG    | androguard.core.axml:_do_next:609 - NEXT HEADER <ARSCHeader idx='0x000031b4' type='259' header_size='16' size='24'>
2026-01-03 17:15:01.724 | DEBUG    | androguard.core.axml:__init__:1139 - DEBUG ARSC TYPE 3
2026-01-03 17:15:01.724 | DEBUG    | androguard.core.axml:is_valid:575 - True
2026-01-03 17:15:01.724 | DEBUG    | androguard.core.axml:_do_next:593 - M_EVENT 3
2026-01-03 17:15:01.724 | DEBUG    | androguard.core.axml:_do_next:609 - NEXT HEADER <ARSCHeader idx='0x000031cc' type='258' header_size='16' size='156'>
2026-01-03 17:15:01.724 | DEBUG    | androguard.core.axml:__init__:1139 - DEBUG ARSC TYPE 2
2026-01-03 17:15:01.724 | DEBUG    | androguard.core.axml:__init__:1160 - START_TAG: activity (line=155)
2026-01-03 17:15:01.724 | DEBUG    | androguard.core.axml:getAttributeNamespace:977 - 0
2026-01-03 17:15:01.724 | DEBUG    | androguard.core.axml:getAttributeUri:964 - 0
2026-01-03 17:15:01.724 | DEBUG    | androguard.core.axml:getAttributeName:993 - 0
2026-01-03 17:15:01.724 | DEBUG    | androguard.core.axml:getAttributeValueType:1020 - 0
2026-01-03 17:15:01.724 | DEBUG    | androguard.core.axml:getAttributeValueData:1031 - 0
2026-01-03 17:15:01.724 | DEBUG    | androguard.core.axml:getAttributeValue:1045 - 0
2026-01-03 17:15:01.724 | DEBUG    | androguard.core.axml:__init__:1188 - found an attribute: {http://schemas.android.com/apk/res/android}name='b'com.android.calculator2.Calculator''
2026-01-03 17:15:01.724 | DEBUG    | androguard.core.axml:getAttributeNamespace:977 - 1
2026-01-03 17:15:01.724 | DEBUG    | androguard.core.axml:getAttributeUri:964 - 1
2026-01-03 17:15:01.724 | DEBUG    | androguard.core.axml:getAttributeName:993 - 1
2026-01-03 17:15:01.724 | DEBUG    | androguard.core.axml:getAttributeValueType:1020 - 1
2026-01-03 17:15:01.724 | DEBUG    | androguard.core.axml:getAttributeValueData:1031 - 1
2026-01-03 17:15:01.724 | DEBUG    | androguard.core.axml:__init__:1188 - found an attribute: {http://schemas.android.com/apk/res/android}exported='b'true''
2026-01-03 17:15:01.724 | DEBUG    | androguard.core.axml:getAttributeNamespace:977 - 2
2026-01-03 17:15:01.724 | DEBUG    | androguard.core.axml:getAttributeUri:964 - 2
2026-01-03 17:15:01.724 | DEBUG    | androguard.core.axml:getAttributeName:993 - 2
2026-01-03 17:15:01.724 | DEBUG    | androguard.core.axml:getAttributeValueType:1020 - 2
2026-01-03 17:15:01.724 | DEBUG    | androguard.core.axml:getAttributeValueData:1031 - 2
2026-01-03 17:15:01.724 | DEBUG    | androguard.core.axml:__init__:1188 - found an attribute: {http://schemas.android.com/apk/res/android}launchMode='b'2''
2026-01-03 17:15:01.724 | DEBUG    | androguard.core.axml:getAttributeNamespace:977 - 3
2026-01-03 17:15:01.724 | DEBUG    | androguard.core.axml:getAttributeUri:964 - 3
2026-01-03 17:15:01.724 | DEBUG    | androguard.core.axml:getAttributeName:993 - 3
2026-01-03 17:15:01.724 | DEBUG    | androguard.core.axml:getAttributeValueType:1020 - 3
2026-01-03 17:15:01.724 | DEBUG    | androguard.core.axml:getAttributeValueData:1031 - 3
2026-01-03 17:15:01.724 | DEBUG    | androguard.core.axml:__init__:1188 - found an attribute: {http://schemas.android.com/apk/res/android}windowSoftInputMode='b'0x00000003''
2026-01-03 17:15:01.724 | DEBUG    | androguard.core.axml:getAttributeNamespace:977 - 4
2026-01-03 17:15:01.724 | DEBUG    | androguard.core.axml:getAttributeUri:964 - 4
2026-01-03 17:15:01.724 | DEBUG    | androguard.core.axml:getAttributeName:993 - 4
2026-01-03 17:15:01.724 | DEBUG    | androguard.core.axml:getAttributeValueType:1020 - 4
2026-01-03 17:15:01.724 | DEBUG    | androguard.core.axml:getAttributeValueData:1031 - 4
2026-01-03 17:15:01.724 | DEBUG    | androguard.core.axml:__init__:1188 - found an attribute: {http://schemas.android.com/apk/res/android}showForAllUsers='b'true''
2026-01-03 17:15:01.724 | DEBUG    | androguard.core.axml:getAttributeNamespace:977 - 5
2026-01-03 17:15:01.724 | DEBUG    | androguard.core.axml:getAttributeUri:964 - 5
2026-01-03 17:15:01.724 | DEBUG    | androguard.core.axml:getAttributeName:993 - 5
2026-01-03 17:15:01.724 | DEBUG    | androguard.core.axml:getAttributeValueType:1020 - 5
2026-01-03 17:15:01.724 | DEBUG    | androguard.core.axml:getAttributeValueData:1031 - 5
2026-01-03 17:15:01.724 | DEBUG    | androguard.core.axml:__init__:1188 - found an attribute: {http://schemas.android.com/apk/res/android}showWhenLocked='b'true''
2026-01-03 17:15:01.725 | DEBUG    | androguard.core.axml:is_valid:575 - True
2026-01-03 17:15:01.725 | DEBUG    | androguard.core.axml:_do_next:593 - M_EVENT 2
2026-01-03 17:15:01.725 | DEBUG    | androguard.core.axml:_do_next:609 - NEXT HEADER <ARSCHeader idx='0x00003268' type='258' header_size='16' size='36'>
2026-01-03 17:15:01.725 | DEBUG    | androguard.core.axml:__init__:1139 - DEBUG ARSC TYPE 2
2026-01-03 17:15:01.725 | DEBUG    | androguard.core.axml:__init__:1160 - START_TAG: intent-filter (line=162)
2026-01-03 17:15:01.725 | DEBUG    | androguard.core.axml:is_valid:575 - True
2026-01-03 17:15:01.725 | DEBUG    | androguard.core.axml:_do_next:593 - M_EVENT 2
2026-01-03 17:15:01.725 | DEBUG    | androguard.core.axml:_do_next:609 - NEXT HEADER <ARSCHeader idx='0x0000328c' type='258' header_size='16' size='56'>
2026-01-03 17:15:01.725 | DEBUG    | androguard.core.axml:__init__:1139 - DEBUG ARSC TYPE 2
2026-01-03 17:15:01.725 | DEBUG    | androguard.core.axml:__init__:1160 - START_TAG: action (line=163)
2026-01-03 17:15:01.725 | DEBUG    | androguard.core.axml:getAttributeNamespace:977 - 0
2026-01-03 17:15:01.725 | DEBUG    | androguard.core.axml:getAttributeUri:964 - 0
2026-01-03 17:15:01.725 | DEBUG    | androguard.core.axml:getAttributeName:993 - 0
2026-01-03 17:15:01.725 | DEBUG    | androguard.core.axml:getAttributeValueType:1020 - 0
2026-01-03 17:15:01.725 | DEBUG    | androguard.core.axml:getAttributeValueData:1031 - 0
2026-01-03 17:15:01.725 | DEBUG    | androguard.core.axml:getAttributeValue:1045 - 0
2026-01-03 17:15:01.725 | DEBUG    | androguard.core.axml:__init__:1188 - found an attribute: {http://schemas.android.com/apk/res/android}name='b'android.intent.action.MAIN''
2026-01-03 17:15:01.725 | DEBUG    | androguard.core.axml:is_valid:575 - True
2026-01-03 17:15:01.725 | DEBUG    | androguard.core.axml:_do_next:593 - M_EVENT 2
2026-01-03 17:15:01.725 | DEBUG    | androguard.core.axml:_do_next:609 - NEXT HEADER <ARSCHeader idx='0x000032c4' type='259' header_size='16' size='24'>
2026-01-03 17:15:01.725 | DEBUG    | androguard.core.axml:__init__:1139 - DEBUG ARSC TYPE 3
2026-01-03 17:15:01.725 | DEBUG    | androguard.core.axml:is_valid:575 - True
2026-01-03 17:15:01.725 | DEBUG    | androguard.core.axml:_do_next:593 - M_EVENT 3
2026-01-03 17:15:01.725 | DEBUG    | androguard.core.axml:_do_next:609 - NEXT HEADER <ARSCHeader idx='0x000032dc' type='258' header_size='16' size='56'>
2026-01-03 17:15:01.725 | DEBUG    | androguard.core.axml:__init__:1139 - DEBUG ARSC TYPE 2
2026-01-03 17:15:01.725 | DEBUG    | androguard.core.axml:__init__:1160 - START_TAG: category (line=165)
2026-01-03 17:15:01.725 | DEBUG    | androguard.core.axml:getAttributeNamespace:977 - 0
2026-01-03 17:15:01.725 | DEBUG    | androguard.core.axml:getAttributeUri:964 - 0
2026-01-03 17:15:01.725 | DEBUG    | androguard.core.axml:getAttributeName:993 - 0
2026-01-03 17:15:01.725 | DEBUG    | androguard.core.axml:getAttributeValueType:1020 - 0
2026-01-03 17:15:01.725 | DEBUG    | androguard.core.axml:getAttributeValueData:1031 - 0
2026-01-03 17:15:01.725 | DEBUG    | androguard.core.axml:getAttributeValue:1045 - 0
2026-01-03 17:15:01.725 | DEBUG    | androguard.core.axml:__init__:1188 - found an attribute: {http://schemas.android.com/apk/res/android}name='b'android.intent.category.LAUNCHER''
2026-01-03 17:15:01.725 | DEBUG    | androguard.core.axml:is_valid:575 - True
2026-01-03 17:15:01.725 | DEBUG    | androguard.core.axml:_do_next:593 - M_EVENT 2
2026-01-03 17:15:01.725 | DEBUG    | androguard.core.axml:_do_next:609 - NEXT HEADER <ARSCHeader idx='0x00003314' type='259' header_size='16' size='24'>
2026-01-03 17:15:01.725 | DEBUG    | androguard.core.axml:__init__:1139 - DEBUG ARSC TYPE 3
2026-01-03 17:15:01.725 | DEBUG    | androguard.core.axml:is_valid:575 - True
2026-01-03 17:15:01.725 | DEBUG    | androguard.core.axml:_do_next:593 - M_EVENT 3
2026-01-03 17:15:01.725 | DEBUG    | androguard.core.axml:_do_next:609 - NEXT HEADER <ARSCHeader idx='0x0000332c' type='258' header_size='16' size='56'>
2026-01-03 17:15:01.725 | DEBUG    | androguard.core.axml:__init__:1139 - DEBUG ARSC TYPE 2
2026-01-03 17:15:01.725 | DEBUG    | androguard.core.axml:__init__:1160 - START_TAG: category (line=166)
2026-01-03 17:15:01.725 | DEBUG    | androguard.core.axml:getAttributeNamespace:977 - 0
2026-01-03 17:15:01.725 | DEBUG    | androguard.core.axml:getAttributeUri:964 - 0
2026-01-03 17:15:01.725 | DEBUG    | androguard.core.axml:getAttributeName:993 - 0
2026-01-03 17:15:01.725 | DEBUG    | androguard.core.axml:getAttributeValueType:1020 - 0
2026-01-03 17:15:01.725 | DEBUG    | androguard.core.axml:getAttributeValueData:1031 - 0
2026-01-03 17:15:01.725 | DEBUG    | androguard.core.axml:getAttributeValue:1045 - 0
2026-01-03 17:15:01.725 | DEBUG    | androguard.core.axml:__init__:1188 - found an attribute: {http://schemas.android.com/apk/res/android}name='b'android.intent.category.APP_CALCULATOR''
2026-01-03 17:15:01.725 | DEBUG    | androguard.core.axml:is_valid:575 - True
2026-01-03 17:15:01.725 | DEBUG    | androguard.core.axml:_do_next:593 - M_EVENT 2
2026-01-03 17:15:01.725 | DEBUG    | androguard.core.axml:_do_next:609 - NEXT HEADER <ARSCHeader idx='0x00003364' type='259' header_size='16' size='24'>
2026-01-03 17:15:01.725 | DEBUG    | androguard.core.axml:__init__:1139 - DEBUG ARSC TYPE 3
2026-01-03 17:15:01.726 | DEBUG    | androguard.core.axml:is_valid:575 - True
2026-01-03 17:15:01.726 | DEBUG    | androguard.core.axml:_do_next:593 - M_EVENT 3
2026-01-03 17:15:01.726 | DEBUG    | androguard.core.axml:_do_next:609 - NEXT HEADER <ARSCHeader idx='0x0000337c' type='258' header_size='16' size='56'>
2026-01-03 17:15:01.726 | DEBUG    | androguard.core.axml:__init__:1139 - DEBUG ARSC TYPE 2
2026-01-03 17:15:01.726 | DEBUG    | androguard.core.axml:__init__:1160 - START_TAG: category (line=167)
2026-01-03 17:15:01.726 | DEBUG    | androguard.core.axml:getAttributeNamespace:977 - 0
2026-01-03 17:15:01.726 | DEBUG    | androguard.core.axml:getAttributeUri:964 - 0
2026-01-03 17:15:01.726 | DEBUG    | androguard.core.axml:getAttributeName:993 - 0
2026-01-03 17:15:01.726 | DEBUG    | androguard.core.axml:getAttributeValueType:1020 - 0
2026-01-03 17:15:01.726 | DEBUG    | androguard.core.axml:getAttributeValueData:1031 - 0
2026-01-03 17:15:01.726 | DEBUG    | androguard.core.axml:getAttributeValue:1045 - 0
2026-01-03 17:15:01.726 | DEBUG    | androguard.core.axml:__init__:1188 - found an attribute: {http://schemas.android.com/apk/res/android}name='b'android.intent.category.DEFAULT''
2026-01-03 17:15:01.726 | DEBUG    | androguard.core.axml:is_valid:575 - True
2026-01-03 17:15:01.726 | DEBUG    | androguard.core.axml:_do_next:593 - M_EVENT 2
2026-01-03 17:15:01.726 | DEBUG    | androguard.core.axml:_do_next:609 - NEXT HEADER <ARSCHeader idx='0x000033b4' type='259' header_size='16' size='24'>
2026-01-03 17:15:01.726 | DEBUG    | androguard.core.axml:__init__:1139 - DEBUG ARSC TYPE 3
2026-01-03 17:15:01.726 | DEBUG    | androguard.core.axml:is_valid:575 - True
2026-01-03 17:15:01.726 | DEBUG    | androguard.core.axml:_do_next:593 - M_EVENT 3
2026-01-03 17:15:01.726 | DEBUG    | androguard.core.axml:_do_next:609 - NEXT HEADER <ARSCHeader idx='0x000033cc' type='259' header_size='16' size='24'>
2026-01-03 17:15:01.726 | DEBUG    | androguard.core.axml:__init__:1139 - DEBUG ARSC TYPE 3
2026-01-03 17:15:01.726 | DEBUG    | androguard.core.axml:is_valid:575 - True
2026-01-03 17:15:01.726 | DEBUG    | androguard.core.axml:_do_next:593 - M_EVENT 3
2026-01-03 17:15:01.726 | DEBUG    | androguard.core.axml:_do_next:609 - NEXT HEADER <ARSCHeader idx='0x000033e4' type='259' header_size='16' size='24'>
2026-01-03 17:15:01.726 | DEBUG    | androguard.core.axml:__init__:1139 - DEBUG ARSC TYPE 3
2026-01-03 17:15:01.726 | DEBUG    | androguard.core.axml:is_valid:575 - True
2026-01-03 17:15:01.726 | DEBUG    | androguard.core.axml:_do_next:593 - M_EVENT 3
2026-01-03 17:15:01.726 | DEBUG    | androguard.core.axml:_do_next:609 - NEXT HEADER <ARSCHeader idx='0x000033fc' type='258' header_size='16' size='76'>
2026-01-03 17:15:01.726 | DEBUG    | androguard.core.axml:__init__:1139 - DEBUG ARSC TYPE 2
2026-01-03 17:15:01.726 | DEBUG    | androguard.core.axml:__init__:1160 - START_TAG: activity-alias (line=171)
2026-01-03 17:15:01.726 | DEBUG    | androguard.core.axml:getAttributeNamespace:977 - 0
2026-01-03 17:15:01.726 | DEBUG    | androguard.core.axml:getAttributeUri:964 - 0
2026-01-03 17:15:01.726 | DEBUG    | androguard.core.axml:getAttributeName:993 - 0
2026-01-03 17:15:01.726 | DEBUG    | androguard.core.axml:getAttributeValueType:1020 - 0
2026-01-03 17:15:01.726 | DEBUG    | androguard.core.axml:getAttributeValueData:1031 - 0
2026-01-03 17:15:01.726 | DEBUG    | androguard.core.axml:getAttributeValue:1045 - 0
2026-01-03 17:15:01.726 | DEBUG    | androguard.core.axml:__init__:1188 - found an attribute: {http://schemas.android.com/apk/res/android}name='b'com.android.calculator2.CalculatorGoogle''
2026-01-03 17:15:01.726 | DEBUG    | androguard.core.axml:getAttributeNamespace:977 - 1
2026-01-03 17:15:01.726 | DEBUG    | androguard.core.axml:getAttributeUri:964 - 1
2026-01-03 17:15:01.726 | DEBUG    | androguard.core.axml:getAttributeName:993 - 1
2026-01-03 17:15:01.726 | DEBUG    | androguard.core.axml:getAttributeValueType:1020 - 1
2026-01-03 17:15:01.726 | DEBUG    | androguard.core.axml:getAttributeValueData:1031 - 1
2026-01-03 17:15:01.726 | DEBUG    | androguard.core.axml:getAttributeValue:1045 - 1
2026-01-03 17:15:01.726 | DEBUG    | androguard.core.axml:__init__:1188 - found an attribute: {http://schemas.android.com/apk/res/android}targetActivity='b'com.android.calculator2.Calculator''
2026-01-03 17:15:01.726 | DEBUG    | androguard.core.axml:is_valid:575 - True
2026-01-03 17:15:01.726 | DEBUG    | androguard.core.axml:_do_next:593 - M_EVENT 2
2026-01-03 17:15:01.726 | DEBUG    | androguard.core.axml:_do_next:609 - NEXT HEADER <ARSCHeader idx='0x00003448' type='259' header_size='16' size='24'>
2026-01-03 17:15:01.726 | DEBUG    | androguard.core.axml:__init__:1139 - DEBUG ARSC TYPE 3
2026-01-03 17:15:01.726 | DEBUG    | androguard.core.axml:is_valid:575 - True
2026-01-03 17:15:01.726 | DEBUG    | androguard.core.axml:_do_next:593 - M_EVENT 3
2026-01-03 17:15:01.726 | DEBUG    | androguard.core.axml:_do_next:609 - NEXT HEADER <ARSCHeader idx='0x00003460' type='258' header_size='16' size='136'>
2026-01-03 17:15:01.726 | DEBUG    | androguard.core.axml:__init__:1139 - DEBUG ARSC TYPE 2
2026-01-03 17:15:01.726 | DEBUG    | androguard.core.axml:__init__:1160 - START_TAG: service (line=175)
2026-01-03 17:15:01.726 | DEBUG    | androguard.core.axml:getAttributeNamespace:977 - 0
2026-01-03 17:15:01.726 | DEBUG    | androguard.core.axml:getAttributeUri:964 - 0
2026-01-03 17:15:01.727 | DEBUG    | androguard.core.axml:getAttributeName:993 - 0
2026-01-03 17:15:01.727 | DEBUG    | androguard.core.axml:getAttributeValueType:1020 - 0
2026-01-03 17:15:01.727 | DEBUG    | androguard.core.axml:getAttributeValueData:1031 - 0
2026-01-03 17:15:01.727 | DEBUG    | androguard.core.axml:__init__:1188 - found an attribute: {http://schemas.android.com/apk/res/android}label='b'@7F14001C''
2026-01-03 17:15:01.727 | DEBUG    | androguard.core.axml:getAttributeNamespace:977 - 1
2026-01-03 17:15:01.727 | DEBUG    | androguard.core.axml:getAttributeUri:964 - 1
2026-01-03 17:15:01.727 | DEBUG    | androguard.core.axml:getAttributeName:993 - 1
2026-01-03 17:15:01.727 | DEBUG    | androguard.core.axml:getAttributeValueType:1020 - 1
2026-01-03 17:15:01.727 | DEBUG    | androguard.core.axml:getAttributeValueData:1031 - 1
2026-01-03 17:15:01.727 | DEBUG    | androguard.core.axml:__init__:1188 - found an attribute: {http://schemas.android.com/apk/res/android}icon='b'@7F08018E''
2026-01-03 17:15:01.727 | DEBUG    | androguard.core.axml:getAttributeNamespace:977 - 2
2026-01-03 17:15:01.727 | DEBUG    | androguard.core.axml:getAttributeUri:964 - 2
2026-01-03 17:15:01.727 | DEBUG    | androguard.core.axml:getAttributeName:993 - 2
2026-01-03 17:15:01.727 | DEBUG    | androguard.core.axml:getAttributeValueType:1020 - 2
2026-01-03 17:15:01.727 | DEBUG    | androguard.core.axml:getAttributeValueData:1031 - 2
2026-01-03 17:15:01.727 | DEBUG    | androguard.core.axml:getAttributeValue:1045 - 2
2026-01-03 17:15:01.727 | DEBUG    | androguard.core.axml:__init__:1188 - found an attribute: {http://schemas.android.com/apk/res/android}name='b'com.android.calculator2.CalculatorTileService''
2026-01-03 17:15:01.727 | DEBUG    | androguard.core.axml:getAttributeNamespace:977 - 3
2026-01-03 17:15:01.727 | DEBUG    | androguard.core.axml:getAttributeUri:964 - 3
2026-01-03 17:15:01.727 | DEBUG    | androguard.core.axml:getAttributeName:993 - 3
2026-01-03 17:15:01.727 | DEBUG    | androguard.core.axml:getAttributeValueType:1020 - 3
2026-01-03 17:15:01.727 | DEBUG    | androguard.core.axml:getAttributeValueData:1031 - 3
2026-01-03 17:15:01.727 | DEBUG    | androguard.core.axml:getAttributeValue:1045 - 3
2026-01-03 17:15:01.727 | DEBUG    | androguard.core.axml:__init__:1188 - found an attribute: {http://schemas.android.com/apk/res/android}permission='b'android.permission.BIND_QUICK_SETTINGS_TILE''
2026-01-03 17:15:01.727 | DEBUG    | androguard.core.axml:getAttributeNamespace:977 - 4
2026-01-03 17:15:01.727 | DEBUG    | androguard.core.axml:getAttributeUri:964 - 4
2026-01-03 17:15:01.727 | DEBUG    | androguard.core.axml:getAttributeName:993 - 4
2026-01-03 17:15:01.727 | DEBUG    | androguard.core.axml:getAttributeValueType:1020 - 4
2026-01-03 17:15:01.727 | DEBUG    | androguard.core.axml:getAttributeValueData:1031 - 4
2026-01-03 17:15:01.727 | DEBUG    | androguard.core.axml:__init__:1188 - found an attribute: {http://schemas.android.com/apk/res/android}exported='b'true''
2026-01-03 17:15:01.727 | DEBUG    | androguard.core.axml:is_valid:575 - True
2026-01-03 17:15:01.727 | DEBUG    | androguard.core.axml:_do_next:593 - M_EVENT 2
2026-01-03 17:15:01.727 | DEBUG    | androguard.core.axml:_do_next:609 - NEXT HEADER <ARSCHeader idx='0x000034e8' type='258' header_size='16' size='36'>
2026-01-03 17:15:01.727 | DEBUG    | androguard.core.axml:__init__:1139 - DEBUG ARSC TYPE 2
2026-01-03 17:15:01.727 | DEBUG    | androguard.core.axml:__init__:1160 - START_TAG: intent-filter (line=181)
2026-01-03 17:15:01.727 | DEBUG    | androguard.core.axml:is_valid:575 - True
2026-01-03 17:15:01.727 | DEBUG    | androguard.core.axml:_do_next:593 - M_EVENT 2
2026-01-03 17:15:01.727 | DEBUG    | androguard.core.axml:_do_next:609 - NEXT HEADER <ARSCHeader idx='0x0000350c' type='258' header_size='16' size='56'>
2026-01-03 17:15:01.727 | DEBUG    | androguard.core.axml:__init__:1139 - DEBUG ARSC TYPE 2
2026-01-03 17:15:01.727 | DEBUG    | androguard.core.axml:__init__:1160 - START_TAG: action (line=182)
2026-01-03 17:15:01.727 | DEBUG    | androguard.core.axml:getAttributeNamespace:977 - 0
2026-01-03 17:15:01.727 | DEBUG    | androguard.core.axml:getAttributeUri:964 - 0
2026-01-03 17:15:01.727 | DEBUG    | androguard.core.axml:getAttributeName:993 - 0
2026-01-03 17:15:01.727 | DEBUG    | androguard.core.axml:getAttributeValueType:1020 - 0
2026-01-03 17:15:01.727 | DEBUG    | androguard.core.axml:getAttributeValueData:1031 - 0
2026-01-03 17:15:01.727 | DEBUG    | androguard.core.axml:getAttributeValue:1045 - 0
2026-01-03 17:15:01.727 | DEBUG    | androguard.core.axml:__init__:1188 - found an attribute: {http://schemas.android.com/apk/res/android}name='b'android.service.quicksettings.action.QS_TILE''
2026-01-03 17:15:01.727 | DEBUG    | androguard.core.axml:is_valid:575 - True
2026-01-03 17:15:01.727 | DEBUG    | androguard.core.axml:_do_next:593 - M_EVENT 2
2026-01-03 17:15:01.727 | DEBUG    | androguard.core.axml:_do_next:609 - NEXT HEADER <ARSCHeader idx='0x00003544' type='259' header_size='16' size='24'>
2026-01-03 17:15:01.727 | DEBUG    | androguard.core.axml:__init__:1139 - DEBUG ARSC TYPE 3
2026-01-03 17:15:01.727 | DEBUG    | androguard.core.axml:is_valid:575 - True
2026-01-03 17:15:01.727 | DEBUG    | androguard.core.axml:_do_next:593 - M_EVENT 3
2026-01-03 17:15:01.727 | DEBUG    | androguard.core.axml:_do_next:609 - NEXT HEADER <ARSCHeader idx='0x0000355c' type='259' header_size='16' size='24'>
2026-01-03 17:15:01.727 | DEBUG    | androguard.core.axml:__init__:1139 - DEBUG ARSC TYPE 3
2026-01-03 17:15:01.727 | DEBUG    | androguard.core.axml:is_valid:575 - True
2026-01-03 17:15:01.727 | DEBUG    | androguard.core.axml:_do_next:593 - M_EVENT 3
2026-01-03 17:15:01.727 | DEBUG    | androguard.core.axml:_do_next:609 - NEXT HEADER <ARSCHeader idx='0x00003574' type='259' header_size='16' size='24'>
2026-01-03 17:15:01.727 | DEBUG    | androguard.core.axml:__init__:1139 - DEBUG ARSC TYPE 3
2026-01-03 17:15:01.727 | DEBUG    | androguard.core.axml:is_valid:575 - True
2026-01-03 17:15:01.727 | DEBUG    | androguard.core.axml:_do_next:593 - M_EVENT 3
2026-01-03 17:15:01.727 | DEBUG    | androguard.core.axml:_do_next:609 - NEXT HEADER <ARSCHeader idx='0x0000358c' type='258' header_size='16' size='116'>
2026-01-03 17:15:01.728 | DEBUG    | androguard.core.axml:__init__:1139 - DEBUG ARSC TYPE 2
2026-01-03 17:15:01.728 | DEBUG    | androguard.core.axml:__init__:1160 - START_TAG: service (line=185)
2026-01-03 17:15:01.728 | DEBUG    | androguard.core.axml:getAttributeNamespace:977 - 0
2026-01-03 17:15:01.728 | DEBUG    | androguard.core.axml:getAttributeUri:964 - 0
2026-01-03 17:15:01.728 | DEBUG    | androguard.core.axml:getAttributeName:993 - 0
2026-01-03 17:15:01.728 | DEBUG    | androguard.core.axml:getAttributeValueType:1020 - 0
2026-01-03 17:15:01.728 | DEBUG    | androguard.core.axml:getAttributeValueData:1031 - 0
2026-01-03 17:15:01.728 | DEBUG    | androguard.core.axml:getAttributeValue:1045 - 0
2026-01-03 17:15:01.728 | DEBUG    | androguard.core.axml:__init__:1188 - found an attribute: {http://schemas.android.com/apk/res/android}name='b'com.google.android.build.data.PropertiesServiceHolder''
2026-01-03 17:15:01.728 | DEBUG    | androguard.core.axml:getAttributeNamespace:977 - 1
2026-01-03 17:15:01.728 | DEBUG    | androguard.core.axml:getAttributeUri:964 - 1
2026-01-03 17:15:01.728 | DEBUG    | androguard.core.axml:getAttributeName:993 - 1
2026-01-03 17:15:01.728 | DEBUG    | androguard.core.axml:getAttributeValueType:1020 - 1
2026-01-03 17:15:01.728 | DEBUG    | androguard.core.axml:getAttributeValueData:1031 - 1
2026-01-03 17:15:01.728 | DEBUG    | androguard.core.axml:__init__:1188 - found an attribute: {http://schemas.android.com/apk/res/android}enabled='b'false''
2026-01-03 17:15:01.728 | DEBUG    | androguard.core.axml:getAttributeNamespace:977 - 2
2026-01-03 17:15:01.728 | DEBUG    | androguard.core.axml:getAttributeUri:964 - 2
2026-01-03 17:15:01.728 | DEBUG    | androguard.core.axml:getAttributeName:993 - 2
2026-01-03 17:15:01.728 | DEBUG    | androguard.core.axml:getAttributeValueType:1020 - 2
2026-01-03 17:15:01.728 | DEBUG    | androguard.core.axml:getAttributeValueData:1031 - 2
2026-01-03 17:15:01.728 | DEBUG    | androguard.core.axml:__init__:1188 - found an attribute: {http://schemas.android.com/apk/res/android}exported='b'false''
2026-01-03 17:15:01.728 | DEBUG    | androguard.core.axml:getAttributeNamespace:977 - 3
2026-01-03 17:15:01.728 | DEBUG    | androguard.core.axml:getAttributeUri:964 - 3
2026-01-03 17:15:01.728 | DEBUG    | androguard.core.axml:getAttributeName:993 - 3
2026-01-03 17:15:01.728 | DEBUG    | androguard.core.axml:getAttributeValueType:1020 - 3
2026-01-03 17:15:01.728 | DEBUG    | androguard.core.axml:getAttributeValueData:1031 - 3
2026-01-03 17:15:01.728 | DEBUG    | androguard.core.axml:getAttributeValue:1045 - 3
2026-01-03 17:15:01.728 | DEBUG    | androguard.core.axml:__init__:1188 - found an attribute: {http://schemas.android.com/apk/res/android}process='b'''
2026-01-03 17:15:01.728 | DEBUG    | androguard.core.axml:is_valid:575 - True
2026-01-03 17:15:01.728 | DEBUG    | androguard.core.axml:_do_next:593 - M_EVENT 2
2026-01-03 17:15:01.728 | DEBUG    | androguard.core.axml:_do_next:609 - NEXT HEADER <ARSCHeader idx='0x00003600' type='258' header_size='16' size='36'>
2026-01-03 17:15:01.728 | DEBUG    | androguard.core.axml:__init__:1139 - DEBUG ARSC TYPE 2
2026-01-03 17:15:01.728 | DEBUG    | androguard.core.axml:__init__:1160 - START_TAG: intent-filter (line=190)
2026-01-03 17:15:01.728 | DEBUG    | androguard.core.axml:is_valid:575 - True
2026-01-03 17:15:01.728 | DEBUG    | androguard.core.axml:_do_next:593 - M_EVENT 2
2026-01-03 17:15:01.728 | DEBUG    | androguard.core.axml:_do_next:609 - NEXT HEADER <ARSCHeader idx='0x00003624' type='258' header_size='16' size='56'>
2026-01-03 17:15:01.728 | DEBUG    | androguard.core.axml:__init__:1139 - DEBUG ARSC TYPE 2
2026-01-03 17:15:01.728 | DEBUG    | androguard.core.axml:__init__:1160 - START_TAG: action (line=191)
2026-01-03 17:15:01.728 | DEBUG    | androguard.core.axml:getAttributeNamespace:977 - 0
2026-01-03 17:15:01.728 | DEBUG    | androguard.core.axml:getAttributeUri:964 - 0
2026-01-03 17:15:01.728 | DEBUG    | androguard.core.axml:getAttributeName:993 - 0
2026-01-03 17:15:01.728 | DEBUG    | androguard.core.axml:getAttributeValueType:1020 - 0
2026-01-03 17:15:01.728 | DEBUG    | androguard.core.axml:getAttributeValueData:1031 - 0
2026-01-03 17:15:01.728 | DEBUG    | androguard.core.axml:getAttributeValue:1045 - 0
2026-01-03 17:15:01.728 | DEBUG    | androguard.core.axml:__init__:1188 - found an attribute: {http://schemas.android.com/apk/res/android}name='b'com.google.android.build.data.Properties''
2026-01-03 17:15:01.728 | DEBUG    | androguard.core.axml:is_valid:575 - True
2026-01-03 17:15:01.728 | DEBUG    | androguard.core.axml:_do_next:593 - M_EVENT 2
2026-01-03 17:15:01.728 | DEBUG    | androguard.core.axml:_do_next:609 - NEXT HEADER <ARSCHeader idx='0x0000365c' type='259' header_size='16' size='24'>
2026-01-03 17:15:01.728 | DEBUG    | androguard.core.axml:__init__:1139 - DEBUG ARSC TYPE 3
2026-01-03 17:15:01.728 | DEBUG    | androguard.core.axml:is_valid:575 - True
2026-01-03 17:15:01.728 | DEBUG    | androguard.core.axml:_do_next:593 - M_EVENT 3
2026-01-03 17:15:01.728 | DEBUG    | androguard.core.axml:_do_next:609 - NEXT HEADER <ARSCHeader idx='0x00003674' type='259' header_size='16' size='24'>
2026-01-03 17:15:01.728 | DEBUG    | androguard.core.axml:__init__:1139 - DEBUG ARSC TYPE 3
2026-01-03 17:15:01.728 | DEBUG    | androguard.core.axml:is_valid:575 - True
2026-01-03 17:15:01.728 | DEBUG    | androguard.core.axml:_do_next:593 - M_EVENT 3
2026-01-03 17:15:01.728 | DEBUG    | androguard.core.axml:_do_next:609 - NEXT HEADER <ARSCHeader idx='0x0000368c' type='258' header_size='16' size='76'>
2026-01-03 17:15:01.728 | DEBUG    | androguard.core.axml:__init__:1139 - DEBUG ARSC TYPE 2
2026-01-03 17:15:01.728 | DEBUG    | androguard.core.axml:__init__:1160 - START_TAG: meta-data (line=194)
2026-01-03 17:15:01.728 | DEBUG    | androguard.core.axml:getAttributeNamespace:977 - 0
2026-01-03 17:15:01.728 | DEBUG    | androguard.core.axml:getAttributeUri:964 - 0
2026-01-03 17:15:01.728 | DEBUG    | androguard.core.axml:getAttributeName:993 - 0
2026-01-03 17:15:01.729 | DEBUG    | androguard.core.axml:getAttributeValueType:1020 - 0
2026-01-03 17:15:01.729 | DEBUG    | androguard.core.axml:getAttributeValueData:1031 - 0
2026-01-03 17:15:01.729 | DEBUG    | androguard.core.axml:getAttributeValue:1045 - 0
2026-01-03 17:15:01.729 | DEBUG    | androguard.core.axml:__init__:1188 - found an attribute: {http://schemas.android.com/apk/res/android}name='b'com.google.android.build.data.properties''
2026-01-03 17:15:01.729 | DEBUG    | androguard.core.axml:getAttributeNamespace:977 - 1
2026-01-03 17:15:01.729 | DEBUG    | androguard.core.axml:getAttributeUri:964 - 1
2026-01-03 17:15:01.729 | DEBUG    | androguard.core.axml:getAttributeName:993 - 1
2026-01-03 17:15:01.729 | DEBUG    | androguard.core.axml:getAttributeValueType:1020 - 1
2026-01-03 17:15:01.729 | DEBUG    | androguard.core.axml:getAttributeValueData:1031 - 1
2026-01-03 17:15:01.729 | DEBUG    | androguard.core.axml:__init__:1188 - found an attribute: {http://schemas.android.com/apk/res/android}resource='b'@7F130000''
2026-01-03 17:15:01.729 | DEBUG    | androguard.core.axml:is_valid:575 - True
2026-01-03 17:15:01.729 | DEBUG    | androguard.core.axml:_do_next:593 - M_EVENT 2
2026-01-03 17:15:01.729 | DEBUG    | androguard.core.axml:_do_next:609 - NEXT HEADER <ARSCHeader idx='0x000036d8' type='259' header_size='16' size='24'>
2026-01-03 17:15:01.729 | DEBUG    | androguard.core.axml:__init__:1139 - DEBUG ARSC TYPE 3
2026-01-03 17:15:01.729 | DEBUG    | androguard.core.axml:is_valid:575 - True
2026-01-03 17:15:01.729 | DEBUG    | androguard.core.axml:_do_next:593 - M_EVENT 3
2026-01-03 17:15:01.729 | DEBUG    | androguard.core.axml:_do_next:609 - NEXT HEADER <ARSCHeader idx='0x000036f0' type='259' header_size='16' size='24'>
2026-01-03 17:15:01.729 | DEBUG    | androguard.core.axml:__init__:1139 - DEBUG ARSC TYPE 3
2026-01-03 17:15:01.729 | DEBUG    | androguard.core.axml:is_valid:575 - True
2026-01-03 17:15:01.729 | DEBUG    | androguard.core.axml:_do_next:593 - M_EVENT 3
2026-01-03 17:15:01.729 | DEBUG    | androguard.core.axml:_do_next:609 - NEXT HEADER <ARSCHeader idx='0x00003708' type='258' header_size='16' size='76'>
2026-01-03 17:15:01.729 | DEBUG    | androguard.core.axml:__init__:1139 - DEBUG ARSC TYPE 2
2026-01-03 17:15:01.729 | DEBUG    | androguard.core.axml:__init__:1160 - START_TAG: meta-data (line=0)
2026-01-03 17:15:01.729 | DEBUG    | androguard.core.axml:getAttributeNamespace:977 - 0
2026-01-03 17:15:01.729 | DEBUG    | androguard.core.axml:getAttributeUri:964 - 0
2026-01-03 17:15:01.729 | DEBUG    | androguard.core.axml:getAttributeName:993 - 0
2026-01-03 17:15:01.729 | DEBUG    | androguard.core.axml:getAttributeValueType:1020 - 0
2026-01-03 17:15:01.729 | DEBUG    | androguard.core.axml:getAttributeValueData:1031 - 0
2026-01-03 17:15:01.729 | DEBUG    | androguard.core.axml:getAttributeValue:1045 - 0
2026-01-03 17:15:01.729 | DEBUG    | androguard.core.axml:__init__:1188 - found an attribute: {http://schemas.android.com/apk/res/android}name='b'com.android.dynamic.apk.fused.modules''
2026-01-03 17:15:01.729 | DEBUG    | androguard.core.axml:getAttributeNamespace:977 - 1
2026-01-03 17:15:01.729 | DEBUG    | androguard.core.axml:getAttributeUri:964 - 1
2026-01-03 17:15:01.729 | DEBUG    | androguard.core.axml:getAttributeName:993 - 1
2026-01-03 17:15:01.729 | DEBUG    | androguard.core.axml:getAttributeValueType:1020 - 1
2026-01-03 17:15:01.729 | DEBUG    | androguard.core.axml:getAttributeValueData:1031 - 1
2026-01-03 17:15:01.729 | DEBUG    | androguard.core.axml:getAttributeValue:1045 - 1
2026-01-03 17:15:01.729 | DEBUG    | androguard.core.axml:__init__:1188 - found an attribute: {http://schemas.android.com/apk/res/android}value='b'base''
2026-01-03 17:15:01.729 | DEBUG    | androguard.core.axml:is_valid:575 - True
2026-01-03 17:15:01.729 | DEBUG    | androguard.core.axml:_do_next:593 - M_EVENT 2
2026-01-03 17:15:01.729 | DEBUG    | androguard.core.axml:_do_next:609 - NEXT HEADER <ARSCHeader idx='0x00003754' type='259' header_size='16' size='24'>
2026-01-03 17:15:01.729 | DEBUG    | androguard.core.axml:__init__:1139 - DEBUG ARSC TYPE 3
2026-01-03 17:15:01.729 | DEBUG    | androguard.core.axml:is_valid:575 - True
2026-01-03 17:15:01.729 | DEBUG    | androguard.core.axml:_do_next:593 - M_EVENT 3
2026-01-03 17:15:01.729 | DEBUG    | androguard.core.axml:_do_next:609 - NEXT HEADER <ARSCHeader idx='0x0000376c' type='258' header_size='16' size='76'>
2026-01-03 17:15:01.729 | DEBUG    | androguard.core.axml:__init__:1139 - DEBUG ARSC TYPE 2
2026-01-03 17:15:01.729 | DEBUG    | androguard.core.axml:__init__:1160 - START_TAG: meta-data (line=0)
2026-01-03 17:15:01.729 | DEBUG    | androguard.core.axml:getAttributeNamespace:977 - 0
2026-01-03 17:15:01.729 | DEBUG    | androguard.core.axml:getAttributeUri:964 - 0
2026-01-03 17:15:01.729 | DEBUG    | androguard.core.axml:getAttributeName:993 - 0
2026-01-03 17:15:01.729 | DEBUG    | androguard.core.axml:getAttributeValueType:1020 - 0
2026-01-03 17:15:01.729 | DEBUG    | androguard.core.axml:getAttributeValueData:1031 - 0
2026-01-03 17:15:01.729 | DEBUG    | androguard.core.axml:getAttributeValue:1045 - 0
2026-01-03 17:15:01.729 | DEBUG    | androguard.core.axml:__init__:1188 - found an attribute: {http://schemas.android.com/apk/res/android}name='b'com.android.stamp.source''
2026-01-03 17:15:01.729 | DEBUG    | androguard.core.axml:getAttributeNamespace:977 - 1
2026-01-03 17:15:01.729 | DEBUG    | androguard.core.axml:getAttributeUri:964 - 1
2026-01-03 17:15:01.729 | DEBUG    | androguard.core.axml:getAttributeName:993 - 1
2026-01-03 17:15:01.729 | DEBUG    | androguard.core.axml:getAttributeValueType:1020 - 1
2026-01-03 17:15:01.729 | DEBUG    | androguard.core.axml:getAttributeValueData:1031 - 1
2026-01-03 17:15:01.729 | DEBUG    | androguard.core.axml:getAttributeValue:1045 - 1
2026-01-03 17:15:01.729 | DEBUG    | androguard.core.axml:__init__:1188 - found an attribute: {http://schemas.android.com/apk/res/android}value='b'https://play.google.com/store''
2026-01-03 17:15:01.729 | DEBUG    | androguard.core.axml:is_valid:575 - True
2026-01-03 17:15:01.730 | DEBUG    | androguard.core.axml:_do_next:593 - M_EVENT 2
2026-01-03 17:15:01.730 | DEBUG    | androguard.core.axml:_do_next:609 - NEXT HEADER <ARSCHeader idx='0x000037b8' type='259' header_size='16' size='24'>
2026-01-03 17:15:01.730 | DEBUG    | androguard.core.axml:__init__:1139 - DEBUG ARSC TYPE 3
2026-01-03 17:15:01.730 | DEBUG    | androguard.core.axml:is_valid:575 - True
2026-01-03 17:15:01.730 | DEBUG    | androguard.core.axml:_do_next:593 - M_EVENT 3
2026-01-03 17:15:01.730 | DEBUG    | androguard.core.axml:_do_next:609 - NEXT HEADER <ARSCHeader idx='0x000037d0' type='258' header_size='16' size='76'>
2026-01-03 17:15:01.730 | DEBUG    | androguard.core.axml:__init__:1139 - DEBUG ARSC TYPE 2
2026-01-03 17:15:01.730 | DEBUG    | androguard.core.axml:__init__:1160 - START_TAG: meta-data (line=0)
2026-01-03 17:15:01.730 | DEBUG    | androguard.core.axml:getAttributeNamespace:977 - 0
2026-01-03 17:15:01.730 | DEBUG    | androguard.core.axml:getAttributeUri:964 - 0
2026-01-03 17:15:01.730 | DEBUG    | androguard.core.axml:getAttributeName:993 - 0
2026-01-03 17:15:01.730 | DEBUG    | androguard.core.axml:getAttributeValueType:1020 - 0
2026-01-03 17:15:01.730 | DEBUG    | androguard.core.axml:getAttributeValueData:1031 - 0
2026-01-03 17:15:01.730 | DEBUG    | androguard.core.axml:getAttributeValue:1045 - 0
2026-01-03 17:15:01.730 | DEBUG    | androguard.core.axml:__init__:1188 - found an attribute: {http://schemas.android.com/apk/res/android}name='b'com.android.stamp.type''
2026-01-03 17:15:01.730 | DEBUG    | androguard.core.axml:getAttributeNamespace:977 - 1
2026-01-03 17:15:01.730 | DEBUG    | androguard.core.axml:getAttributeUri:964 - 1
2026-01-03 17:15:01.730 | DEBUG    | androguard.core.axml:getAttributeName:993 - 1
2026-01-03 17:15:01.730 | DEBUG    | androguard.core.axml:getAttributeValueType:1020 - 1
2026-01-03 17:15:01.730 | DEBUG    | androguard.core.axml:getAttributeValueData:1031 - 1
2026-01-03 17:15:01.730 | DEBUG    | androguard.core.axml:getAttributeValue:1045 - 1
2026-01-03 17:15:01.730 | DEBUG    | androguard.core.axml:__init__:1188 - found an attribute: {http://schemas.android.com/apk/res/android}value='b'STAMP_TYPE_STANDALONE_APK''
2026-01-03 17:15:01.730 | DEBUG    | androguard.core.axml:is_valid:575 - True
2026-01-03 17:15:01.730 | DEBUG    | androguard.core.axml:_do_next:593 - M_EVENT 2
2026-01-03 17:15:01.730 | DEBUG    | androguard.core.axml:_do_next:609 - NEXT HEADER <ARSCHeader idx='0x0000381c' type='259' header_size='16' size='24'>
2026-01-03 17:15:01.730 | DEBUG    | androguard.core.axml:__init__:1139 - DEBUG ARSC TYPE 3
2026-01-03 17:15:01.730 | DEBUG    | androguard.core.axml:is_valid:575 - True
2026-01-03 17:15:01.730 | DEBUG    | androguard.core.axml:_do_next:593 - M_EVENT 3
2026-01-03 17:15:01.730 | DEBUG    | androguard.core.axml:_do_next:609 - NEXT HEADER <ARSCHeader idx='0x00003834' type='258' header_size='16' size='76'>
2026-01-03 17:15:01.730 | DEBUG    | androguard.core.axml:__init__:1139 - DEBUG ARSC TYPE 2
2026-01-03 17:15:01.730 | DEBUG    | androguard.core.axml:__init__:1160 - START_TAG: meta-data (line=0)
2026-01-03 17:15:01.730 | DEBUG    | androguard.core.axml:getAttributeNamespace:977 - 0
2026-01-03 17:15:01.730 | DEBUG    | androguard.core.axml:getAttributeUri:964 - 0
2026-01-03 17:15:01.730 | DEBUG    | androguard.core.axml:getAttributeName:993 - 0
2026-01-03 17:15:01.730 | DEBUG    | androguard.core.axml:getAttributeValueType:1020 - 0
2026-01-03 17:15:01.730 | DEBUG    | androguard.core.axml:getAttributeValueData:1031 - 0
2026-01-03 17:15:01.730 | DEBUG    | androguard.core.axml:getAttributeValue:1045 - 0
2026-01-03 17:15:01.730 | DEBUG    | androguard.core.axml:__init__:1188 - found an attribute: {http://schemas.android.com/apk/res/android}name='b'com.android.vending.splits''
2026-01-03 17:15:01.730 | DEBUG    | androguard.core.axml:getAttributeNamespace:977 - 1
2026-01-03 17:15:01.730 | DEBUG    | androguard.core.axml:getAttributeUri:964 - 1
2026-01-03 17:15:01.730 | DEBUG    | androguard.core.axml:getAttributeName:993 - 1
2026-01-03 17:15:01.730 | DEBUG    | androguard.core.axml:getAttributeValueType:1020 - 1
2026-01-03 17:15:01.730 | DEBUG    | androguard.core.axml:getAttributeValueData:1031 - 1
2026-01-03 17:15:01.730 | DEBUG    | androguard.core.axml:__init__:1188 - found an attribute: {http://schemas.android.com/apk/res/android}resource='b'@7F170027''
2026-01-03 17:15:01.730 | DEBUG    | androguard.core.axml:is_valid:575 - True
2026-01-03 17:15:01.730 | DEBUG    | androguard.core.axml:_do_next:593 - M_EVENT 2
2026-01-03 17:15:01.730 | DEBUG    | androguard.core.axml:_do_next:609 - NEXT HEADER <ARSCHeader idx='0x00003880' type='259' header_size='16' size='24'>
2026-01-03 17:15:01.730 | DEBUG    | androguard.core.axml:__init__:1139 - DEBUG ARSC TYPE 3
2026-01-03 17:15:01.730 | DEBUG    | androguard.core.axml:is_valid:575 - True
2026-01-03 17:15:01.730 | DEBUG    | androguard.core.axml:_do_next:593 - M_EVENT 3
2026-01-03 17:15:01.730 | DEBUG    | androguard.core.axml:_do_next:609 - NEXT HEADER <ARSCHeader idx='0x00003898' type='258' header_size='16' size='76'>
2026-01-03 17:15:01.730 | DEBUG    | androguard.core.axml:__init__:1139 - DEBUG ARSC TYPE 2
2026-01-03 17:15:01.730 | DEBUG    | androguard.core.axml:__init__:1160 - START_TAG: meta-data (line=0)
2026-01-03 17:15:01.730 | DEBUG    | androguard.core.axml:getAttributeNamespace:977 - 0
2026-01-03 17:15:01.730 | DEBUG    | androguard.core.axml:getAttributeUri:964 - 0
2026-01-03 17:15:01.730 | DEBUG    | androguard.core.axml:getAttributeName:993 - 0
2026-01-03 17:15:01.730 | DEBUG    | androguard.core.axml:getAttributeValueType:1020 - 0
2026-01-03 17:15:01.730 | DEBUG    | androguard.core.axml:getAttributeValueData:1031 - 0
2026-01-03 17:15:01.730 | DEBUG    | androguard.core.axml:getAttributeValue:1045 - 0
2026-01-03 17:15:01.730 | DEBUG    | androguard.core.axml:__init__:1188 - found an attribute: {http://schemas.android.com/apk/res/android}name='b'com.android.vending.derived.apk.id''
2026-01-03 17:15:01.730 | DEBUG    | androguard.core.axml:getAttributeNamespace:977 - 1
2026-01-03 17:15:01.731 | DEBUG    | androguard.core.axml:getAttributeUri:964 - 1
2026-01-03 17:15:01.731 | DEBUG    | androguard.core.axml:getAttributeName:993 - 1
2026-01-03 17:15:01.731 | DEBUG    | androguard.core.axml:getAttributeValueType:1020 - 1
2026-01-03 17:15:01.731 | DEBUG    | androguard.core.axml:getAttributeValueData:1031 - 1
2026-01-03 17:15:01.731 | DEBUG    | androguard.core.axml:__init__:1188 - found an attribute: {http://schemas.android.com/apk/res/android}value='b'2''
2026-01-03 17:15:01.731 | DEBUG    | androguard.core.axml:is_valid:575 - True
2026-01-03 17:15:01.731 | DEBUG    | androguard.core.axml:_do_next:593 - M_EVENT 2
2026-01-03 17:15:01.731 | DEBUG    | androguard.core.axml:_do_next:609 - NEXT HEADER <ARSCHeader idx='0x000038e4' type='259' header_size='16' size='24'>
2026-01-03 17:15:01.731 | DEBUG    | androguard.core.axml:__init__:1139 - DEBUG ARSC TYPE 3
2026-01-03 17:15:01.731 | DEBUG    | androguard.core.axml:is_valid:575 - True
2026-01-03 17:15:01.731 | DEBUG    | androguard.core.axml:_do_next:593 - M_EVENT 3
2026-01-03 17:15:01.731 | DEBUG    | androguard.core.axml:_do_next:609 - NEXT HEADER <ARSCHeader idx='0x000038fc' type='259' header_size='16' size='24'>
2026-01-03 17:15:01.731 | DEBUG    | androguard.core.axml:__init__:1139 - DEBUG ARSC TYPE 3
2026-01-03 17:15:01.731 | DEBUG    | androguard.core.axml:is_valid:575 - True
2026-01-03 17:15:01.731 | DEBUG    | androguard.core.axml:_do_next:593 - M_EVENT 3
2026-01-03 17:15:01.731 | DEBUG    | androguard.core.axml:_do_next:609 - NEXT HEADER <ARSCHeader idx='0x00003914' type='259' header_size='16' size='24'>
2026-01-03 17:15:01.731 | DEBUG    | androguard.core.axml:__init__:1139 - DEBUG ARSC TYPE 3
2026-01-03 17:15:01.731 | DEBUG    | androguard.core.axml:is_valid:575 - True
2026-01-03 17:15:01.731 | DEBUG    | androguard.core.axml:_do_next:593 - M_EVENT 3
2026-01-03 17:15:01.731 | DEBUG    | androguard.core.axml:_do_next:609 - NEXT HEADER <ARSCHeader idx='0x0000392c' type='257' header_size='16' size='24'>
2026-01-03 17:15:01.731 | DEBUG    | androguard.core.axml:__init__:1139 - DEBUG ARSC TYPE 1
2026-01-03 17:15:01.731 | DEBUG    | androguard.core.axml:is_valid:575 - True
2026-01-03 17:15:01.732 | INFO     | androguard.core.apk:_apk_analysis:496 - APK file was successfully validated!
2026-01-03 17:15:01.732 | DEBUG    | androguard.core.api_specific_resources:load_permissions:56 - Available API levels: 4, 5, 6, 7, 8, 9, 10, 13, 14, 15, 16, 17, 18, 19, 21, 22, 23, 24, 25, 26, 27, 28, 29, 30, 31, 32, 33, 34
2026-01-03 17:15:01.732 | WARNING  | androguard.core.api_specific_resources:load_permissions:62 - Requested API level 36 is larger than maximum we have, returning API level 34 instead.
2026-01-03 17:15:01.732 | DEBUG    | androguard.core.api_specific_resources:load_permissions:56 - Available API levels: 4, 5, 6, 7, 8, 9, 10, 13, 14, 15, 16, 17, 18, 19, 21, 22, 23, 24, 25, 26, 27, 28, 29, 30, 31, 32, 33, 34
2026-01-03 17:15:01.736 | DEBUG    | androguard.core.api_specific_resources:load_permissions:56 - Available API levels: 4, 5, 6, 7, 8, 9, 10, 13, 14, 15, 16, 17, 18, 19, 21, 22, 23, 24, 25, 26, 27, 28, 29, 30, 31, 32, 33, 34
2026-01-03 17:15:01.740 | DEBUG    | androguard.core.axml:__init__:1695 - Parsed ResTable_header with 1 package(s) inside.
2026-01-03 17:15:01.741 | DEBUG    | androguard.core.axml:__init__:1725 - Found the main string pool: %s
2026-01-03 17:15:01.742 | DEBUG    | androguard.core.axml:__init__:1769 - Constructed a PackageContext: %s
2026-01-03 17:15:01.742 | DEBUG    | androguard.core.axml:__init__:1805 - Found a header: <ARSCHeader idx='0x00095820' type='514' header_size='16' size='192'>
2026-01-03 17:15:01.742 | WARNING  | androguard.core.axml:__init__:2935 - res1 must be zero!
2026-01-03 17:15:01.742 | DEBUG    | androguard.core.axml:__init__:1805 - Found a header: <ARSCHeader idx='0x000958e0' type='513' header_size='84' size='708'>
2026-01-03 17:15:01.742 | DEBUG    | androguard.core.axml:__init__:3125 - Skipping padding bytes!
2026-01-03 17:15:01.742 | DEBUG    | androguard.core.axml:__init__:2973 - Parsed <ARSCResType(start=0x958e8, id=0x1, flags=0x0, entryCount=44, entriesStart=0x104, mResId=0x7f010000, table:anim)>
2026-01-03 17:15:01.742 | DEBUG    | androguard.core.axml:__init__:1833 - Config: <ARSCResTableConfig ''=(0, 0, 0, 0, 0, 0, 0, 0, 0)>
2026-01-03 17:15:01.742 | DEBUG    | androguard.core.axml:__init__:1805 - Found a header: <ARSCHeader idx='0x00095ba4' type='514' header_size='16' size='192'>
2026-01-03 17:15:01.742 | WARNING  | androguard.core.axml:__init__:2935 - res1 must be zero!
2026-01-03 17:15:01.742 | DEBUG    | androguard.core.axml:__init__:1805 - Found a header: <ARSCHeader idx='0x00095c64' type='513' header_size='84' size='724'>
2026-01-03 17:15:01.742 | DEBUG    | androguard.core.axml:__init__:3125 - Skipping padding bytes!
2026-01-03 17:15:01.742 | DEBUG    | androguard.core.axml:__init__:2973 - Parsed <ARSCResType(start=0x95c6c, id=0x2, flags=0x0, entryCount=44, entriesStart=0x104, mResId=0x7f020000, table:animator)>
2026-01-03 17:15:01.742 | DEBUG    | androguard.core.axml:__init__:1833 - Config: <ARSCResTableConfig ''=(0, 0, 0, 0, 0, 0, 0, 0, 0)>
2026-01-03 17:15:01.742 | DEBUG    | androguard.core.axml:__init__:1805 - Found a header: <ARSCHeader idx='0x00095f38' type='514' header_size='16' size='28'>
2026-01-03 17:15:01.742 | WARNING  | androguard.core.axml:__init__:2935 - res1 must be zero!
2026-01-03 17:15:01.743 | DEBUG    | androguard.core.axml:__init__:1805 - Found a header: <ARSCHeader idx='0x00095f54' type='513' header_size='84' size='192'>
2026-01-03 17:15:01.743 | DEBUG    | androguard.core.axml:__init__:3125 - Skipping padding bytes!
2026-01-03 17:15:01.743 | DEBUG    | androguard.core.axml:__init__:2973 - Parsed <ARSCResType(start=0x95f5c, id=0x3, flags=0x0, entryCount=3, entriesStart=0x60, mResId=0x7f030000, table:array)>
2026-01-03 17:15:01.743 | DEBUG    | androguard.core.axml:__init__:1833 - Config: <ARSCResTableConfig ''=(0, 0, 0, 0, 0, 0, 0, 0, 0)>
2026-01-03 17:15:01.743 | DEBUG    | androguard.core.axml:__init__:1805 - Found a header: <ARSCHeader idx='0x00096014' type='514' header_size='16' size='6340'>
2026-01-03 17:15:01.743 | WARNING  | androguard.core.axml:__init__:2935 - res1 must be zero!
2026-01-03 17:15:01.743 | DEBUG    | androguard.core.axml:__init__:1805 - Found a header: <ARSCHeader idx='0x000978d8' type='513' header_size='84' size='47968'>
2026-01-03 17:15:01.743 | DEBUG    | androguard.core.axml:__init__:3125 - Skipping padding bytes!
2026-01-03 17:15:01.743 | DEBUG    | androguard.core.axml:__init__:2973 - Parsed <ARSCResType(start=0x978e0, id=0x4, flags=0x0, entryCount=1581, entriesStart=0x1908, mResId=0x7f040000, table:attr)>
2026-01-03 17:15:01.743 | DEBUG    | androguard.core.axml:__init__:1833 - Config: <ARSCResTableConfig ''=(0, 0, 0, 0, 0, 0, 0, 0, 0)>
2026-01-03 17:15:01.784 | DEBUG    | androguard.core.axml:__init__:1805 - Found a header: <ARSCHeader idx='0x000a3438' type='514' header_size='16' size='144'>
2026-01-03 17:15:01.784 | WARNING  | androguard.core.axml:__init__:2935 - res1 must be zero!
2026-01-03 17:15:01.784 | DEBUG    | androguard.core.axml:__init__:1805 - Found a header: <ARSCHeader idx='0x000a34c8' type='513' header_size='84' size='420'>
2026-01-03 17:15:01.784 | DEBUG    | androguard.core.axml:__init__:3125 - Skipping padding bytes!
2026-01-03 17:15:01.784 | DEBUG    | androguard.core.axml:__init__:2973 - Parsed <ARSCResType(start=0xa34d0, id=0x5, flags=0x0, entryCount=32, entriesStart=0xd4, mResId=0x7f050000, table:bool)>
2026-01-03 17:15:01.784 | DEBUG    | androguard.core.axml:__init__:1833 - Config: <ARSCResTableConfig ''=(0, 0, 0, 0, 0, 0, 0, 0, 0)>
2026-01-03 17:15:01.785 | DEBUG    | androguard.core.axml:__init__:1805 - Found a header: <ARSCHeader idx='0x000a366c' type='513' header_size='84' size='276'>
2026-01-03 17:15:01.785 | DEBUG    | androguard.core.axml:__init__:3125 - Skipping padding bytes!
2026-01-03 17:15:01.785 | DEBUG    | androguard.core.axml:__init__:2973 - Parsed <ARSCResType(start=0xa3674, id=0x5, flags=0x0, entryCount=32, entriesStart=0xd4, mResId=0x7f050000, table:bool)>
2026-01-03 17:15:01.785 | DEBUG    | androguard.core.axml:__init__:1833 - Config: <ARSCResTableConfig 'h320dp'=(0, 0, 0, 0, 0, 0, 0, 20971520, 0)>
2026-01-03 17:15:01.785 | DEBUG    | androguard.core.axml:__init__:1805 - Found a header: <ARSCHeader idx='0x000a3780' type='513' header_size='84' size='308'>
2026-01-03 17:15:01.785 | DEBUG    | androguard.core.axml:__init__:3125 - Skipping padding bytes!
2026-01-03 17:15:01.785 | DEBUG    | androguard.core.axml:__init__:2973 - Parsed <ARSCResType(start=0xa3788, id=0x5, flags=0x0, entryCount=32, entriesStart=0xd4, mResId=0x7f050000, table:bool)>
2026-01-03 17:15:01.785 | DEBUG    | androguard.core.axml:__init__:1833 - Config: <ARSCResTableConfig 'sw800dp-w1200dp'=(0, 0, 0, 0, 0, 0, 52428800, 1200, 0)>
2026-01-03 17:15:01.785 | DEBUG    | androguard.core.axml:__init__:1805 - Found a header: <ARSCHeader idx='0x000a38b4' type='513' header_size='84' size='228'>
2026-01-03 17:15:01.785 | DEBUG    | androguard.core.axml:__init__:3125 - Skipping padding bytes!
2026-01-03 17:15:01.785 | DEBUG    | androguard.core.axml:__init__:2973 - Parsed <ARSCResType(start=0xa38bc, id=0x5, flags=0x0, entryCount=32, entriesStart=0xd4, mResId=0x7f050000, table:bool)>
2026-01-03 17:15:01.785 | DEBUG    | androguard.core.axml:__init__:1833 - Config: <ARSCResTableConfig 'night'=(0, 0, 0, 0, 0, 0, 8192, 0, 0)>
2026-01-03 17:15:01.785 | DEBUG    | androguard.core.axml:__init__:1805 - Found a header: <ARSCHeader idx='0x000a3998' type='513' header_size='84' size='228'>
2026-01-03 17:15:01.785 | DEBUG    | androguard.core.axml:__init__:3125 - Skipping padding bytes!
2026-01-03 17:15:01.785 | DEBUG    | androguard.core.axml:__init__:2973 - Parsed <ARSCResType(start=0xa39a0, id=0x5, flags=0x0, entryCount=32, entriesStart=0xd4, mResId=0x7f050000, table:bool)>
2026-01-03 17:15:01.785 | DEBUG    | androguard.core.axml:__init__:1833 - Config: <ARSCResTableConfig 'port'=(0, 0, 1, 0, 0, 0, 0, 0, 0)>
2026-01-03 17:15:01.785 | DEBUG    | androguard.core.axml:__init__:1805 - Found a header: <ARSCHeader idx='0x000a3a7c' type='513' header_size='84' size='308'>
2026-01-03 17:15:01.785 | DEBUG    | androguard.core.axml:__init__:3125 - Skipping padding bytes!
2026-01-03 17:15:01.785 | DEBUG    | androguard.core.axml:__init__:2973 - Parsed <ARSCResType(start=0xa3a84, id=0x5, flags=0x0, entryCount=32, entriesStart=0xd4, mResId=0x7f050000, table:bool)>
2026-01-03 17:15:01.785 | DEBUG    | androguard.core.axml:__init__:1833 - Config: <ARSCResTableConfig 'sw600dp-land'=(0, 0, 2, 0, 0, 0, 39321600, 0, 0)>
2026-01-03 17:15:01.785 | DEBUG    | androguard.core.axml:__init__:1805 - Found a header: <ARSCHeader idx='0x000a3bb0' type='514' header_size='16' size='8224'>
2026-01-03 17:15:01.785 | WARNING  | androguard.core.axml:__init__:2935 - res1 must be zero!
2026-01-03 17:15:01.785 | DEBUG    | androguard.core.axml:__init__:1805 - Found a header: <ARSCHeader idx='0x000a5bd0' type='513' header_size='84' size='18452'>
2026-01-03 17:15:01.786 | DEBUG    | androguard.core.axml:__init__:3125 - Skipping padding bytes!
2026-01-03 17:15:01.786 | DEBUG    | androguard.core.axml:__init__:2973 - Parsed <ARSCResType(start=0xa5bd8, id=0x6, flags=0x0, entryCount=2052, entriesStart=0x2064, mResId=0x7f060000, table:color)>
2026-01-03 17:15:01.786 | DEBUG    | androguard.core.axml:__init__:1833 - Config: <ARSCResTableConfig ''=(0, 0, 0, 0, 0, 0, 0, 0, 0)>
2026-01-03 17:15:01.788 | DEBUG    | androguard.core.axml:__init__:1805 - Found a header: <ARSCHeader idx='0x000aa3e4' type='513' header_size='84' size='8372'>
2026-01-03 17:15:01.788 | DEBUG    | androguard.core.axml:__init__:3125 - Skipping padding bytes!
2026-01-03 17:15:01.788 | DEBUG    | androguard.core.axml:__init__:2973 - Parsed <ARSCResType(start=0xaa3ec, id=0x6, flags=0x0, entryCount=2052, entriesStart=0x2064, mResId=0x7f060000, table:color)>
2026-01-03 17:15:01.788 | DEBUG    | androguard.core.axml:__init__:1833 - Config: <ARSCResTableConfig 'night'=(0, 0, 0, 0, 0, 0, 8192, 0, 0)>
2026-01-03 17:15:01.788 | DEBUG    | androguard.core.axml:__init__:1805 - Found a header: <ARSCHeader idx='0x000ac498' type='513' header_size='84' size='8308'>
2026-01-03 17:15:01.788 | DEBUG    | androguard.core.axml:__init__:3125 - Skipping padding bytes!
2026-01-03 17:15:01.788 | DEBUG    | androguard.core.axml:__init__:2973 - Parsed <ARSCResType(start=0xac4a0, id=0x6, flags=0x0, entryCount=2052, entriesStart=0x2064, mResId=0x7f060000, table:color)>
2026-01-03 17:15:01.788 | DEBUG    | androguard.core.axml:__init__:1833 - Config: <ARSCResTableConfig 'v27'=(0, 0, 0, 0, 0, 27, 0, 0, 0)>
2026-01-03 17:15:01.789 | DEBUG    | androguard.core.axml:__init__:1805 - Found a header: <ARSCHeader idx='0x000ae50c' type='513' header_size='84' size='8308'>
2026-01-03 17:15:01.789 | DEBUG    | androguard.core.axml:__init__:3125 - Skipping padding bytes!
2026-01-03 17:15:01.789 | DEBUG    | androguard.core.axml:__init__:2973 - Parsed <ARSCResType(start=0xae514, id=0x6, flags=0x0, entryCount=2052, entriesStart=0x2064, mResId=0x7f060000, table:color)>
2026-01-03 17:15:01.789 | DEBUG    | androguard.core.axml:__init__:1833 - Config: <ARSCResTableConfig 'v29'=(0, 0, 0, 0, 0, 29, 0, 0, 0)>
2026-01-03 17:15:01.789 | DEBUG    | androguard.core.axml:__init__:1805 - Found a header: <ARSCHeader idx='0x000b0580' type='513' header_size='84' size='8308'>
2026-01-03 17:15:01.789 | DEBUG    | androguard.core.axml:__init__:3125 - Skipping padding bytes!
2026-01-03 17:15:01.790 | DEBUG    | androguard.core.axml:__init__:2973 - Parsed <ARSCResType(start=0xb0588, id=0x6, flags=0x0, entryCount=2052, entriesStart=0x2064, mResId=0x7f060000, table:color)>
2026-01-03 17:15:01.790 | DEBUG    | androguard.core.axml:__init__:1833 - Config: <ARSCResTableConfig 'night-v29'=(0, 0, 0, 0, 0, 29, 8192, 0, 0)>
2026-01-03 17:15:01.790 | DEBUG    | androguard.core.axml:__init__:1805 - Found a header: <ARSCHeader idx='0x000b25f4' type='513' header_size='84' size='12676'>
2026-01-03 17:15:01.790 | DEBUG    | androguard.core.axml:__init__:3125 - Skipping padding bytes!
2026-01-03 17:15:01.790 | DEBUG    | androguard.core.axml:__init__:2973 - Parsed <ARSCResType(start=0xb25fc, id=0x6, flags=0x0, entryCount=2052, entriesStart=0x2064, mResId=0x7f060000, table:color)>
2026-01-03 17:15:01.790 | DEBUG    | androguard.core.axml:__init__:1833 - Config: <ARSCResTableConfig 'v31'=(0, 0, 0, 0, 0, 31, 0, 0, 0)>
2026-01-03 17:15:01.791 | DEBUG    | androguard.core.axml:__init__:1805 - Found a header: <ARSCHeader idx='0x000b5778' type='513' header_size='84' size='11076'>
2026-01-03 17:15:01.791 | DEBUG    | androguard.core.axml:__init__:3125 - Skipping padding bytes!
2026-01-03 17:15:01.791 | DEBUG    | androguard.core.axml:__init__:2973 - Parsed <ARSCResType(start=0xb5780, id=0x6, flags=0x0, entryCount=2052, entriesStart=0x2064, mResId=0x7f060000, table:color)>
2026-01-03 17:15:01.791 | DEBUG    | androguard.core.axml:__init__:1833 - Config: <ARSCResTableConfig 'v34'=(0, 0, 0, 0, 0, 34, 0, 0, 0)>
2026-01-03 17:15:01.792 | DEBUG    | androguard.core.axml:__init__:1805 - Found a header: <ARSCHeader idx='0x000b82bc' type='513' header_size='84' size='8420'>
2026-01-03 17:15:01.792 | DEBUG    | androguard.core.axml:__init__:3125 - Skipping padding bytes!
2026-01-03 17:15:01.792 | DEBUG    | androguard.core.axml:__init__:2973 - Parsed <ARSCResType(start=0xb82c4, id=0x6, flags=0x0, entryCount=2052, entriesStart=0x2064, mResId=0x7f060000, table:color)>
2026-01-03 17:15:01.792 | DEBUG    | androguard.core.axml:__init__:1833 - Config: <ARSCResTableConfig 'v35'=(0, 0, 0, 0, 0, 35, 0, 0, 0)>
2026-01-03 17:15:01.793 | DEBUG    | androguard.core.axml:__init__:1805 - Found a header: <ARSCHeader idx='0x000ba3a0' type='514' header_size='16' size='5604'>
2026-01-03 17:15:01.793 | WARNING  | androguard.core.axml:__init__:2935 - res1 must be zero!
2026-01-03 17:15:01.793 | DEBUG    | androguard.core.axml:__init__:1805 - Found a header: <ARSCHeader idx='0x000bb984' type='513' header_size='84' size='18024'>
2026-01-03 17:15:01.793 | DEBUG    | androguard.core.axml:__init__:3125 - Skipping padding bytes!
2026-01-03 17:15:01.793 | DEBUG    | androguard.core.axml:__init__:2973 - Parsed <ARSCResType(start=0xbb98c, id=0x7, flags=0x0, entryCount=1397, entriesStart=0x1628, mResId=0x7f070000, table:dimen)>
2026-01-03 17:15:01.793 | DEBUG    | androguard.core.axml:__init__:1833 - Config: <ARSCResTableConfig ''=(0, 0, 0, 0, 0, 0, 0, 0, 0)>
2026-01-03 17:15:01.796 | DEBUG    | androguard.core.axml:__init__:1805 - Found a header: <ARSCHeader idx='0x000bffec' type='513' header_size='84' size='5704'>
2026-01-03 17:15:01.796 | DEBUG    | androguard.core.axml:__init__:3125 - Skipping padding bytes!
2026-01-03 17:15:01.796 | DEBUG    | androguard.core.axml:__init__:2973 - Parsed <ARSCResType(start=0xbfff4, id=0x7, flags=0x0, entryCount=1397, entriesStart=0x1628, mResId=0x7f070000, table:dimen)>
2026-01-03 17:15:01.796 | DEBUG    | androguard.core.axml:__init__:1833 - Config: <ARSCResTableConfig 'h320dp'=(0, 0, 0, 0, 0, 0, 0, 20971520, 0)>
2026-01-03 17:15:01.796 | DEBUG    | androguard.core.axml:__init__:1805 - Found a header: <ARSCHeader idx='0x000c1634' type='513' header_size='84' size='5768'>
2026-01-03 17:15:01.796 | DEBUG    | androguard.core.axml:__init__:3125 - Skipping padding bytes!
2026-01-03 17:15:01.796 | DEBUG    | androguard.core.axml:__init__:2973 - Parsed <ARSCResType(start=0xc163c, id=0x7, flags=0x0, entryCount=1397, entriesStart=0x1628, mResId=0x7f070000, table:dimen)>
2026-01-03 17:15:01.796 | DEBUG    | androguard.core.axml:__init__:1833 - Config: <ARSCResTableConfig 'h480dp'=(0, 0, 0, 0, 0, 0, 0, 31457280, 0)>
2026-01-03 17:15:01.796 | DEBUG    | androguard.core.axml:__init__:1805 - Found a header: <ARSCHeader idx='0x000c2cbc' type='513' header_size='84' size='5704'>
2026-01-03 17:15:01.797 | DEBUG    | androguard.core.axml:__init__:3125 - Skipping padding bytes!
2026-01-03 17:15:01.797 | DEBUG    | androguard.core.axml:__init__:2973 - Parsed <ARSCResType(start=0xc2cc4, id=0x7, flags=0x0, entryCount=1397, entriesStart=0x1628, mResId=0x7f070000, table:dimen)>
2026-01-03 17:15:01.797 | DEBUG    | androguard.core.axml:__init__:1833 - Config: <ARSCResTableConfig 'h580dp'=(0, 0, 0, 0, 0, 0, 0, 38010880, 0)>
2026-01-03 17:15:01.797 | DEBUG    | androguard.core.axml:__init__:1805 - Found a header: <ARSCHeader idx='0x000c4304' type='513' header_size='84' size='5688'>
2026-01-03 17:15:01.797 | DEBUG    | androguard.core.axml:__init__:3125 - Skipping padding bytes!
2026-01-03 17:15:01.797 | DEBUG    | androguard.core.axml:__init__:2973 - Parsed <ARSCResType(start=0xc430c, id=0x7, flags=0x0, entryCount=1397, entriesStart=0x1628, mResId=0x7f070000, table:dimen)>
2026-01-03 17:15:01.797 | DEBUG    | androguard.core.axml:__init__:1833 - Config: <ARSCResTableConfig 'h720dp'=(0, 0, 0, 0, 0, 0, 0, 47185920, 0)>
2026-01-03 17:15:01.797 | DEBUG    | androguard.core.axml:__init__:1805 - Found a header: <ARSCHeader idx='0x000c593c' type='513' header_size='84' size='5976'>
2026-01-03 17:15:01.797 | DEBUG    | androguard.core.axml:__init__:3125 - Skipping padding bytes!
2026-01-03 17:15:01.797 | DEBUG    | androguard.core.axml:__init__:2973 - Parsed <ARSCResType(start=0xc5944, id=0x7, flags=0x0, entryCount=1397, entriesStart=0x1628, mResId=0x7f070000, table:dimen)>
2026-01-03 17:15:01.797 | DEBUG    | androguard.core.axml:__init__:1833 - Config: <ARSCResTableConfig 'sw600dp'=(0, 0, 0, 0, 0, 0, 39321600, 0, 0)>
2026-01-03 17:15:01.798 | DEBUG    | androguard.core.axml:__init__:1805 - Found a header: <ARSCHeader idx='0x000c7094' type='513' header_size='84' size='5688'>
2026-01-03 17:15:01.798 | DEBUG    | androguard.core.axml:__init__:3125 - Skipping padding bytes!
2026-01-03 17:15:01.798 | DEBUG    | androguard.core.axml:__init__:2973 - Parsed <ARSCResType(start=0xc709c, id=0x7, flags=0x0, entryCount=1397, entriesStart=0x1628, mResId=0x7f070000, table:dimen)>
2026-01-03 17:15:01.798 | DEBUG    | androguard.core.axml:__init__:1833 - Config: <ARSCResTableConfig 'sw800dp-w1200dp'=(0, 0, 0, 0, 0, 0, 52428800, 1200, 0)>
2026-01-03 17:15:01.798 | DEBUG    | androguard.core.axml:__init__:1805 - Found a header: <ARSCHeader idx='0x000c86cc' type='513' header_size='84' size='5704'>
2026-01-03 17:15:01.798 | DEBUG    | androguard.core.axml:__init__:3125 - Skipping padding bytes!
2026-01-03 17:15:01.798 | DEBUG    | androguard.core.axml:__init__:2973 - Parsed <ARSCResType(start=0xc86d4, id=0x7, flags=0x0, entryCount=1397, entriesStart=0x1628, mResId=0x7f070000, table:dimen)>
2026-01-03 17:15:01.798 | DEBUG    | androguard.core.axml:__init__:1833 - Config: <ARSCResTableConfig 'sw800dp-h1200dp'=(0, 0, 0, 0, 0, 0, 52428800, 78643200, 0)>
2026-01-03 17:15:01.799 | DEBUG    | androguard.core.axml:__init__:1805 - Found a header: <ARSCHeader idx='0x000c9d14' type='513' header_size='84' size='5688'>
2026-01-03 17:15:01.799 | DEBUG    | androguard.core.axml:__init__:3125 - Skipping padding bytes!
2026-01-03 17:15:01.799 | DEBUG    | androguard.core.axml:__init__:2973 - Parsed <ARSCResType(start=0xc9d1c, id=0x7, flags=0x0, entryCount=1397, entriesStart=0x1628, mResId=0x7f070000, table:dimen)>
2026-01-03 17:15:01.799 | DEBUG    | androguard.core.axml:__init__:1833 - Config: <ARSCResTableConfig 'round'=(0, 0, 0, 0, 0, 0, 0, 0, 2)>
2026-01-03 17:15:01.799 | DEBUG    | androguard.core.axml:__init__:1805 - Found a header: <ARSCHeader idx='0x000cb34c' type='513' header_size='84' size='5720'>
2026-01-03 17:15:01.799 | DEBUG    | androguard.core.axml:__init__:3125 - Skipping padding bytes!
2026-01-03 17:15:01.799 | DEBUG    | androguard.core.axml:__init__:2973 - Parsed <ARSCResType(start=0xcb354, id=0x7, flags=0x0, entryCount=1397, entriesStart=0x1628, mResId=0x7f070000, table:dimen)>
2026-01-03 17:15:01.799 | DEBUG    | androguard.core.axml:__init__:1833 - Config: <ARSCResTableConfig 'large'=(0, 0, 0, 0, 0, 0, 3, 0, 0)>
2026-01-03 17:15:01.799 | DEBUG    | androguard.core.axml:__init__:1805 - Found a header: <ARSCHeader idx='0x000cc9a4' type='513' header_size='84' size='5704'>
2026-01-03 17:15:01.799 | DEBUG    | androguard.core.axml:__init__:3125 - Skipping padding bytes!
2026-01-03 17:15:01.799 | DEBUG    | androguard.core.axml:__init__:2973 - Parsed <ARSCResType(start=0xcc9ac, id=0x7, flags=0x0, entryCount=1397, entriesStart=0x1628, mResId=0x7f070000, table:dimen)>
2026-01-03 17:15:01.799 | DEBUG    | androguard.core.axml:__init__:1833 - Config: <ARSCResTableConfig 'xlarge'=(0, 0, 0, 0, 0, 0, 4, 0, 0)>
2026-01-03 17:15:01.800 | DEBUG    | androguard.core.axml:__init__:1805 - Found a header: <ARSCHeader idx='0x000cdfec' type='513' header_size='84' size='5928'>
2026-01-03 17:15:01.800 | DEBUG    | androguard.core.axml:__init__:3125 - Skipping padding bytes!
2026-01-03 17:15:01.800 | DEBUG    | androguard.core.axml:__init__:2973 - Parsed <ARSCResType(start=0xcdff4, id=0x7, flags=0x0, entryCount=1397, entriesStart=0x1628, mResId=0x7f070000, table:dimen)>
2026-01-03 17:15:01.800 | DEBUG    | androguard.core.axml:__init__:1833 - Config: <ARSCResTableConfig 'v28'=(0, 0, 0, 0, 0, 28, 0, 0, 0)>
2026-01-03 17:15:01.800 | DEBUG    | androguard.core.axml:__init__:1805 - Found a header: <ARSCHeader idx='0x000cf714' type='513' header_size='84' size='5752'>
2026-01-03 17:15:01.800 | DEBUG    | androguard.core.axml:__init__:3125 - Skipping padding bytes!
2026-01-03 17:15:01.800 | DEBUG    | androguard.core.axml:__init__:2973 - Parsed <ARSCResType(start=0xcf71c, id=0x7, flags=0x0, entryCount=1397, entriesStart=0x1628, mResId=0x7f070000, table:dimen)>
2026-01-03 17:15:01.800 | DEBUG    | androguard.core.axml:__init__:1833 - Config: <ARSCResTableConfig 'w360dp-port'=(0, 0, 1, 0, 0, 0, 0, 360, 0)>
2026-01-03 17:15:01.801 | DEBUG    | androguard.core.axml:__init__:1805 - Found a header: <ARSCHeader idx='0x000d0d8c' type='513' header_size='84' size='5720'>
2026-01-03 17:15:01.801 | DEBUG    | androguard.core.axml:__init__:3125 - Skipping padding bytes!
2026-01-03 17:15:01.801 | DEBUG    | androguard.core.axml:__init__:2973 - Parsed <ARSCResType(start=0xd0d94, id=0x7, flags=0x0, entryCount=1397, entriesStart=0x1628, mResId=0x7f070000, table:dimen)>
2026-01-03 17:15:01.801 | DEBUG    | androguard.core.axml:__init__:1833 - Config: <ARSCResTableConfig 'w400dp-port'=(0, 0, 1, 0, 0, 0, 0, 400, 0)>
2026-01-03 17:15:01.801 | DEBUG    | androguard.core.axml:__init__:1805 - Found a header: <ARSCHeader idx='0x000d23e4' type='513' header_size='84' size='5800'>
2026-01-03 17:15:01.801 | DEBUG    | androguard.core.axml:__init__:3125 - Skipping padding bytes!
2026-01-03 17:15:01.801 | DEBUG    | androguard.core.axml:__init__:2973 - Parsed <ARSCResType(start=0xd23ec, id=0x7, flags=0x0, entryCount=1397, entriesStart=0x1628, mResId=0x7f070000, table:dimen)>
2026-01-03 17:15:01.801 | DEBUG    | androguard.core.axml:__init__:1833 - Config: <ARSCResTableConfig 'land'=(0, 0, 2, 0, 0, 0, 0, 0, 0)>
2026-01-03 17:15:01.801 | DEBUG    | androguard.core.axml:__init__:1805 - Found a header: <ARSCHeader idx='0x000d3a8c' type='513' header_size='84' size='5688'>
2026-01-03 17:15:01.801 | DEBUG    | androguard.core.axml:__init__:3125 - Skipping padding bytes!
2026-01-03 17:15:01.801 | DEBUG    | androguard.core.axml:__init__:2973 - Parsed <ARSCResType(start=0xd3a94, id=0x7, flags=0x0, entryCount=1397, entriesStart=0x1628, mResId=0x7f070000, table:dimen)>
2026-01-03 17:15:01.802 | DEBUG    | androguard.core.axml:__init__:1833 - Config: <ARSCResTableConfig 'h320dp-land'=(0, 0, 2, 0, 0, 0, 0, 20971520, 0)>
2026-01-03 17:15:01.802 | DEBUG    | androguard.core.axml:__init__:1805 - Found a header: <ARSCHeader idx='0x000d50c4' type='513' header_size='84' size='5752'>
2026-01-03 17:15:01.802 | DEBUG    | androguard.core.axml:__init__:3125 - Skipping padding bytes!
2026-01-03 17:15:01.802 | DEBUG    | androguard.core.axml:__init__:2973 - Parsed <ARSCResType(start=0xd50cc, id=0x7, flags=0x0, entryCount=1397, entriesStart=0x1628, mResId=0x7f070000, table:dimen)>
2026-01-03 17:15:01.802 | DEBUG    | androguard.core.axml:__init__:1833 - Config: <ARSCResTableConfig 'h360dp-land'=(0, 0, 2, 0, 0, 0, 0, 23592960, 0)>
2026-01-03 17:15:01.802 | DEBUG    | androguard.core.axml:__init__:1805 - Found a header: <ARSCHeader idx='0x000d673c' type='513' header_size='84' size='5720'>
2026-01-03 17:15:01.802 | DEBUG    | androguard.core.axml:__init__:3125 - Skipping padding bytes!
2026-01-03 17:15:01.802 | DEBUG    | androguard.core.axml:__init__:2973 - Parsed <ARSCResType(start=0xd6744, id=0x7, flags=0x0, entryCount=1397, entriesStart=0x1628, mResId=0x7f070000, table:dimen)>
2026-01-03 17:15:01.802 | DEBUG    | androguard.core.axml:__init__:1833 - Config: <ARSCResTableConfig 'h480dp-land'=(0, 0, 2, 0, 0, 0, 0, 31457280, 0)>
2026-01-03 17:15:01.803 | DEBUG    | androguard.core.axml:__init__:1805 - Found a header: <ARSCHeader idx='0x000d7d94' type='513' header_size='84' size='5704'>
2026-01-03 17:15:01.803 | DEBUG    | androguard.core.axml:__init__:3125 - Skipping padding bytes!
2026-01-03 17:15:01.803 | DEBUG    | androguard.core.axml:__init__:2973 - Parsed <ARSCResType(start=0xd7d9c, id=0x7, flags=0x0, entryCount=1397, entriesStart=0x1628, mResId=0x7f070000, table:dimen)>
2026-01-03 17:15:01.803 | DEBUG    | androguard.core.axml:__init__:1833 - Config: <ARSCResTableConfig 'sw600dp-land'=(0, 0, 2, 0, 0, 0, 39321600, 0, 0)>
2026-01-03 17:15:01.803 | DEBUG    | androguard.core.axml:__init__:1805 - Found a header: <ARSCHeader idx='0x000d93dc' type='514' header_size='16' size='1664'>
2026-01-03 17:15:01.803 | WARNING  | androguard.core.axml:__init__:2935 - res1 must be zero!
2026-01-03 17:15:01.803 | DEBUG    | androguard.core.axml:__init__:1805 - Found a header: <ARSCHeader idx='0x000d9a5c' type='513' header_size='84' size='6164'>
2026-01-03 17:15:01.803 | DEBUG    | androguard.core.axml:__init__:3125 - Skipping padding bytes!
2026-01-03 17:15:01.803 | DEBUG    | androguard.core.axml:__init__:2973 - Parsed <ARSCResType(start=0xd9a64, id=0x8, flags=0x0, entryCount=412, entriesStart=0x6c4, mResId=0x7f080000, table:drawable)>
2026-01-03 17:15:01.803 | DEBUG    | androguard.core.axml:__init__:1833 - Config: <ARSCResTableConfig ''=(0, 0, 0, 0, 0, 0, 0, 0, 0)>
2026-01-03 17:15:01.804 | DEBUG    | androguard.core.axml:__init__:1805 - Found a header: <ARSCHeader idx='0x000db270' type='513' header_size='84' size='1860'>
2026-01-03 17:15:01.804 | DEBUG    | androguard.core.axml:__init__:3125 - Skipping padding bytes!
2026-01-03 17:15:01.804 | DEBUG    | androguard.core.axml:__init__:2973 - Parsed <ARSCResType(start=0xdb278, id=0x8, flags=0x0, entryCount=412, entriesStart=0x6c4, mResId=0x7f080000, table:drawable)>
2026-01-03 17:15:01.804 | DEBUG    | androguard.core.axml:__init__:1833 - Config: <ARSCResTableConfig 'sw600dp'=(0, 0, 0, 0, 0, 0, 39321600, 0, 0)>
2026-01-03 17:15:01.804 | DEBUG    | androguard.core.axml:__init__:1805 - Found a header: <ARSCHeader idx='0x000db9b4' type='513' header_size='84' size='1748'>
2026-01-03 17:15:01.804 | DEBUG    | androguard.core.axml:__init__:3125 - Skipping padding bytes!
2026-01-03 17:15:01.804 | DEBUG    | androguard.core.axml:__init__:2973 - Parsed <ARSCResType(start=0xdb9bc, id=0x8, flags=0x0, entryCount=412, entriesStart=0x6c4, mResId=0x7f080000, table:drawable)>
2026-01-03 17:15:01.804 | DEBUG    | androguard.core.axml:__init__:1833 - Config: <ARSCResTableConfig 'watch'=(0, 0, 0, 0, 0, 0, 1536, 0, 0)>
2026-01-03 17:15:01.804 | DEBUG    | androguard.core.axml:__init__:1805 - Found a header: <ARSCHeader idx='0x000dc088' type='513' header_size='84' size='1748'>
2026-01-03 17:15:01.804 | DEBUG    | androguard.core.axml:__init__:3125 - Skipping padding bytes!
2026-01-03 17:15:01.804 | DEBUG    | androguard.core.axml:__init__:2973 - Parsed <ARSCResType(start=0xdc090, id=0x8, flags=0x0, entryCount=412, entriesStart=0x6c4, mResId=0x7f080000, table:drawable)>
2026-01-03 17:15:01.804 | DEBUG    | androguard.core.axml:__init__:1833 - Config: <ARSCResTableConfig 'ldrtl'=(0, 0, 0, 0, 0, 0, 128, 0, 0)>
2026-01-03 17:15:01.805 | DEBUG    | androguard.core.axml:__init__:1805 - Found a header: <ARSCHeader idx='0x000dc75c' type='513' header_size='84' size='1860'>
2026-01-03 17:15:01.805 | DEBUG    | androguard.core.axml:__init__:3125 - Skipping padding bytes!
2026-01-03 17:15:01.805 | DEBUG    | androguard.core.axml:__init__:2973 - Parsed <ARSCResType(start=0xdc764, id=0x8, flags=0x0, entryCount=412, entriesStart=0x6c4, mResId=0x7f080000, table:drawable)>
2026-01-03 17:15:01.805 | DEBUG    | androguard.core.axml:__init__:1833 - Config: <ARSCResTableConfig 'land'=(0, 0, 2, 0, 0, 0, 0, 0, 0)>
2026-01-03 17:15:01.805 | DEBUG    | androguard.core.axml:__init__:1805 - Found a header: <ARSCHeader idx='0x000dcea0' type='513' header_size='84' size='1892'>
2026-01-03 17:15:01.805 | DEBUG    | androguard.core.axml:__init__:3125 - Skipping padding bytes!
2026-01-03 17:15:01.805 | DEBUG    | androguard.core.axml:__init__:2973 - Parsed <ARSCResType(start=0xdcea8, id=0x8, flags=0x0, entryCount=412, entriesStart=0x6c4, mResId=0x7f080000, table:drawable)>
2026-01-03 17:15:01.805 | DEBUG    | androguard.core.axml:__init__:1833 - Config: <ARSCResTableConfig 'sw600dp-land'=(0, 0, 2, 0, 0, 0, 39321600, 0, 0)>
2026-01-03 17:15:01.805 | DEBUG    | androguard.core.axml:__init__:1805 - Found a header: <ARSCHeader idx='0x000dd604' type='513' header_size='84' size='2324'>
2026-01-03 17:15:01.805 | DEBUG    | androguard.core.axml:__init__:3125 - Skipping padding bytes!
2026-01-03 17:15:01.805 | DEBUG    | androguard.core.axml:__init__:2973 - Parsed <ARSCResType(start=0xdd60c, id=0x8, flags=0x0, entryCount=412, entriesStart=0x6c4, mResId=0x7f080000, table:drawable)>
2026-01-03 17:15:01.805 | DEBUG    | androguard.core.axml:__init__:1833 - Config: <ARSCResTableConfig 'mdpi'=(0, 0, 10485760, 0, 0, 0, 0, 0, 0)>
2026-01-03 17:15:01.805 | DEBUG    | androguard.core.axml:__init__:1805 - Found a header: <ARSCHeader idx='0x000ddf18' type='513' header_size='84' size='1748'>
2026-01-03 17:15:01.805 | DEBUG    | androguard.core.axml:__init__:3125 - Skipping padding bytes!
2026-01-03 17:15:01.805 | DEBUG    | androguard.core.axml:__init__:2973 - Parsed <ARSCResType(start=0xddf20, id=0x8, flags=0x0, entryCount=412, entriesStart=0x6c4, mResId=0x7f080000, table:drawable)>
2026-01-03 17:15:01.805 | DEBUG    | androguard.core.axml:__init__:1833 - Config: <ARSCResTableConfig 'ldrtl-mdpi'=(0, 0, 10485760, 0, 0, 0, 128, 0, 0)>
2026-01-03 17:15:01.805 | DEBUG    | androguard.core.axml:__init__:1805 - Found a header: <ARSCHeader idx='0x000de5ec' type='513' header_size='84' size='2340'>
2026-01-03 17:15:01.805 | DEBUG    | androguard.core.axml:__init__:3125 - Skipping padding bytes!
2026-01-03 17:15:01.805 | DEBUG    | androguard.core.axml:__init__:2973 - Parsed <ARSCResType(start=0xde5f4, id=0x8, flags=0x0, entryCount=412, entriesStart=0x6c4, mResId=0x7f080000, table:drawable)>
2026-01-03 17:15:01.805 | DEBUG    | androguard.core.axml:__init__:1833 - Config: <ARSCResTableConfig 'hdpi'=(0, 0, 15728640, 0, 0, 0, 0, 0, 0)>
2026-01-03 17:15:01.806 | DEBUG    | androguard.core.axml:__init__:1805 - Found a header: <ARSCHeader idx='0x000def10' type='513' header_size='84' size='1748'>
2026-01-03 17:15:01.806 | DEBUG    | androguard.core.axml:__init__:3125 - Skipping padding bytes!
2026-01-03 17:15:01.806 | DEBUG    | androguard.core.axml:__init__:2973 - Parsed <ARSCResType(start=0xdef18, id=0x8, flags=0x0, entryCount=412, entriesStart=0x6c4, mResId=0x7f080000, table:drawable)>
2026-01-03 17:15:01.806 | DEBUG    | androguard.core.axml:__init__:1833 - Config: <ARSCResTableConfig 'ldrtl-hdpi'=(0, 0, 15728640, 0, 0, 0, 128, 0, 0)>
2026-01-03 17:15:01.806 | DEBUG    | androguard.core.axml:__init__:1805 - Found a header: <ARSCHeader idx='0x000df5e4' type='513' header_size='84' size='2340'>
2026-01-03 17:15:01.806 | DEBUG    | androguard.core.axml:__init__:3125 - Skipping padding bytes!
2026-01-03 17:15:01.806 | DEBUG    | androguard.core.axml:__init__:2973 - Parsed <ARSCResType(start=0xdf5ec, id=0x8, flags=0x0, entryCount=412, entriesStart=0x6c4, mResId=0x7f080000, table:drawable)>
2026-01-03 17:15:01.806 | DEBUG    | androguard.core.axml:__init__:1833 - Config: <ARSCResTableConfig 'xhdpi'=(0, 0, 20971520, 0, 0, 0, 0, 0, 0)>
2026-01-03 17:15:01.806 | DEBUG    | androguard.core.axml:__init__:1805 - Found a header: <ARSCHeader idx='0x000dff08' type='513' header_size='84' size='1748'>
2026-01-03 17:15:01.806 | DEBUG    | androguard.core.axml:__init__:3125 - Skipping padding bytes!
2026-01-03 17:15:01.806 | DEBUG    | androguard.core.axml:__init__:2973 - Parsed <ARSCResType(start=0xdff10, id=0x8, flags=0x0, entryCount=412, entriesStart=0x6c4, mResId=0x7f080000, table:drawable)>
2026-01-03 17:15:01.806 | DEBUG    | androguard.core.axml:__init__:1833 - Config: <ARSCResTableConfig 'ldrtl-xhdpi'=(0, 0, 20971520, 0, 0, 0, 128, 0, 0)>
2026-01-03 17:15:01.806 | DEBUG    | androguard.core.axml:__init__:1805 - Found a header: <ARSCHeader idx='0x000e05dc' type='513' header_size='84' size='2324'>
2026-01-03 17:15:01.806 | DEBUG    | androguard.core.axml:__init__:3125 - Skipping padding bytes!
2026-01-03 17:15:01.806 | DEBUG    | androguard.core.axml:__init__:2973 - Parsed <ARSCResType(start=0xe05e4, id=0x8, flags=0x0, entryCount=412, entriesStart=0x6c4, mResId=0x7f080000, table:drawable)>
2026-01-03 17:15:01.806 | DEBUG    | androguard.core.axml:__init__:1833 - Config: <ARSCResTableConfig 'xxhdpi'=(0, 0, 31457280, 0, 0, 0, 0, 0, 0)>
2026-01-03 17:15:01.807 | DEBUG    | androguard.core.axml:__init__:1805 - Found a header: <ARSCHeader idx='0x000e0ef0' type='513' header_size='84' size='1748'>
2026-01-03 17:15:01.807 | DEBUG    | androguard.core.axml:__init__:3125 - Skipping padding bytes!
2026-01-03 17:15:01.807 | DEBUG    | androguard.core.axml:__init__:2973 - Parsed <ARSCResType(start=0xe0ef8, id=0x8, flags=0x0, entryCount=412, entriesStart=0x6c4, mResId=0x7f080000, table:drawable)>
2026-01-03 17:15:01.807 | DEBUG    | androguard.core.axml:__init__:1833 - Config: <ARSCResTableConfig 'ldrtl-xxhdpi'=(0, 0, 31457280, 0, 0, 0, 128, 0, 0)>
2026-01-03 17:15:01.807 | DEBUG    | androguard.core.axml:__init__:1805 - Found a header: <ARSCHeader idx='0x000e15c4' type='513' header_size='84' size='2004'>
2026-01-03 17:15:01.807 | DEBUG    | androguard.core.axml:__init__:3125 - Skipping padding bytes!
2026-01-03 17:15:01.807 | DEBUG    | androguard.core.axml:__init__:2973 - Parsed <ARSCResType(start=0xe15cc, id=0x8, flags=0x0, entryCount=412, entriesStart=0x6c4, mResId=0x7f080000, table:drawable)>
2026-01-03 17:15:01.807 | DEBUG    | androguard.core.axml:__init__:1833 - Config: <ARSCResTableConfig 'xxxhdpi'=(0, 0, 41943040, 0, 0, 0, 0, 0, 0)>
2026-01-03 17:15:01.807 | DEBUG    | androguard.core.axml:__init__:1805 - Found a header: <ARSCHeader idx='0x000e1d98' type='513' header_size='84' size='1748'>
2026-01-03 17:15:01.807 | DEBUG    | androguard.core.axml:__init__:3125 - Skipping padding bytes!
2026-01-03 17:15:01.807 | DEBUG    | androguard.core.axml:__init__:2973 - Parsed <ARSCResType(start=0xe1da0, id=0x8, flags=0x0, entryCount=412, entriesStart=0x6c4, mResId=0x7f080000, table:drawable)>
2026-01-03 17:15:01.807 | DEBUG    | androguard.core.axml:__init__:1833 - Config: <ARSCResTableConfig 'ldrtl-xxxhdpi'=(0, 0, 41943040, 0, 0, 0, 128, 0, 0)>
2026-01-03 17:15:01.807 | DEBUG    | androguard.core.axml:__init__:1805 - Found a header: <ARSCHeader idx='0x000e246c' type='514' header_size='16' size='156'>
2026-01-03 17:15:01.807 | WARNING  | androguard.core.axml:__init__:2935 - res1 must be zero!
2026-01-03 17:15:01.807 | DEBUG    | androguard.core.axml:__init__:1805 - Found a header: <ARSCHeader idx='0x000e2508' type='513' header_size='84' size='528'>
2026-01-03 17:15:01.807 | DEBUG    | androguard.core.axml:__init__:3125 - Skipping padding bytes!
2026-01-03 17:15:01.807 | DEBUG    | androguard.core.axml:__init__:2973 - Parsed <ARSCResType(start=0xe2510, id=0x9, flags=0x0, entryCount=35, entriesStart=0xe0, mResId=0x7f090000, table:font)>
2026-01-03 17:15:01.807 | DEBUG    | androguard.core.axml:__init__:1833 - Config: <ARSCResTableConfig ''=(0, 0, 0, 0, 0, 0, 0, 0, 0)>
2026-01-03 17:15:01.807 | DEBUG    | androguard.core.axml:__init__:1805 - Found a header: <ARSCHeader idx='0x000e2718' type='513' header_size='84' size='304'>
2026-01-03 17:15:01.807 | DEBUG    | androguard.core.axml:__init__:3125 - Skipping padding bytes!
2026-01-03 17:15:01.807 | DEBUG    | androguard.core.axml:__init__:2973 - Parsed <ARSCResType(start=0xe2720, id=0x9, flags=0x0, entryCount=35, entriesStart=0xe0, mResId=0x7f090000, table:font)>
2026-01-03 17:15:01.807 | DEBUG    | androguard.core.axml:__init__:1833 - Config: <ARSCResTableConfig 'v29'=(0, 0, 0, 0, 0, 29, 0, 0, 0)>
2026-01-03 17:15:01.807 | DEBUG    | androguard.core.axml:__init__:1805 - Found a header: <ARSCHeader idx='0x000e2848' type='514' header_size='16' size='876'>
2026-01-03 17:15:01.807 | WARNING  | androguard.core.axml:__init__:2935 - res1 must be zero!
2026-01-03 17:15:01.808 | DEBUG    | androguard.core.axml:__init__:1805 - Found a header: <ARSCHeader idx='0x000e2bb4' type='513' header_size='84' size='1232'>
2026-01-03 17:15:01.808 | DEBUG    | androguard.core.axml:__init__:3125 - Skipping padding bytes!
2026-01-03 17:15:01.808 | DEBUG    | androguard.core.axml:__init__:2973 - Parsed <ARSCResType(start=0xe2bbc, id=0xa, flags=0x0, entryCount=215, entriesStart=0x3b0, mResId=0x7f0a0000, table:fraction)>
2026-01-03 17:15:01.808 | DEBUG    | androguard.core.axml:__init__:1833 - Config: <ARSCResTableConfig ''=(0, 0, 0, 0, 0, 0, 0, 0, 0)>
2026-01-03 17:15:01.808 | DEBUG    | androguard.core.axml:__init__:1805 - Found a header: <ARSCHeader idx='0x000e3084' type='513' header_size='84' size='3200'>
2026-01-03 17:15:01.808 | DEBUG    | androguard.core.axml:__init__:3125 - Skipping padding bytes!
2026-01-03 17:15:01.808 | DEBUG    | androguard.core.axml:__init__:2973 - Parsed <ARSCResType(start=0xe308c, id=0xa, flags=0x0, entryCount=215, entriesStart=0x3b0, mResId=0x7f0a0000, table:fraction)>
2026-01-03 17:15:01.808 | DEBUG    | androguard.core.axml:__init__:1833 - Config: <ARSCResTableConfig 'h320dp'=(0, 0, 0, 0, 0, 0, 0, 20971520, 0)>
2026-01-03 17:15:01.808 | DEBUG    | androguard.core.axml:__init__:1805 - Found a header: <ARSCHeader idx='0x000e3d04' type='513' header_size='84' size='1216'>
2026-01-03 17:15:01.808 | DEBUG    | androguard.core.axml:__init__:3125 - Skipping padding bytes!
2026-01-03 17:15:01.808 | DEBUG    | androguard.core.axml:__init__:2973 - Parsed <ARSCResType(start=0xe3d0c, id=0xa, flags=0x0, entryCount=215, entriesStart=0x3b0, mResId=0x7f0a0000, table:fraction)>
2026-01-03 17:15:01.808 | DEBUG    | androguard.core.axml:__init__:1833 - Config: <ARSCResTableConfig 'sw600dp'=(0, 0, 0, 0, 0, 0, 39321600, 0, 0)>
2026-01-03 17:15:01.808 | DEBUG    | androguard.core.axml:__init__:1805 - Found a header: <ARSCHeader idx='0x000e41c4' type='513' header_size='84' size='1152'>
2026-01-03 17:15:01.808 | DEBUG    | androguard.core.axml:__init__:3125 - Skipping padding bytes!
2026-01-03 17:15:01.808 | DEBUG    | androguard.core.axml:__init__:2973 - Parsed <ARSCResType(start=0xe41cc, id=0xa, flags=0x0, entryCount=215, entriesStart=0x3b0, mResId=0x7f0a0000, table:fraction)>
2026-01-03 17:15:01.808 | DEBUG    | androguard.core.axml:__init__:1833 - Config: <ARSCResTableConfig 'sw800dp-w1200dp'=(0, 0, 0, 0, 0, 0, 52428800, 1200, 0)>
2026-01-03 17:15:01.808 | DEBUG    | androguard.core.axml:__init__:1805 - Found a header: <ARSCHeader idx='0x000e4644' type='513' header_size='84' size='1920'>
2026-01-03 17:15:01.809 | DEBUG    | androguard.core.axml:__init__:3125 - Skipping padding bytes!
2026-01-03 17:15:01.809 | DEBUG    | androguard.core.axml:__init__:2973 - Parsed <ARSCResType(start=0xe464c, id=0xa, flags=0x0, entryCount=215, entriesStart=0x3b0, mResId=0x7f0a0000, table:fraction)>
2026-01-03 17:15:01.809 | DEBUG    | androguard.core.axml:__init__:1833 - Config: <ARSCResTableConfig 'h320dp-land'=(0, 0, 2, 0, 0, 0, 0, 20971520, 0)>
2026-01-03 17:15:01.809 | DEBUG    | androguard.core.axml:__init__:1805 - Found a header: <ARSCHeader idx='0x000e4dc4' type='513' header_size='84' size='2224'>
2026-01-03 17:15:01.809 | DEBUG    | androguard.core.axml:__init__:3125 - Skipping padding bytes!
2026-01-03 17:15:01.809 | DEBUG    | androguard.core.axml:__init__:2973 - Parsed <ARSCResType(start=0xe4dcc, id=0xa, flags=0x0, entryCount=215, entriesStart=0x3b0, mResId=0x7f0a0000, table:fraction)>
2026-01-03 17:15:01.809 | DEBUG    | androguard.core.axml:__init__:1833 - Config: <ARSCResTableConfig 'sw600dp-land'=(0, 0, 2, 0, 0, 0, 39321600, 0, 0)>
2026-01-03 17:15:01.809 | DEBUG    | androguard.core.axml:__init__:1805 - Found a header: <ARSCHeader idx='0x000e5674' type='514' header_size='16' size='2828'>
2026-01-03 17:15:01.809 | WARNING  | androguard.core.axml:__init__:2935 - res1 must be zero!
2026-01-03 17:15:01.809 | DEBUG    | androguard.core.axml:__init__:1805 - Found a header: <ARSCHeader idx='0x000e6180' type='513' header_size='84' size='11392'>
2026-01-03 17:15:01.809 | DEBUG    | androguard.core.axml:__init__:3125 - Skipping padding bytes!
2026-01-03 17:15:01.809 | DEBUG    | androguard.core.axml:__init__:2973 - Parsed <ARSCResType(start=0xe6188, id=0xb, flags=0x0, entryCount=703, entriesStart=0xb50, mResId=0x7f0b0000, table:id)>
2026-01-03 17:15:01.809 | DEBUG    | androguard.core.axml:__init__:1833 - Config: <ARSCResTableConfig ''=(0, 0, 0, 0, 0, 0, 0, 0, 0)>
2026-01-03 17:15:01.810 | DEBUG    | androguard.core.axml:__init__:3581 - Parsed <ARSCResTableEntry idx='0x000e6cd0' mResId='0x7f0b0000' flags='0x04' holding=<ARSCResStringPoolRef idx='0x000e6cd8' size='8' type='int_boolean' data='0x00000000'>>
2026-01-03 17:15:01.810 | DEBUG    | androguard.core.axml:__init__:3581 - Parsed <ARSCResTableEntry idx='0x000e6ce0' mResId='0x7f0b0001' flags='0x04' holding=<ARSCResStringPoolRef idx='0x000e6ce8' size='8' type='int_boolean' data='0x00000000'>>
2026-01-03 17:15:01.810 | DEBUG    | androguard.core.axml:__init__:3581 - Parsed <ARSCResTableEntry idx='0x000e6cf0' mResId='0x7f0b0002' flags='0x04' holding=<ARSCResStringPoolRef idx='0x000e6cf8' size='8' type='int_boolean' data='0x00000000'>>
2026-01-03 17:15:01.810 | DEBUG    | androguard.core.axml:__init__:3581 - Parsed <ARSCResTableEntry idx='0x000e6d00' mResId='0x7f0b0003' flags='0x04' holding=<ARSCResStringPoolRef idx='0x000e6d08' size='8' type='int_boolean' data='0x00000000'>>
2026-01-03 17:15:01.810 | DEBUG    | androguard.core.axml:__init__:3581 - Parsed <ARSCResTableEntry idx='0x000e6d10' mResId='0x7f0b0004' flags='0x04' holding=<ARSCResStringPoolRef idx='0x000e6d18' size='8' type='int_boolean' data='0x00000000'>>
2026-01-03 17:15:01.810 | DEBUG    | androguard.core.axml:__init__:3581 - Parsed <ARSCResTableEntry idx='0x000e6d20' mResId='0x7f0b0005' flags='0x04' holding=<ARSCResStringPoolRef idx='0x000e6d28' size='8' type='int_boolean' data='0x00000000'>>
2026-01-03 17:15:01.810 | DEBUG    | androguard.core.axml:__init__:3581 - Parsed <ARSCResTableEntry idx='0x000e6d30' mResId='0x7f0b0006' flags='0x04' holding=<ARSCResStringPoolRef idx='0x000e6d38' size='8' type='int_boolean' data='0x00000000'>>
2026-01-03 17:15:01.810 | DEBUG    | androguard.core.axml:__init__:3581 - Parsed <ARSCResTableEntry idx='0x000e6d40' mResId='0x7f0b0007' flags='0x04' holding=<ARSCResStringPoolRef idx='0x000e6d48' size='8' type='int_boolean' data='0x00000000'>>
2026-01-03 17:15:01.810 | DEBUG    | androguard.core.axml:__init__:3581 - Parsed <ARSCResTableEntry idx='0x000e6d50' mResId='0x7f0b0008' flags='0x04' holding=<ARSCResStringPoolRef idx='0x000e6d58' size='8' type='int_boolean' data='0x00000000'>>
2026-01-03 17:15:01.810 | DEBUG    | androguard.core.axml:__init__:3581 - Parsed <ARSCResTableEntry idx='0x000e6d60' mResId='0x7f0b0009' flags='0x04' holding=<ARSCResStringPoolRef idx='0x000e6d68' size='8' type='int_boolean' data='0x00000000'>>
2026-01-03 17:15:01.810 | DEBUG    | androguard.core.axml:__init__:3581 - Parsed <ARSCResTableEntry idx='0x000e6d70' mResId='0x7f0b000a' flags='0x04' holding=<ARSCResStringPoolRef idx='0x000e6d78' size='8' type='int_boolean' data='0x00000000'>>
2026-01-03 17:15:01.810 | DEBUG    | androguard.core.axml:__init__:3581 - Parsed <ARSCResTableEntry idx='0x000e6d80' mResId='0x7f0b000b' flags='0x04' holding=<ARSCResStringPoolRef idx='0x000e6d88' size='8' type='int_boolean' data='0x00000000'>>
2026-01-03 17:15:01.810 | DEBUG    | androguard.core.axml:__init__:3581 - Parsed <ARSCResTableEntry idx='0x000e6d90' mResId='0x7f0b000c' flags='0x04' holding=<ARSCResStringPoolRef idx='0x000e6d98' size='8' type='int_boolean' data='0x00000000'>>
2026-01-03 17:15:01.810 | DEBUG    | androguard.core.axml:__init__:3581 - Parsed <ARSCResTableEntry idx='0x000e6da0' mResId='0x7f0b000d' flags='0x04' holding=<ARSCResStringPoolRef idx='0x000e6da8' size='8' type='int_boolean' data='0x00000000'>>
2026-01-03 17:15:01.810 | DEBUG    | androguard.core.axml:__init__:3581 - Parsed <ARSCResTableEntry idx='0x000e6db0' mResId='0x7f0b000e' flags='0x04' holding=<ARSCResStringPoolRef idx='0x000e6db8' size='8' type='int_boolean' data='0x00000000'>>
2026-01-03 17:15:01.810 | DEBUG    | androguard.core.axml:__init__:3581 - Parsed <ARSCResTableEntry idx='0x000e6dc0' mResId='0x7f0b000f' flags='0x04' holding=<ARSCResStringPoolRef idx='0x000e6dc8' size='8' type='int_boolean' data='0x00000000'>>
2026-01-03 17:15:01.810 | DEBUG    | androguard.core.axml:__init__:3581 - Parsed <ARSCResTableEntry idx='0x000e6dd0' mResId='0x7f0b0010' flags='0x04' holding=<ARSCResStringPoolRef idx='0x000e6dd8' size='8' type='int_boolean' data='0x00000000'>>
2026-01-03 17:15:01.810 | DEBUG    | androguard.core.axml:__init__:3581 - Parsed <ARSCResTableEntry idx='0x000e6de0' mResId='0x7f0b0011' flags='0x04' holding=<ARSCResStringPoolRef idx='0x000e6de8' size='8' type='int_boolean' data='0x00000000'>>
2026-01-03 17:15:01.810 | DEBUG    | androguard.core.axml:__init__:3581 - Parsed <ARSCResTableEntry idx='0x000e6df0' mResId='0x7f0b0012' flags='0x04' holding=<ARSCResStringPoolRef idx='0x000e6df8' size='8' type='int_boolean' data='0x00000000'>>
2026-01-03 17:15:01.810 | DEBUG    | androguard.core.axml:__init__:3581 - Parsed <ARSCResTableEntry idx='0x000e6e00' mResId='0x7f0b0013' flags='0x04' holding=<ARSCResStringPoolRef idx='0x000e6e08' size='8' type='int_boolean' data='0x00000000'>>
2026-01-03 17:15:01.810 | DEBUG    | androguard.core.axml:__init__:3581 - Parsed <ARSCResTableEntry idx='0x000e6e10' mResId='0x7f0b0014' flags='0x04' holding=<ARSCResStringPoolRef idx='0x000e6e18' size='8' type='int_boolean' data='0x00000000'>>
2026-01-03 17:15:01.810 | DEBUG    | androguard.core.axml:__init__:3581 - Parsed <ARSCResTableEntry idx='0x000e6e20' mResId='0x7f0b0015' flags='0x04' holding=<ARSCResStringPoolRef idx='0x000e6e28' size='8' type='int_boolean' data='0x00000000'>>
2026-01-03 17:15:01.810 | DEBUG    | androguard.core.axml:__init__:3581 - Parsed <ARSCResTableEntry idx='0x000e6e30' mResId='0x7f0b0016' flags='0x04' holding=<ARSCResStringPoolRef idx='0x000e6e38' size='8' type='int_boolean' data='0x00000000'>>
2026-01-03 17:15:01.810 | DEBUG    | androguard.core.axml:__init__:3581 - Parsed <ARSCResTableEntry idx='0x000e6e40' mResId='0x7f0b0017' flags='0x04' holding=<ARSCResStringPoolRef idx='0x000e6e48' size='8' type='int_boolean' data='0x00000000'>>
2026-01-03 17:15:01.810 | DEBUG    | androguard.core.axml:__init__:3581 - Parsed <ARSCResTableEntry idx='0x000e6e50' mResId='0x7f0b0018' flags='0x04' holding=<ARSCResStringPoolRef idx='0x000e6e58' size='8' type='int_boolean' data='0x00000000'>>
2026-01-03 17:15:01.810 | DEBUG    | androguard.core.axml:__init__:3581 - Parsed <ARSCResTableEntry idx='0x000e6e60' mResId='0x7f0b0019' flags='0x04' holding=<ARSCResStringPoolRef idx='0x000e6e68' size='8' type='int_boolean' data='0x00000000'>>
2026-01-03 17:15:01.810 | DEBUG    | androguard.core.axml:__init__:3581 - Parsed <ARSCResTableEntry idx='0x000e6e70' mResId='0x7f0b001a' flags='0x04' holding=<ARSCResStringPoolRef idx='0x000e6e78' size='8' type='int_boolean' data='0x00000000'>>
2026-01-03 17:15:01.810 | DEBUG    | androguard.core.axml:__init__:3581 - Parsed <ARSCResTableEntry idx='0x000e6e80' mResId='0x7f0b001b' flags='0x04' holding=<ARSCResStringPoolRef idx='0x000e6e88' size='8' type='int_boolean' data='0x00000000'>>
2026-01-03 17:15:01.810 | DEBUG    | androguard.core.axml:__init__:3581 - Parsed <ARSCResTableEntry idx='0x000e6e90' mResId='0x7f0b001c' flags='0x04' holding=<ARSCResStringPoolRef idx='0x000e6e98' size='8' type='int_boolean' data='0x00000000'>>
2026-01-03 17:15:01.810 | DEBUG    | androguard.core.axml:__init__:3581 - Parsed <ARSCResTableEntry idx='0x000e6ea0' mResId='0x7f0b001d' flags='0x04' holding=<ARSCResStringPoolRef idx='0x000e6ea8' size='8' type='int_boolean' data='0x00000000'>>
2026-01-03 17:15:01.810 | DEBUG    | androguard.core.axml:__init__:3581 - Parsed <ARSCResTableEntry idx='0x000e6eb0' mResId='0x7f0b001e' flags='0x04' holding=<ARSCResStringPoolRef idx='0x000e6eb8' size='8' type='int_boolean' data='0x00000000'>>
2026-01-03 17:15:01.810 | DEBUG    | androguard.core.axml:__init__:3581 - Parsed <ARSCResTableEntry idx='0x000e6ec0' mResId='0x7f0b001f' flags='0x04' holding=<ARSCResStringPoolRef idx='0x000e6ec8' size='8' type='int_boolean' data='0x00000000'>>
2026-01-03 17:15:01.810 | DEBUG    | androguard.core.axml:__init__:3581 - Parsed <ARSCResTableEntry idx='0x000e6ed0' mResId='0x7f0b0020' flags='0x04' holding=<ARSCResStringPoolRef idx='0x000e6ed8' size='8' type='int_boolean' data='0x00000000'>>
2026-01-03 17:15:01.810 | DEBUG    | androguard.core.axml:__init__:3581 - Parsed <ARSCResTableEntry idx='0x000e6ee0' mResId='0x7f0b0021' flags='0x04' holding=<ARSCResStringPoolRef idx='0x000e6ee8' size='8' type='int_boolean' data='0x00000000'>>
2026-01-03 17:15:01.810 | DEBUG    | androguard.core.axml:__init__:3581 - Parsed <ARSCResTableEntry idx='0x000e6ef0' mResId='0x7f0b0022' flags='0x04' holding=<ARSCResStringPoolRef idx='0x000e6ef8' size='8' type='int_boolean' data='0x00000000'>>
2026-01-03 17:15:01.810 | DEBUG    | androguard.core.axml:__init__:3581 - Parsed <ARSCResTableEntry idx='0x000e6f00' mResId='0x7f0b0023' flags='0x04' holding=<ARSCResStringPoolRef idx='0x000e6f08' size='8' type='int_boolean' data='0x00000000'>>
2026-01-03 17:15:01.810 | DEBUG    | androguard.core.axml:__init__:3581 - Parsed <ARSCResTableEntry idx='0x000e6f10' mResId='0x7f0b0024' flags='0x04' holding=<ARSCResStringPoolRef idx='0x000e6f18' size='8' type='int_boolean' data='0x00000000'>>
2026-01-03 17:15:01.810 | DEBUG    | androguard.core.axml:__init__:3581 - Parsed <ARSCResTableEntry idx='0x000e6f20' mResId='0x7f0b0025' flags='0x04' holding=<ARSCResStringPoolRef idx='0x000e6f28' size='8' type='int_boolean' data='0x00000000'>>
2026-01-03 17:15:01.810 | DEBUG    | androguard.core.axml:__init__:3581 - Parsed <ARSCResTableEntry idx='0x000e6f30' mResId='0x7f0b0026' flags='0x04' holding=<ARSCResStringPoolRef idx='0x000e6f38' size='8' type='int_boolean' data='0x00000000'>>
2026-01-03 17:15:01.810 | DEBUG    | androguard.core.axml:__init__:3581 - Parsed <ARSCResTableEntry idx='0x000e6f40' mResId='0x7f0b0027' flags='0x04' holding=<ARSCResStringPoolRef idx='0x000e6f48' size='8' type='int_boolean' data='0x00000000'>>
2026-01-03 17:15:01.810 | DEBUG    | androguard.core.axml:__init__:3581 - Parsed <ARSCResTableEntry idx='0x000e6f50' mResId='0x7f0b0028' flags='0x04' holding=<ARSCResStringPoolRef idx='0x000e6f58' size='8' type='int_boolean' data='0x00000000'>>
2026-01-03 17:15:01.810 | DEBUG    | androguard.core.axml:__init__:3581 - Parsed <ARSCResTableEntry idx='0x000e6f60' mResId='0x7f0b0029' flags='0x04' holding=<ARSCResStringPoolRef idx='0x000e6f68' size='8' type='int_boolean' data='0x00000000'>>
2026-01-03 17:15:01.810 | DEBUG    | androguard.core.axml:__init__:3581 - Parsed <ARSCResTableEntry idx='0x000e6f70' mResId='0x7f0b002a' flags='0x04' holding=<ARSCResStringPoolRef idx='0x000e6f78' size='8' type='int_boolean' data='0x00000000'>>
2026-01-03 17:15:01.810 | DEBUG    | androguard.core.axml:__init__:3581 - Parsed <ARSCResTableEntry idx='0x000e6f80' mResId='0x7f0b002b' flags='0x04' holding=<ARSCResStringPoolRef idx='0x000e6f88' size='8' type='int_boolean' data='0x00000000'>>
2026-01-03 17:15:01.810 | DEBUG    | androguard.core.axml:__init__:3581 - Parsed <ARSCResTableEntry idx='0x000e6f90' mResId='0x7f0b002c' flags='0x04' holding=<ARSCResStringPoolRef idx='0x000e6f98' size='8' type='int_boolean' data='0x00000000'>>
2026-01-03 17:15:01.810 | DEBUG    | androguard.core.axml:__init__:3581 - Parsed <ARSCResTableEntry idx='0x000e6fa0' mResId='0x7f0b002d' flags='0x04' holding=<ARSCResStringPoolRef idx='0x000e6fa8' size='8' type='int_boolean' data='0x00000000'>>
2026-01-03 17:15:01.810 | DEBUG    | androguard.core.axml:__init__:3581 - Parsed <ARSCResTableEntry idx='0x000e6fb0' mResId='0x7f0b002e' flags='0x04' holding=<ARSCResStringPoolRef idx='0x000e6fb8' size='8' type='int_boolean' data='0x00000000'>>
2026-01-03 17:15:01.810 | DEBUG    | androguard.core.axml:__init__:3581 - Parsed <ARSCResTableEntry idx='0x000e6fc0' mResId='0x7f0b002f' flags='0x04' holding=<ARSCResStringPoolRef idx='0x000e6fc8' size='8' type='int_boolean' data='0x00000000'>>
2026-01-03 17:15:01.810 | DEBUG    | androguard.core.axml:__init__:3581 - Parsed <ARSCResTableEntry idx='0x000e6fd0' mResId='0x7f0b0031' flags='0x04' holding=<ARSCResStringPoolRef idx='0x000e6fd8' size='8' type='int_boolean' data='0x00000000'>>
2026-01-03 17:15:01.810 | DEBUG    | androguard.core.axml:__init__:3581 - Parsed <ARSCResTableEntry idx='0x000e6fe0' mResId='0x7f0b0032' flags='0x04' holding=<ARSCResStringPoolRef idx='0x000e6fe8' size='8' type='int_boolean' data='0x00000000'>>
2026-01-03 17:15:01.810 | DEBUG    | androguard.core.axml:__init__:3581 - Parsed <ARSCResTableEntry idx='0x000e6ff0' mResId='0x7f0b0033' flags='0x04' holding=<ARSCResStringPoolRef idx='0x000e6ff8' size='8' type='int_boolean' data='0x00000000'>>
2026-01-03 17:15:01.810 | DEBUG    | androguard.core.axml:__init__:3581 - Parsed <ARSCResTableEntry idx='0x000e7000' mResId='0x7f0b0034' flags='0x04' holding=<ARSCResStringPoolRef idx='0x000e7008' size='8' type='int_boolean' data='0x00000000'>>
2026-01-03 17:15:01.810 | DEBUG    | androguard.core.axml:__init__:3581 - Parsed <ARSCResTableEntry idx='0x000e7010' mResId='0x7f0b0035' flags='0x04' holding=<ARSCResStringPoolRef idx='0x000e7018' size='8' type='int_boolean' data='0x00000000'>>
2026-01-03 17:15:01.811 | DEBUG    | androguard.core.axml:__init__:3581 - Parsed <ARSCResTableEntry idx='0x000e7020' mResId='0x7f0b0036' flags='0x04' holding=<ARSCResStringPoolRef idx='0x000e7028' size='8' type='int_boolean' data='0x00000000'>>
2026-01-03 17:15:01.811 | DEBUG    | androguard.core.axml:__init__:3581 - Parsed <ARSCResTableEntry idx='0x000e7030' mResId='0x7f0b0037' flags='0x04' holding=<ARSCResStringPoolRef idx='0x000e7038' size='8' type='int_boolean' data='0x00000000'>>
2026-01-03 17:15:01.811 | DEBUG    | androguard.core.axml:__init__:3581 - Parsed <ARSCResTableEntry idx='0x000e7040' mResId='0x7f0b0039' flags='0x04' holding=<ARSCResStringPoolRef idx='0x000e7048' size='8' type='int_boolean' data='0x00000000'>>
2026-01-03 17:15:01.811 | DEBUG    | androguard.core.axml:__init__:3581 - Parsed <ARSCResTableEntry idx='0x000e7050' mResId='0x7f0b003a' flags='0x04' holding=<ARSCResStringPoolRef idx='0x000e7058' size='8' type='int_boolean' data='0x00000000'>>
2026-01-03 17:15:01.811 | DEBUG    | androguard.core.axml:__init__:3581 - Parsed <ARSCResTableEntry idx='0x000e7060' mResId='0x7f0b003c' flags='0x04' holding=<ARSCResStringPoolRef idx='0x000e7068' size='8' type='int_boolean' data='0x00000000'>>
2026-01-03 17:15:01.811 | DEBUG    | androguard.core.axml:__init__:3581 - Parsed <ARSCResTableEntry idx='0x000e7070' mResId='0x7f0b0041' flags='0x04' holding=<ARSCResStringPoolRef idx='0x000e7078' size='8' type='int_boolean' data='0x00000000'>>
2026-01-03 17:15:01.811 | DEBUG    | androguard.core.axml:__init__:3581 - Parsed <ARSCResTableEntry idx='0x000e7080' mResId='0x7f0b0042' flags='0x04' holding=<ARSCResStringPoolRef idx='0x000e7088' size='8' type='int_boolean' data='0x00000000'>>
2026-01-03 17:15:01.811 | DEBUG    | androguard.core.axml:__init__:3581 - Parsed <ARSCResTableEntry idx='0x000e7090' mResId='0x7f0b0043' flags='0x04' holding=<ARSCResStringPoolRef idx='0x000e7098' size='8' type='int_boolean' data='0x00000000'>>
2026-01-03 17:15:01.811 | DEBUG    | androguard.core.axml:__init__:3581 - Parsed <ARSCResTableEntry idx='0x000e70a0' mResId='0x7f0b0047' flags='0x04' holding=<ARSCResStringPoolRef idx='0x000e70a8' size='8' type='int_boolean' data='0x00000000'>>
2026-01-03 17:15:01.811 | DEBUG    | androguard.core.axml:__init__:3581 - Parsed <ARSCResTableEntry idx='0x000e70b0' mResId='0x7f0b004b' flags='0x04' holding=<ARSCResStringPoolRef idx='0x000e70b8' size='8' type='int_boolean' data='0x00000000'>>
2026-01-03 17:15:01.811 | DEBUG    | androguard.core.axml:__init__:3581 - Parsed <ARSCResTableEntry idx='0x000e70c0' mResId='0x7f0b004c' flags='0x04' holding=<ARSCResStringPoolRef idx='0x000e70c8' size='8' type='int_boolean' data='0x00000000'>>
2026-01-03 17:15:01.811 | DEBUG    | androguard.core.axml:__init__:3581 - Parsed <ARSCResTableEntry idx='0x000e70d0' mResId='0x7f0b004d' flags='0x04' holding=<ARSCResStringPoolRef idx='0x000e70d8' size='8' type='int_boolean' data='0x00000000'>>
2026-01-03 17:15:01.811 | DEBUG    | androguard.core.axml:__init__:3581 - Parsed <ARSCResTableEntry idx='0x000e70e0' mResId='0x7f0b004e' flags='0x04' holding=<ARSCResStringPoolRef idx='0x000e70e8' size='8' type='int_boolean' data='0x00000000'>>
2026-01-03 17:15:01.811 | DEBUG    | androguard.core.axml:__init__:3581 - Parsed <ARSCResTableEntry idx='0x000e70f0' mResId='0x7f0b004f' flags='0x04' holding=<ARSCResStringPoolRef idx='0x000e70f8' size='8' type='int_boolean' data='0x00000000'>>
2026-01-03 17:15:01.811 | DEBUG    | androguard.core.axml:__init__:3581 - Parsed <ARSCResTableEntry idx='0x000e7100' mResId='0x7f0b0050' flags='0x04' holding=<ARSCResStringPoolRef idx='0x000e7108' size='8' type='int_boolean' data='0x00000000'>>
2026-01-03 17:15:01.811 | DEBUG    | androguard.core.axml:__init__:3581 - Parsed <ARSCResTableEntry idx='0x000e7110' mResId='0x7f0b0051' flags='0x04' holding=<ARSCResStringPoolRef idx='0x000e7118' size='8' type='int_boolean' data='0x00000000'>>
2026-01-03 17:15:01.811 | DEBUG    | androguard.core.axml:__init__:3581 - Parsed <ARSCResTableEntry idx='0x000e7120' mResId='0x7f0b0052' flags='0x04' holding=<ARSCResStringPoolRef idx='0x000e7128' size='8' type='int_boolean' data='0x00000000'>>
2026-01-03 17:15:01.811 | DEBUG    | androguard.core.axml:__init__:3581 - Parsed <ARSCResTableEntry idx='0x000e7130' mResId='0x7f0b0053' flags='0x04' holding=<ARSCResStringPoolRef idx='0x000e7138' size='8' type='int_boolean' data='0x00000000'>>
2026-01-03 17:15:01.811 | DEBUG    | androguard.core.axml:__init__:3581 - Parsed <ARSCResTableEntry idx='0x000e7140' mResId='0x7f0b0054' flags='0x04' holding=<ARSCResStringPoolRef idx='0x000e7148' size='8' type='int_boolean' data='0x00000000'>>
2026-01-03 17:15:01.811 | DEBUG    | androguard.core.axml:__init__:3581 - Parsed <ARSCResTableEntry idx='0x000e7150' mResId='0x7f0b0055' flags='0x04' holding=<ARSCResStringPoolRef idx='0x000e7158' size='8' type='int_boolean' data='0x00000000'>>
2026-01-03 17:15:01.811 | DEBUG    | androguard.core.axml:__init__:3581 - Parsed <ARSCResTableEntry idx='0x000e7160' mResId='0x7f0b0056' flags='0x04' holding=<ARSCResStringPoolRef idx='0x000e7168' size='8' type='int_boolean' data='0x00000000'>>
2026-01-03 17:15:01.811 | DEBUG    | androguard.core.axml:__init__:3581 - Parsed <ARSCResTableEntry idx='0x000e7170' mResId='0x7f0b0057' flags='0x04' holding=<ARSCResStringPoolRef idx='0x000e7178' size='8' type='int_boolean' data='0x00000000'>>
2026-01-03 17:15:01.811 | DEBUG    | androguard.core.axml:__init__:3581 - Parsed <ARSCResTableEntry idx='0x000e7180' mResId='0x7f0b0058' flags='0x04' holding=<ARSCResStringPoolRef idx='0x000e7188' size='8' type='int_boolean' data='0x00000000'>>
2026-01-03 17:15:01.811 | DEBUG    | androguard.core.axml:__init__:3581 - Parsed <ARSCResTableEntry idx='0x000e7190' mResId='0x7f0b0059' flags='0x04' holding=<ARSCResStringPoolRef idx='0x000e7198' size='8' type='int_boolean' data='0x00000000'>>
2026-01-03 17:15:01.811 | DEBUG    | androguard.core.axml:__init__:3581 - Parsed <ARSCResTableEntry idx='0x000e71a0' mResId='0x7f0b005a' flags='0x04' holding=<ARSCResStringPoolRef idx='0x000e71a8' size='8' type='int_boolean' data='0x00000000'>>
2026-01-03 17:15:01.811 | DEBUG    | androguard.core.axml:__init__:3581 - Parsed <ARSCResTableEntry idx='0x000e71b0' mResId='0x7f0b005b' flags='0x04' holding=<ARSCResStringPoolRef idx='0x000e71b8' size='8' type='int_boolean' data='0x00000000'>>
2026-01-03 17:15:01.811 | DEBUG    | androguard.core.axml:__init__:3581 - Parsed <ARSCResTableEntry idx='0x000e71c0' mResId='0x7f0b005c' flags='0x04' holding=<ARSCResStringPoolRef idx='0x000e71c8' size='8' type='int_boolean' data='0x00000000'>>
2026-01-03 17:15:01.811 | DEBUG    | androguard.core.axml:__init__:3581 - Parsed <ARSCResTableEntry idx='0x000e71d0' mResId='0x7f0b005d' flags='0x04' holding=<ARSCResStringPoolRef idx='0x000e71d8' size='8' type='int_boolean' data='0x00000000'>>
2026-01-03 17:15:01.811 | DEBUG    | androguard.core.axml:__init__:3581 - Parsed <ARSCResTableEntry idx='0x000e71e0' mResId='0x7f0b005e' flags='0x04' holding=<ARSCResStringPoolRef idx='0x000e71e8' size='8' type='int_boolean' data='0x00000000'>>
2026-01-03 17:15:01.811 | DEBUG    | androguard.core.axml:__init__:3581 - Parsed <ARSCResTableEntry idx='0x000e71f0' mResId='0x7f0b005f' flags='0x04' holding=<ARSCResStringPoolRef idx='0x000e71f8' size='8' type='int_boolean' data='0x00000000'>>
2026-01-03 17:15:01.811 | DEBUG    | androguard.core.axml:__init__:3581 - Parsed <ARSCResTableEntry idx='0x000e7200' mResId='0x7f0b0060' flags='0x04' holding=<ARSCResStringPoolRef idx='0x000e7208' size='8' type='int_boolean' data='0x00000000'>>
2026-01-03 17:15:01.811 | DEBUG    | androguard.core.axml:__init__:3581 - Parsed <ARSCResTableEntry idx='0x000e7210' mResId='0x7f0b0061' flags='0x04' holding=<ARSCResStringPoolRef idx='0x000e7218' size='8' type='int_boolean' data='0x00000000'>>
2026-01-03 17:15:01.811 | DEBUG    | androguard.core.axml:__init__:3581 - Parsed <ARSCResTableEntry idx='0x000e7220' mResId='0x7f0b0062' flags='0x04' holding=<ARSCResStringPoolRef idx='0x000e7228' size='8' type='int_boolean' data='0x00000000'>>
2026-01-03 17:15:01.811 | DEBUG    | androguard.core.axml:__init__:3581 - Parsed <ARSCResTableEntry idx='0x000e7230' mResId='0x7f0b0063' flags='0x04' holding=<ARSCResStringPoolRef idx='0x000e7238' size='8' type='int_boolean' data='0x00000000'>>
2026-01-03 17:15:01.811 | DEBUG    | androguard.core.axml:__init__:3581 - Parsed <ARSCResTableEntry idx='0x000e7240' mResId='0x7f0b0064' flags='0x04' holding=<ARSCResStringPoolRef idx='0x000e7248' size='8' type='int_boolean' data='0x00000000'>>
2026-01-03 17:15:01.811 | DEBUG    | androguard.core.axml:__init__:3581 - Parsed <ARSCResTableEntry idx='0x000e7250' mResId='0x7f0b0065' flags='0x04' holding=<ARSCResStringPoolRef idx='0x000e7258' size='8' type='int_boolean' data='0x00000000'>>
2026-01-03 17:15:01.811 | DEBUG    | androguard.core.axml:__init__:3581 - Parsed <ARSCResTableEntry idx='0x000e7260' mResId='0x7f0b0066' flags='0x04' holding=<ARSCResStringPoolRef idx='0x000e7268' size='8' type='int_boolean' data='0x00000000'>>
2026-01-03 17:15:01.811 | DEBUG    | androguard.core.axml:__init__:3581 - Parsed <ARSCResTableEntry idx='0x000e7270' mResId='0x7f0b0067' flags='0x04' holding=<ARSCResStringPoolRef idx='0x000e7278' size='8' type='int_boolean' data='0x00000000'>>
2026-01-03 17:15:01.811 | DEBUG    | androguard.core.axml:__init__:3581 - Parsed <ARSCResTableEntry idx='0x000e7280' mResId='0x7f0b006b' flags='0x04' holding=<ARSCResStringPoolRef idx='0x000e7288' size='8' type='int_boolean' data='0x00000000'>>
2026-01-03 17:15:01.811 | DEBUG    | androguard.core.axml:__init__:3581 - Parsed <ARSCResTableEntry idx='0x000e7290' mResId='0x7f0b006c' flags='0x04' holding=<ARSCResStringPoolRef idx='0x000e7298' size='8' type='int_boolean' data='0x00000000'>>
2026-01-03 17:15:01.811 | DEBUG    | androguard.core.axml:__init__:3581 - Parsed <ARSCResTableEntry idx='0x000e72a0' mResId='0x7f0b006d' flags='0x04' holding=<ARSCResStringPoolRef idx='0x000e72a8' size='8' type='int_boolean' data='0x00000000'>>
2026-01-03 17:15:01.811 | DEBUG    | androguard.core.axml:__init__:3581 - Parsed <ARSCResTableEntry idx='0x000e72b0' mResId='0x7f0b006e' flags='0x04' holding=<ARSCResStringPoolRef idx='0x000e72b8' size='8' type='int_boolean' data='0x00000000'>>
2026-01-03 17:15:01.811 | DEBUG    | androguard.core.axml:__init__:3581 - Parsed <ARSCResTableEntry idx='0x000e72c0' mResId='0x7f0b006f' flags='0x04' holding=<ARSCResStringPoolRef idx='0x000e72c8' size='8' type='int_boolean' data='0x00000000'>>
2026-01-03 17:15:01.811 | DEBUG    | androguard.core.axml:__init__:3581 - Parsed <ARSCResTableEntry idx='0x000e72d0' mResId='0x7f0b0070' flags='0x04' holding=<ARSCResStringPoolRef idx='0x000e72d8' size='8' type='int_boolean' data='0x00000000'>>
2026-01-03 17:15:01.811 | DEBUG    | androguard.core.axml:__init__:3581 - Parsed <ARSCResTableEntry idx='0x000e72e0' mResId='0x7f0b0071' flags='0x04' holding=<ARSCResStringPoolRef idx='0x000e72e8' size='8' type='int_boolean' data='0x00000000'>>
2026-01-03 17:15:01.811 | DEBUG    | androguard.core.axml:__init__:3581 - Parsed <ARSCResTableEntry idx='0x000e72f0' mResId='0x7f0b0072' flags='0x04' holding=<ARSCResStringPoolRef idx='0x000e72f8' size='8' type='int_boolean' data='0x00000000'>>
2026-01-03 17:15:01.812 | DEBUG    | androguard.core.axml:__init__:3581 - Parsed <ARSCResTableEntry idx='0x000e7300' mResId='0x7f0b0073' flags='0x04' holding=<ARSCResStringPoolRef idx='0x000e7308' size='8' type='int_boolean' data='0x00000000'>>
2026-01-03 17:15:01.812 | DEBUG    | androguard.core.axml:__init__:3581 - Parsed <ARSCResTableEntry idx='0x000e7310' mResId='0x7f0b0074' flags='0x04' holding=<ARSCResStringPoolRef idx='0x000e7318' size='8' type='int_boolean' data='0x00000000'>>
2026-01-03 17:15:01.812 | DEBUG    | androguard.core.axml:__init__:3581 - Parsed <ARSCResTableEntry idx='0x000e7320' mResId='0x7f0b0075' flags='0x04' holding=<ARSCResStringPoolRef idx='0x000e7328' size='8' type='int_boolean' data='0x00000000'>>
2026-01-03 17:15:01.812 | DEBUG    | androguard.core.axml:__init__:3581 - Parsed <ARSCResTableEntry idx='0x000e7330' mResId='0x7f0b0078' flags='0x04' holding=<ARSCResStringPoolRef idx='0x000e7338' size='8' type='int_boolean' data='0x00000000'>>
2026-01-03 17:15:01.812 | DEBUG    | androguard.core.axml:__init__:3581 - Parsed <ARSCResTableEntry idx='0x000e7340' mResId='0x7f0b0079' flags='0x04' holding=<ARSCResStringPoolRef idx='0x000e7348' size='8' type='int_boolean' data='0x00000000'>>
2026-01-03 17:15:01.812 | DEBUG    | androguard.core.axml:__init__:3581 - Parsed <ARSCResTableEntry idx='0x000e7350' mResId='0x7f0b007a' flags='0x04' holding=<ARSCResStringPoolRef idx='0x000e7358' size='8' type='int_boolean' data='0x00000000'>>
2026-01-03 17:15:01.812 | DEBUG    | androguard.core.axml:__init__:3581 - Parsed <ARSCResTableEntry idx='0x000e7360' mResId='0x7f0b007b' flags='0x04' holding=<ARSCResStringPoolRef idx='0x000e7368' size='8' type='int_boolean' data='0x00000000'>>
2026-01-03 17:15:01.812 | DEBUG    | androguard.core.axml:__init__:3581 - Parsed <ARSCResTableEntry idx='0x000e7370' mResId='0x7f0b007c' flags='0x04' holding=<ARSCResStringPoolRef idx='0x000e7378' size='8' type='int_boolean' data='0x00000000'>>
2026-01-03 17:15:01.812 | DEBUG    | androguard.core.axml:__init__:3581 - Parsed <ARSCResTableEntry idx='0x000e7380' mResId='0x7f0b007d' flags='0x04' holding=<ARSCResStringPoolRef idx='0x000e7388' size='8' type='int_boolean' data='0x00000000'>>
2026-01-03 17:15:01.812 | DEBUG    | androguard.core.axml:__init__:3581 - Parsed <ARSCResTableEntry idx='0x000e7390' mResId='0x7f0b007e' flags='0x04' holding=<ARSCResStringPoolRef idx='0x000e7398' size='8' type='int_boolean' data='0x00000000'>>
2026-01-03 17:15:01.812 | DEBUG    | androguard.core.axml:__init__:3581 - Parsed <ARSCResTableEntry idx='0x000e73a0' mResId='0x7f0b007f' flags='0x04' holding=<ARSCResStringPoolRef idx='0x000e73a8' size='8' type='int_boolean' data='0x00000000'>>
2026-01-03 17:15:01.812 | DEBUG    | androguard.core.axml:__init__:3581 - Parsed <ARSCResTableEntry idx='0x000e73b0' mResId='0x7f0b0080' flags='0x04' holding=<ARSCResStringPoolRef idx='0x000e73b8' size='8' type='int_boolean' data='0x00000000'>>
2026-01-03 17:15:01.812 | DEBUG    | androguard.core.axml:__init__:3581 - Parsed <ARSCResTableEntry idx='0x000e73c0' mResId='0x7f0b0082' flags='0x04' holding=<ARSCResStringPoolRef idx='0x000e73c8' size='8' type='int_boolean' data='0x00000000'>>
2026-01-03 17:15:01.812 | DEBUG    | androguard.core.axml:__init__:3581 - Parsed <ARSCResTableEntry idx='0x000e73d0' mResId='0x7f0b0083' flags='0x04' holding=<ARSCResStringPoolRef idx='0x000e73d8' size='8' type='int_boolean' data='0x00000000'>>
2026-01-03 17:15:01.812 | DEBUG    | androguard.core.axml:__init__:3581 - Parsed <ARSCResTableEntry idx='0x000e73e0' mResId='0x7f0b0084' flags='0x04' holding=<ARSCResStringPoolRef idx='0x000e73e8' size='8' type='int_boolean' data='0x00000000'>>
2026-01-03 17:15:01.812 | DEBUG    | androguard.core.axml:__init__:3581 - Parsed <ARSCResTableEntry idx='0x000e73f0' mResId='0x7f0b0085' flags='0x04' holding=<ARSCResStringPoolRef idx='0x000e73f8' size='8' type='int_boolean' data='0x00000000'>>
2026-01-03 17:15:01.812 | DEBUG    | androguard.core.axml:__init__:3581 - Parsed <ARSCResTableEntry idx='0x000e7400' mResId='0x7f0b0086' flags='0x04' holding=<ARSCResStringPoolRef idx='0x000e7408' size='8' type='int_boolean' data='0x00000000'>>
2026-01-03 17:15:01.812 | DEBUG    | androguard.core.axml:__init__:3581 - Parsed <ARSCResTableEntry idx='0x000e7410' mResId='0x7f0b0087' flags='0x04' holding=<ARSCResStringPoolRef idx='0x000e7418' size='8' type='int_boolean' data='0x00000000'>>
2026-01-03 17:15:01.812 | DEBUG    | androguard.core.axml:__init__:3581 - Parsed <ARSCResTableEntry idx='0x000e7420' mResId='0x7f0b0088' flags='0x04' holding=<ARSCResStringPoolRef idx='0x000e7428' size='8' type='int_boolean' data='0x00000000'>>
2026-01-03 17:15:01.812 | DEBUG    | androguard.core.axml:__init__:3581 - Parsed <ARSCResTableEntry idx='0x000e7430' mResId='0x7f0b0089' flags='0x04' holding=<ARSCResStringPoolRef idx='0x000e7438' size='8' type='int_boolean' data='0x00000000'>>
2026-01-03 17:15:01.812 | DEBUG    | androguard.core.axml:__init__:3581 - Parsed <ARSCResTableEntry idx='0x000e7440' mResId='0x7f0b008c' flags='0x04' holding=<ARSCResStringPoolRef idx='0x000e7448' size='8' type='int_boolean' data='0x00000000'>>
2026-01-03 17:15:01.812 | DEBUG    | androguard.core.axml:__init__:3581 - Parsed <ARSCResTableEntry idx='0x000e7450' mResId='0x7f0b008d' flags='0x04' holding=<ARSCResStringPoolRef idx='0x000e7458' size='8' type='int_boolean' data='0x00000000'>>
2026-01-03 17:15:01.812 | DEBUG    | androguard.core.axml:__init__:3581 - Parsed <ARSCResTableEntry idx='0x000e7460' mResId='0x7f0b008e' flags='0x04' holding=<ARSCResStringPoolRef idx='0x000e7468' size='8' type='int_boolean' data='0x00000000'>>
2026-01-03 17:15:01.812 | DEBUG    | androguard.core.axml:__init__:3581 - Parsed <ARSCResTableEntry idx='0x000e7470' mResId='0x7f0b008f' flags='0x04' holding=<ARSCResStringPoolRef idx='0x000e7478' size='8' type='int_boolean' data='0x00000000'>>
2026-01-03 17:15:01.812 | DEBUG    | androguard.core.axml:__init__:3581 - Parsed <ARSCResTableEntry idx='0x000e7480' mResId='0x7f0b0090' flags='0x04' holding=<ARSCResStringPoolRef idx='0x000e7488' size='8' type='int_boolean' data='0x00000000'>>
2026-01-03 17:15:01.812 | DEBUG    | androguard.core.axml:__init__:3581 - Parsed <ARSCResTableEntry idx='0x000e7490' mResId='0x7f0b0091' flags='0x04' holding=<ARSCResStringPoolRef idx='0x000e7498' size='8' type='int_boolean' data='0x00000000'>>
2026-01-03 17:15:01.812 | DEBUG    | androguard.core.axml:__init__:3581 - Parsed <ARSCResTableEntry idx='0x000e74a0' mResId='0x7f0b0092' flags='0x04' holding=<ARSCResStringPoolRef idx='0x000e74a8' size='8' type='int_boolean' data='0x00000000'>>
2026-01-03 17:15:01.812 | DEBUG    | androguard.core.axml:__init__:3581 - Parsed <ARSCResTableEntry idx='0x000e74b0' mResId='0x7f0b0093' flags='0x04' holding=<ARSCResStringPoolRef idx='0x000e74b8' size='8' type='int_boolean' data='0x00000000'>>
2026-01-03 17:15:01.812 | DEBUG    | androguard.core.axml:__init__:3581 - Parsed <ARSCResTableEntry idx='0x000e74c0' mResId='0x7f0b0094' flags='0x04' holding=<ARSCResStringPoolRef idx='0x000e74c8' size='8' type='int_boolean' data='0x00000000'>>
2026-01-03 17:15:01.812 | DEBUG    | androguard.core.axml:__init__:3581 - Parsed <ARSCResTableEntry idx='0x000e74d0' mResId='0x7f0b0095' flags='0x04' holding=<ARSCResStringPoolRef idx='0x000e74d8' size='8' type='int_boolean' data='0x00000000'>>
2026-01-03 17:15:01.812 | DEBUG    | androguard.core.axml:__init__:3581 - Parsed <ARSCResTableEntry idx='0x000e74e0' mResId='0x7f0b0097' flags='0x04' holding=<ARSCResStringPoolRef idx='0x000e74e8' size='8' type='int_boolean' data='0x00000000'>>
2026-01-03 17:15:01.812 | DEBUG    | androguard.core.axml:__init__:3581 - Parsed <ARSCResTableEntry idx='0x000e74f0' mResId='0x7f0b0098' flags='0x04' holding=<ARSCResStringPoolRef idx='0x000e74f8' size='8' type='int_boolean' data='0x00000000'>>
2026-01-03 17:15:01.812 | DEBUG    | androguard.core.axml:__init__:3581 - Parsed <ARSCResTableEntry idx='0x000e7500' mResId='0x7f0b0099' flags='0x04' holding=<ARSCResStringPoolRef idx='0x000e7508' size='8' type='int_boolean' data='0x00000000'>>
2026-01-03 17:15:01.812 | DEBUG    | androguard.core.axml:__init__:3581 - Parsed <ARSCResTableEntry idx='0x000e7510' mResId='0x7f0b009a' flags='0x04' holding=<ARSCResStringPoolRef idx='0x000e7518' size='8' type='int_boolean' data='0x00000000'>>
2026-01-03 17:15:01.812 | DEBUG    | androguard.core.axml:__init__:3581 - Parsed <ARSCResTableEntry idx='0x000e7520' mResId='0x7f0b009b' flags='0x04' holding=<ARSCResStringPoolRef idx='0x000e7528' size='8' type='int_boolean' data='0x00000000'>>
2026-01-03 17:15:01.812 | DEBUG    | androguard.core.axml:__init__:3581 - Parsed <ARSCResTableEntry idx='0x000e7530' mResId='0x7f0b009c' flags='0x04' holding=<ARSCResStringPoolRef idx='0x000e7538' size='8' type='int_boolean' data='0x00000000'>>
2026-01-03 17:15:01.812 | DEBUG    | androguard.core.axml:__init__:3581 - Parsed <ARSCResTableEntry idx='0x000e7540' mResId='0x7f0b009d' flags='0x04' holding=<ARSCResStringPoolRef idx='0x000e7548' size='8' type='int_boolean' data='0x00000000'>>
2026-01-03 17:15:01.812 | DEBUG    | androguard.core.axml:__init__:3581 - Parsed <ARSCResTableEntry idx='0x000e7550' mResId='0x7f0b009e' flags='0x04' holding=<ARSCResStringPoolRef idx='0x000e7558' size='8' type='int_boolean' data='0x00000000'>>
2026-01-03 17:15:01.812 | DEBUG    | androguard.core.axml:__init__:3581 - Parsed <ARSCResTableEntry idx='0x000e7560' mResId='0x7f0b009f' flags='0x04' holding=<ARSCResStringPoolRef idx='0x000e7568' size='8' type='int_boolean' data='0x00000000'>>
2026-01-03 17:15:01.812 | DEBUG    | androguard.core.axml:__init__:3581 - Parsed <ARSCResTableEntry idx='0x000e7570' mResId='0x7f0b00a1' flags='0x04' holding=<ARSCResStringPoolRef idx='0x000e7578' size='8' type='int_boolean' data='0x00000000'>>
2026-01-03 17:15:01.812 | DEBUG    | androguard.core.axml:__init__:3581 - Parsed <ARSCResTableEntry idx='0x000e7580' mResId='0x7f0b00a2' flags='0x04' holding=<ARSCResStringPoolRef idx='0x000e7588' size='8' type='int_boolean' data='0x00000000'>>
2026-01-03 17:15:01.812 | DEBUG    | androguard.core.axml:__init__:3581 - Parsed <ARSCResTableEntry idx='0x000e7590' mResId='0x7f0b00a3' flags='0x04' holding=<ARSCResStringPoolRef idx='0x000e7598' size='8' type='int_boolean' data='0x00000000'>>
2026-01-03 17:15:01.812 | DEBUG    | androguard.core.axml:__init__:3581 - Parsed <ARSCResTableEntry idx='0x000e75a0' mResId='0x7f0b00a5' flags='0x04' holding=<ARSCResStringPoolRef idx='0x000e75a8' size='8' type='int_boolean' data='0x00000000'>>
2026-01-03 17:15:01.812 | DEBUG    | androguard.core.axml:__init__:3581 - Parsed <ARSCResTableEntry idx='0x000e75b0' mResId='0x7f0b00a6' flags='0x04' holding=<ARSCResStringPoolRef idx='0x000e75b8' size='8' type='int_boolean' data='0x00000000'>>
2026-01-03 17:15:01.812 | DEBUG    | androguard.core.axml:__init__:3581 - Parsed <ARSCResTableEntry idx='0x000e75c0' mResId='0x7f0b00a7' flags='0x04' holding=<ARSCResStringPoolRef idx='0x000e75c8' size='8' type='int_boolean' data='0x00000000'>>
2026-01-03 17:15:01.812 | DEBUG    | androguard.core.axml:__init__:3581 - Parsed <ARSCResTableEntry idx='0x000e75d0' mResId='0x7f0b00a8' flags='0x04' holding=<ARSCResStringPoolRef idx='0x000e75d8' size='8' type='int_boolean' data='0x00000000'>>
2026-01-03 17:15:01.812 | DEBUG    | androguard.core.axml:__init__:3581 - Parsed <ARSCResTableEntry idx='0x000e75e0' mResId='0x7f0b00aa' flags='0x04' holding=<ARSCResStringPoolRef idx='0x000e75e8' size='8' type='int_boolean' data='0x00000000'>>
2026-01-03 17:15:01.812 | DEBUG    | androguard.core.axml:__init__:3581 - Parsed <ARSCResTableEntry idx='0x000e75f0' mResId='0x7f0b00ab' flags='0x04' holding=<ARSCResStringPoolRef idx='0x000e75f8' size='8' type='int_boolean' data='0x00000000'>>
2026-01-03 17:15:01.812 | DEBUG    | androguard.core.axml:__init__:3581 - Parsed <ARSCResTableEntry idx='0x000e7600' mResId='0x7f0b00ac' flags='0x04' holding=<ARSCResStringPoolRef idx='0x000e7608' size='8' type='int_boolean' data='0x00000000'>>
2026-01-03 17:15:01.812 | DEBUG    | androguard.core.axml:__init__:3581 - Parsed <ARSCResTableEntry idx='0x000e7610' mResId='0x7f0b00ad' flags='0x04' holding=<ARSCResStringPoolRef idx='0x000e7618' size='8' type='int_boolean' data='0x00000000'>>
2026-01-03 17:15:01.812 | DEBUG    | androguard.core.axml:__init__:3581 - Parsed <ARSCResTableEntry idx='0x000e7620' mResId='0x7f0b00ae' flags='0x04' holding=<ARSCResStringPoolRef idx='0x000e7628' size='8' type='int_boolean' data='0x00000000'>>
2026-01-03 17:15:01.812 | DEBUG    | androguard.core.axml:__init__:3581 - Parsed <ARSCResTableEntry idx='0x000e7630' mResId='0x7f0b00af' flags='0x04' holding=<ARSCResStringPoolRef idx='0x000e7638' size='8' type='int_boolean' data='0x00000000'>>
2026-01-03 17:15:01.812 | DEBUG    | androguard.core.axml:__init__:3581 - Parsed <ARSCResTableEntry idx='0x000e7640' mResId='0x7f0b00b0' flags='0x04' holding=<ARSCResStringPoolRef idx='0x000e7648' size='8' type='int_boolean' data='0x00000000'>>
2026-01-03 17:15:01.812 | DEBUG    | androguard.core.axml:__init__:3581 - Parsed <ARSCResTableEntry idx='0x000e7650' mResId='0x7f0b00b1' flags='0x04' holding=<ARSCResStringPoolRef idx='0x000e7658' size='8' type='int_boolean' data='0x00000000'>>
2026-01-03 17:15:01.812 | DEBUG    | androguard.core.axml:__init__:3581 - Parsed <ARSCResTableEntry idx='0x000e7660' mResId='0x7f0b00b2' flags='0x04' holding=<ARSCResStringPoolRef idx='0x000e7668' size='8' type='int_boolean' data='0x00000000'>>
2026-01-03 17:15:01.813 | DEBUG    | androguard.core.axml:__init__:3581 - Parsed <ARSCResTableEntry idx='0x000e7670' mResId='0x7f0b00b3' flags='0x04' holding=<ARSCResStringPoolRef idx='0x000e7678' size='8' type='int_boolean' data='0x00000000'>>
2026-01-03 17:15:01.813 | DEBUG    | androguard.core.axml:__init__:3581 - Parsed <ARSCResTableEntry idx='0x000e7680' mResId='0x7f0b00b4' flags='0x04' holding=<ARSCResStringPoolRef idx='0x000e7688' size='8' type='int_boolean' data='0x00000000'>>
2026-01-03 17:15:01.813 | DEBUG    | androguard.core.axml:__init__:3581 - Parsed <ARSCResTableEntry idx='0x000e7690' mResId='0x7f0b00b5' flags='0x04' holding=<ARSCResStringPoolRef idx='0x000e7698' size='8' type='int_boolean' data='0x00000000'>>
2026-01-03 17:15:01.813 | DEBUG    | androguard.core.axml:__init__:3581 - Parsed <ARSCResTableEntry idx='0x000e76a0' mResId='0x7f0b00b6' flags='0x04' holding=<ARSCResStringPoolRef idx='0x000e76a8' size='8' type='int_boolean' data='0x00000000'>>
2026-01-03 17:15:01.813 | DEBUG    | androguard.core.axml:__init__:3581 - Parsed <ARSCResTableEntry idx='0x000e76b0' mResId='0x7f0b00b9' flags='0x04' holding=<ARSCResStringPoolRef idx='0x000e76b8' size='8' type='int_boolean' data='0x00000000'>>
2026-01-03 17:15:01.813 | DEBUG    | androguard.core.axml:__init__:3581 - Parsed <ARSCResTableEntry idx='0x000e76c0' mResId='0x7f0b00ba' flags='0x04' holding=<ARSCResStringPoolRef idx='0x000e76c8' size='8' type='int_boolean' data='0x00000000'>>
2026-01-03 17:15:01.813 | DEBUG    | androguard.core.axml:__init__:3581 - Parsed <ARSCResTableEntry idx='0x000e76d0' mResId='0x7f0b00bb' flags='0x04' holding=<ARSCResStringPoolRef idx='0x000e76d8' size='8' type='int_boolean' data='0x00000000'>>
2026-01-03 17:15:01.813 | DEBUG    | androguard.core.axml:__init__:3581 - Parsed <ARSCResTableEntry idx='0x000e76e0' mResId='0x7f0b00bd' flags='0x04' holding=<ARSCResStringPoolRef idx='0x000e76e8' size='8' type='int_boolean' data='0x00000000'>>
2026-01-03 17:15:01.813 | DEBUG    | androguard.core.axml:__init__:3581 - Parsed <ARSCResTableEntry idx='0x000e76f0' mResId='0x7f0b00be' flags='0x04' holding=<ARSCResStringPoolRef idx='0x000e76f8' size='8' type='int_boolean' data='0x00000000'>>
2026-01-03 17:15:01.813 | DEBUG    | androguard.core.axml:__init__:3581 - Parsed <ARSCResTableEntry idx='0x000e7700' mResId='0x7f0b00bf' flags='0x04' holding=<ARSCResStringPoolRef idx='0x000e7708' size='8' type='int_boolean' data='0x00000000'>>
2026-01-03 17:15:01.813 | DEBUG    | androguard.core.axml:__init__:3581 - Parsed <ARSCResTableEntry idx='0x000e7710' mResId='0x7f0b00c2' flags='0x04' holding=<ARSCResStringPoolRef idx='0x000e7718' size='8' type='int_boolean' data='0x00000000'>>
2026-01-03 17:15:01.813 | DEBUG    | androguard.core.axml:__init__:3581 - Parsed <ARSCResTableEntry idx='0x000e7720' mResId='0x7f0b00c3' flags='0x04' holding=<ARSCResStringPoolRef idx='0x000e7728' size='8' type='int_boolean' data='0x00000000'>>
2026-01-03 17:15:01.813 | DEBUG    | androguard.core.axml:__init__:3581 - Parsed <ARSCResTableEntry idx='0x000e7730' mResId='0x7f0b00c4' flags='0x04' holding=<ARSCResStringPoolRef idx='0x000e7738' size='8' type='int_boolean' data='0x00000000'>>
2026-01-03 17:15:01.813 | DEBUG    | androguard.core.axml:__init__:3581 - Parsed <ARSCResTableEntry idx='0x000e7740' mResId='0x7f0b00c5' flags='0x04' holding=<ARSCResStringPoolRef idx='0x000e7748' size='8' type='int_boolean' data='0x00000000'>>
2026-01-03 17:15:01.813 | DEBUG    | androguard.core.axml:__init__:3581 - Parsed <ARSCResTableEntry idx='0x000e7750' mResId='0x7f0b00c6' flags='0x04' holding=<ARSCResStringPoolRef idx='0x000e7758' size='8' type='int_boolean' data='0x00000000'>>
2026-01-03 17:15:01.813 | DEBUG    | androguard.core.axml:__init__:3581 - Parsed <ARSCResTableEntry idx='0x000e7760' mResId='0x7f0b00c7' flags='0x04' holding=<ARSCResStringPoolRef idx='0x000e7768' size='8' type='int_boolean' data='0x00000000'>>
2026-01-03 17:15:01.813 | DEBUG    | androguard.core.axml:__init__:3581 - Parsed <ARSCResTableEntry idx='0x000e7770' mResId='0x7f0b00c8' flags='0x04' holding=<ARSCResStringPoolRef idx='0x000e7778' size='8' type='int_boolean' data='0x00000000'>>
2026-01-03 17:15:01.813 | DEBUG    | androguard.core.axml:__init__:3581 - Parsed <ARSCResTableEntry idx='0x000e7780' mResId='0x7f0b00c9' flags='0x04' holding=<ARSCResStringPoolRef idx='0x000e7788' size='8' type='int_boolean' data='0x00000000'>>
2026-01-03 17:15:01.813 | DEBUG    | androguard.core.axml:__init__:3581 - Parsed <ARSCResTableEntry idx='0x000e7790' mResId='0x7f0b00ca' flags='0x04' holding=<ARSCResStringPoolRef idx='0x000e7798' size='8' type='int_boolean' data='0x00000000'>>
2026-01-03 17:15:01.813 | DEBUG    | androguard.core.axml:__init__:3581 - Parsed <ARSCResTableEntry idx='0x000e77a0' mResId='0x7f0b00cb' flags='0x04' holding=<ARSCResStringPoolRef idx='0x000e77a8' size='8' type='int_boolean' data='0x00000000'>>
2026-01-03 17:15:01.813 | DEBUG    | androguard.core.axml:__init__:3581 - Parsed <ARSCResTableEntry idx='0x000e77b0' mResId='0x7f0b00cc' flags='0x04' holding=<ARSCResStringPoolRef idx='0x000e77b8' size='8' type='int_boolean' data='0x00000000'>>
2026-01-03 17:15:01.813 | DEBUG    | androguard.core.axml:__init__:3581 - Parsed <ARSCResTableEntry idx='0x000e77c0' mResId='0x7f0b00cd' flags='0x04' holding=<ARSCResStringPoolRef idx='0x000e77c8' size='8' type='int_boolean' data='0x00000000'>>
2026-01-03 17:15:01.813 | DEBUG    | androguard.core.axml:__init__:3581 - Parsed <ARSCResTableEntry idx='0x000e77d0' mResId='0x7f0b00ce' flags='0x04' holding=<ARSCResStringPoolRef idx='0x000e77d8' size='8' type='int_boolean' data='0x00000000'>>
2026-01-03 17:15:01.813 | DEBUG    | androguard.core.axml:__init__:3581 - Parsed <ARSCResTableEntry idx='0x000e77e0' mResId='0x7f0b00cf' flags='0x04' holding=<ARSCResStringPoolRef idx='0x000e77e8' size='8' type='int_boolean' data='0x00000000'>>
2026-01-03 17:15:01.813 | DEBUG    | androguard.core.axml:__init__:3581 - Parsed <ARSCResTableEntry idx='0x000e77f0' mResId='0x7f0b00d0' flags='0x04' holding=<ARSCResStringPoolRef idx='0x000e77f8' size='8' type='int_boolean' data='0x00000000'>>
2026-01-03 17:15:01.813 | DEBUG    | androguard.core.axml:__init__:3581 - Parsed <ARSCResTableEntry idx='0x000e7800' mResId='0x7f0b00d1' flags='0x04' holding=<ARSCResStringPoolRef idx='0x000e7808' size='8' type='int_boolean' data='0x00000000'>>
2026-01-03 17:15:01.813 | DEBUG    | androguard.core.axml:__init__:3581 - Parsed <ARSCResTableEntry idx='0x000e7810' mResId='0x7f0b00d2' flags='0x04' holding=<ARSCResStringPoolRef idx='0x000e7818' size='8' type='int_boolean' data='0x00000000'>>
2026-01-03 17:15:01.813 | DEBUG    | androguard.core.axml:__init__:3581 - Parsed <ARSCResTableEntry idx='0x000e7820' mResId='0x7f0b00d3' flags='0x04' holding=<ARSCResStringPoolRef idx='0x000e7828' size='8' type='int_boolean' data='0x00000000'>>
2026-01-03 17:15:01.813 | DEBUG    | androguard.core.axml:__init__:3581 - Parsed <ARSCResTableEntry idx='0x000e7830' mResId='0x7f0b00d4' flags='0x04' holding=<ARSCResStringPoolRef idx='0x000e7838' size='8' type='int_boolean' data='0x00000000'>>
2026-01-03 17:15:01.813 | DEBUG    | androguard.core.axml:__init__:3581 - Parsed <ARSCResTableEntry idx='0x000e7840' mResId='0x7f0b00d5' flags='0x04' holding=<ARSCResStringPoolRef idx='0x000e7848' size='8' type='int_boolean' data='0x00000000'>>
2026-01-03 17:15:01.813 | DEBUG    | androguard.core.axml:__init__:3581 - Parsed <ARSCResTableEntry idx='0x000e7850' mResId='0x7f0b00d6' flags='0x04' holding=<ARSCResStringPoolRef idx='0x000e7858' size='8' type='int_boolean' data='0x00000000'>>
2026-01-03 17:15:01.813 | DEBUG    | androguard.core.axml:__init__:3581 - Parsed <ARSCResTableEntry idx='0x000e7860' mResId='0x7f0b00d7' flags='0x04' holding=<ARSCResStringPoolRef idx='0x000e7868' size='8' type='int_boolean' data='0x00000000'>>
2026-01-03 17:15:01.813 | DEBUG    | androguard.core.axml:__init__:3581 - Parsed <ARSCResTableEntry idx='0x000e7870' mResId='0x7f0b00d8' flags='0x04' holding=<ARSCResStringPoolRef idx='0x000e7878' size='8' type='int_boolean' data='0x00000000'>>
2026-01-03 17:15:01.813 | DEBUG    | androguard.core.axml:__init__:3581 - Parsed <ARSCResTableEntry idx='0x000e7880' mResId='0x7f0b00d9' flags='0x04' holding=<ARSCResStringPoolRef idx='0x000e7888' size='8' type='int_boolean' data='0x00000000'>>
2026-01-03 17:15:01.813 | DEBUG    | androguard.core.axml:__init__:3581 - Parsed <ARSCResTableEntry idx='0x000e7890' mResId='0x7f0b00da' flags='0x04' holding=<ARSCResStringPoolRef idx='0x000e7898' size='8' type='int_boolean' data='0x00000000'>>
2026-01-03 17:15:01.813 | DEBUG    | androguard.core.axml:__init__:3581 - Parsed <ARSCResTableEntry idx='0x000e78a0' mResId='0x7f0b00db' flags='0x04' holding=<ARSCResStringPoolRef idx='0x000e78a8' size='8' type='int_boolean' data='0x00000000'>>
2026-01-03 17:15:01.813 | DEBUG    | androguard.core.axml:__init__:3581 - Parsed <ARSCResTableEntry idx='0x000e78b0' mResId='0x7f0b00dc' flags='0x04' holding=<ARSCResStringPoolRef idx='0x000e78b8' size='8' type='int_boolean' data='0x00000000'>>
2026-01-03 17:15:01.813 | DEBUG    | androguard.core.axml:__init__:3581 - Parsed <ARSCResTableEntry idx='0x000e78c0' mResId='0x7f0b00dd' flags='0x04' holding=<ARSCResStringPoolRef idx='0x000e78c8' size='8' type='int_boolean' data='0x00000000'>>
2026-01-03 17:15:01.813 | DEBUG    | androguard.core.axml:__init__:3581 - Parsed <ARSCResTableEntry idx='0x000e78d0' mResId='0x7f0b00de' flags='0x04' holding=<ARSCResStringPoolRef idx='0x000e78d8' size='8' type='int_boolean' data='0x00000000'>>
2026-01-03 17:15:01.813 | DEBUG    | androguard.core.axml:__init__:3581 - Parsed <ARSCResTableEntry idx='0x000e78e0' mResId='0x7f0b00df' flags='0x04' holding=<ARSCResStringPoolRef idx='0x000e78e8' size='8' type='int_boolean' data='0x00000000'>>
2026-01-03 17:15:01.813 | DEBUG    | androguard.core.axml:__init__:3581 - Parsed <ARSCResTableEntry idx='0x000e78f0' mResId='0x7f0b00e0' flags='0x04' holding=<ARSCResStringPoolRef idx='0x000e78f8' size='8' type='int_boolean' data='0x00000000'>>
2026-01-03 17:15:01.813 | DEBUG    | androguard.core.axml:__init__:3581 - Parsed <ARSCResTableEntry idx='0x000e7900' mResId='0x7f0b00e1' flags='0x04' holding=<ARSCResStringPoolRef idx='0x000e7908' size='8' type='int_boolean' data='0x00000000'>>
2026-01-03 17:15:01.813 | DEBUG    | androguard.core.axml:__init__:3581 - Parsed <ARSCResTableEntry idx='0x000e7910' mResId='0x7f0b00e2' flags='0x04' holding=<ARSCResStringPoolRef idx='0x000e7918' size='8' type='int_boolean' data='0x00000000'>>
2026-01-03 17:15:01.813 | DEBUG    | androguard.core.axml:__init__:3581 - Parsed <ARSCResTableEntry idx='0x000e7920' mResId='0x7f0b00e4' flags='0x04' holding=<ARSCResStringPoolRef idx='0x000e7928' size='8' type='int_boolean' data='0x00000000'>>
2026-01-03 17:15:01.813 | DEBUG    | androguard.core.axml:__init__:3581 - Parsed <ARSCResTableEntry idx='0x000e7930' mResId='0x7f0b00e5' flags='0x04' holding=<ARSCResStringPoolRef idx='0x000e7938' size='8' type='int_boolean' data='0x00000000'>>
2026-01-03 17:15:01.813 | DEBUG    | androguard.core.axml:__init__:3581 - Parsed <ARSCResTableEntry idx='0x000e7940' mResId='0x7f0b00e6' flags='0x04' holding=<ARSCResStringPoolRef idx='0x000e7948' size='8' type='int_boolean' data='0x00000000'>>
2026-01-03 17:15:01.813 | DEBUG    | androguard.core.axml:__init__:3581 - Parsed <ARSCResTableEntry idx='0x000e7950' mResId='0x7f0b00e7' flags='0x04' holding=<ARSCResStringPoolRef idx='0x000e7958' size='8' type='int_boolean' data='0x00000000'>>
2026-01-03 17:15:01.813 | DEBUG    | androguard.core.axml:__init__:3581 - Parsed <ARSCResTableEntry idx='0x000e7960' mResId='0x7f0b00e8' flags='0x04' holding=<ARSCResStringPoolRef idx='0x000e7968' size='8' type='int_boolean' data='0x00000000'>>
2026-01-03 17:15:01.813 | DEBUG    | androguard.core.axml:__init__:3581 - Parsed <ARSCResTableEntry idx='0x000e7970' mResId='0x7f0b00ea' flags='0x04' holding=<ARSCResStringPoolRef idx='0x000e7978' size='8' type='int_boolean' data='0x00000000'>>
2026-01-03 17:15:01.813 | DEBUG    | androguard.core.axml:__init__:3581 - Parsed <ARSCResTableEntry idx='0x000e7980' mResId='0x7f0b00eb' flags='0x04' holding=<ARSCResStringPoolRef idx='0x000e7988' size='8' type='int_boolean' data='0x00000000'>>
2026-01-03 17:15:01.813 | DEBUG    | androguard.core.axml:__init__:3581 - Parsed <ARSCResTableEntry idx='0x000e7990' mResId='0x7f0b00ed' flags='0x04' holding=<ARSCResStringPoolRef idx='0x000e7998' size='8' type='int_boolean' data='0x00000000'>>
2026-01-03 17:15:01.813 | DEBUG    | androguard.core.axml:__init__:3581 - Parsed <ARSCResTableEntry idx='0x000e79a0' mResId='0x7f0b00ee' flags='0x04' holding=<ARSCResStringPoolRef idx='0x000e79a8' size='8' type='int_boolean' data='0x00000000'>>
2026-01-03 17:15:01.813 | DEBUG    | androguard.core.axml:__init__:3581 - Parsed <ARSCResTableEntry idx='0x000e79b0' mResId='0x7f0b00ef' flags='0x04' holding=<ARSCResStringPoolRef idx='0x000e79b8' size='8' type='int_boolean' data='0x00000000'>>
2026-01-03 17:15:01.813 | DEBUG    | androguard.core.axml:__init__:3581 - Parsed <ARSCResTableEntry idx='0x000e79c0' mResId='0x7f0b00f0' flags='0x04' holding=<ARSCResStringPoolRef idx='0x000e79c8' size='8' type='int_boolean' data='0x00000000'>>
2026-01-03 17:15:01.813 | DEBUG    | androguard.core.axml:__init__:3581 - Parsed <ARSCResTableEntry idx='0x000e79d0' mResId='0x7f0b00f1' flags='0x04' holding=<ARSCResStringPoolRef idx='0x000e79d8' size='8' type='int_boolean' data='0x00000000'>>
2026-01-03 17:15:01.813 | DEBUG    | androguard.core.axml:__init__:3581 - Parsed <ARSCResTableEntry idx='0x000e79e0' mResId='0x7f0b00f5' flags='0x04' holding=<ARSCResStringPoolRef idx='0x000e79e8' size='8' type='int_boolean' data='0x00000000'>>
2026-01-03 17:15:01.813 | DEBUG    | androguard.core.axml:__init__:3581 - Parsed <ARSCResTableEntry idx='0x000e79f0' mResId='0x7f0b00f6' flags='0x04' holding=<ARSCResStringPoolRef idx='0x000e79f8' size='8' type='int_boolean' data='0x00000000'>>
2026-01-03 17:15:01.814 | DEBUG    | androguard.core.axml:__init__:3581 - Parsed <ARSCResTableEntry idx='0x000e7a00' mResId='0x7f0b00fa' flags='0x04' holding=<ARSCResStringPoolRef idx='0x000e7a08' size='8' type='int_boolean' data='0x00000000'>>
2026-01-03 17:15:01.814 | DEBUG    | androguard.core.axml:__init__:3581 - Parsed <ARSCResTableEntry idx='0x000e7a10' mResId='0x7f0b00fb' flags='0x04' holding=<ARSCResStringPoolRef idx='0x000e7a18' size='8' type='int_boolean' data='0x00000000'>>
2026-01-03 17:15:01.814 | DEBUG    | androguard.core.axml:__init__:3581 - Parsed <ARSCResTableEntry idx='0x000e7a20' mResId='0x7f0b00fc' flags='0x04' holding=<ARSCResStringPoolRef idx='0x000e7a28' size='8' type='int_boolean' data='0x00000000'>>
2026-01-03 17:15:01.814 | DEBUG    | androguard.core.axml:__init__:3581 - Parsed <ARSCResTableEntry idx='0x000e7a30' mResId='0x7f0b00fd' flags='0x04' holding=<ARSCResStringPoolRef idx='0x000e7a38' size='8' type='int_boolean' data='0x00000000'>>
2026-01-03 17:15:01.814 | DEBUG    | androguard.core.axml:__init__:3581 - Parsed <ARSCResTableEntry idx='0x000e7a40' mResId='0x7f0b00fe' flags='0x04' holding=<ARSCResStringPoolRef idx='0x000e7a48' size='8' type='int_boolean' data='0x00000000'>>
2026-01-03 17:15:01.814 | DEBUG    | androguard.core.axml:__init__:3581 - Parsed <ARSCResTableEntry idx='0x000e7a50' mResId='0x7f0b00ff' flags='0x04' holding=<ARSCResStringPoolRef idx='0x000e7a58' size='8' type='int_boolean' data='0x00000000'>>
2026-01-03 17:15:01.814 | DEBUG    | androguard.core.axml:__init__:3581 - Parsed <ARSCResTableEntry idx='0x000e7a60' mResId='0x7f0b0100' flags='0x04' holding=<ARSCResStringPoolRef idx='0x000e7a68' size='8' type='int_boolean' data='0x00000000'>>
2026-01-03 17:15:01.814 | DEBUG    | androguard.core.axml:__init__:3581 - Parsed <ARSCResTableEntry idx='0x000e7a70' mResId='0x7f0b0101' flags='0x04' holding=<ARSCResStringPoolRef idx='0x000e7a78' size='8' type='int_boolean' data='0x00000000'>>
2026-01-03 17:15:01.814 | DEBUG    | androguard.core.axml:__init__:3581 - Parsed <ARSCResTableEntry idx='0x000e7a80' mResId='0x7f0b0102' flags='0x04' holding=<ARSCResStringPoolRef idx='0x000e7a88' size='8' type='int_boolean' data='0x00000000'>>
2026-01-03 17:15:01.814 | DEBUG    | androguard.core.axml:__init__:3581 - Parsed <ARSCResTableEntry idx='0x000e7a90' mResId='0x7f0b0103' flags='0x04' holding=<ARSCResStringPoolRef idx='0x000e7a98' size='8' type='int_boolean' data='0x00000000'>>
2026-01-03 17:15:01.814 | DEBUG    | androguard.core.axml:__init__:3581 - Parsed <ARSCResTableEntry idx='0x000e7aa0' mResId='0x7f0b0104' flags='0x04' holding=<ARSCResStringPoolRef idx='0x000e7aa8' size='8' type='int_boolean' data='0x00000000'>>
2026-01-03 17:15:01.814 | DEBUG    | androguard.core.axml:__init__:3581 - Parsed <ARSCResTableEntry idx='0x000e7ab0' mResId='0x7f0b0105' flags='0x04' holding=<ARSCResStringPoolRef idx='0x000e7ab8' size='8' type='int_boolean' data='0x00000000'>>
2026-01-03 17:15:01.814 | DEBUG    | androguard.core.axml:__init__:3581 - Parsed <ARSCResTableEntry idx='0x000e7ac0' mResId='0x7f0b0106' flags='0x04' holding=<ARSCResStringPoolRef idx='0x000e7ac8' size='8' type='int_boolean' data='0x00000000'>>
2026-01-03 17:15:01.814 | DEBUG    | androguard.core.axml:__init__:3581 - Parsed <ARSCResTableEntry idx='0x000e7ad0' mResId='0x7f0b0108' flags='0x04' holding=<ARSCResStringPoolRef idx='0x000e7ad8' size='8' type='int_boolean' data='0x00000000'>>
2026-01-03 17:15:01.814 | DEBUG    | androguard.core.axml:__init__:3581 - Parsed <ARSCResTableEntry idx='0x000e7ae0' mResId='0x7f0b0109' flags='0x04' holding=<ARSCResStringPoolRef idx='0x000e7ae8' size='8' type='int_boolean' data='0x00000000'>>
2026-01-03 17:15:01.814 | DEBUG    | androguard.core.axml:__init__:3581 - Parsed <ARSCResTableEntry idx='0x000e7af0' mResId='0x7f0b010a' flags='0x04' holding=<ARSCResStringPoolRef idx='0x000e7af8' size='8' type='int_boolean' data='0x00000000'>>
2026-01-03 17:15:01.814 | DEBUG    | androguard.core.axml:__init__:3581 - Parsed <ARSCResTableEntry idx='0x000e7b00' mResId='0x7f0b010b' flags='0x04' holding=<ARSCResStringPoolRef idx='0x000e7b08' size='8' type='int_boolean' data='0x00000000'>>
2026-01-03 17:15:01.814 | DEBUG    | androguard.core.axml:__init__:3581 - Parsed <ARSCResTableEntry idx='0x000e7b10' mResId='0x7f0b010c' flags='0x04' holding=<ARSCResStringPoolRef idx='0x000e7b18' size='8' type='int_boolean' data='0x00000000'>>
2026-01-03 17:15:01.814 | DEBUG    | androguard.core.axml:__init__:3581 - Parsed <ARSCResTableEntry idx='0x000e7b20' mResId='0x7f0b010e' flags='0x04' holding=<ARSCResStringPoolRef idx='0x000e7b28' size='8' type='int_boolean' data='0x00000000'>>
2026-01-03 17:15:01.814 | DEBUG    | androguard.core.axml:__init__:3581 - Parsed <ARSCResTableEntry idx='0x000e7b30' mResId='0x7f0b010f' flags='0x04' holding=<ARSCResStringPoolRef idx='0x000e7b38' size='8' type='int_boolean' data='0x00000000'>>
2026-01-03 17:15:01.814 | DEBUG    | androguard.core.axml:__init__:3581 - Parsed <ARSCResTableEntry idx='0x000e7b40' mResId='0x7f0b0110' flags='0x04' holding=<ARSCResStringPoolRef idx='0x000e7b48' size='8' type='int_boolean' data='0x00000000'>>
2026-01-03 17:15:01.814 | DEBUG    | androguard.core.axml:__init__:3581 - Parsed <ARSCResTableEntry idx='0x000e7b50' mResId='0x7f0b0111' flags='0x04' holding=<ARSCResStringPoolRef idx='0x000e7b58' size='8' type='int_boolean' data='0x00000000'>>
2026-01-03 17:15:01.814 | DEBUG    | androguard.core.axml:__init__:3581 - Parsed <ARSCResTableEntry idx='0x000e7b60' mResId='0x7f0b0112' flags='0x04' holding=<ARSCResStringPoolRef idx='0x000e7b68' size='8' type='int_boolean' data='0x00000000'>>
2026-01-03 17:15:01.814 | DEBUG    | androguard.core.axml:__init__:3581 - Parsed <ARSCResTableEntry idx='0x000e7b70' mResId='0x7f0b0113' flags='0x04' holding=<ARSCResStringPoolRef idx='0x000e7b78' size='8' type='int_boolean' data='0x00000000'>>
2026-01-03 17:15:01.814 | DEBUG    | androguard.core.axml:__init__:3581 - Parsed <ARSCResTableEntry idx='0x000e7b80' mResId='0x7f0b0114' flags='0x04' holding=<ARSCResStringPoolRef idx='0x000e7b88' size='8' type='int_boolean' data='0x00000000'>>
2026-01-03 17:15:01.814 | DEBUG    | androguard.core.axml:__init__:3581 - Parsed <ARSCResTableEntry idx='0x000e7b90' mResId='0x7f0b0115' flags='0x04' holding=<ARSCResStringPoolRef idx='0x000e7b98' size='8' type='int_boolean' data='0x00000000'>>
2026-01-03 17:15:01.814 | DEBUG    | androguard.core.axml:__init__:3581 - Parsed <ARSCResTableEntry idx='0x000e7ba0' mResId='0x7f0b0116' flags='0x04' holding=<ARSCResStringPoolRef idx='0x000e7ba8' size='8' type='int_boolean' data='0x00000000'>>
2026-01-03 17:15:01.814 | DEBUG    | androguard.core.axml:__init__:3581 - Parsed <ARSCResTableEntry idx='0x000e7bb0' mResId='0x7f0b0117' flags='0x04' holding=<ARSCResStringPoolRef idx='0x000e7bb8' size='8' type='int_boolean' data='0x00000000'>>
2026-01-03 17:15:01.814 | DEBUG    | androguard.core.axml:__init__:3581 - Parsed <ARSCResTableEntry idx='0x000e7bc0' mResId='0x7f0b011b' flags='0x04' holding=<ARSCResStringPoolRef idx='0x000e7bc8' size='8' type='int_boolean' data='0x00000000'>>
2026-01-03 17:15:01.814 | DEBUG    | androguard.core.axml:__init__:3581 - Parsed <ARSCResTableEntry idx='0x000e7bd0' mResId='0x7f0b011c' flags='0x04' holding=<ARSCResStringPoolRef idx='0x000e7bd8' size='8' type='int_boolean' data='0x00000000'>>
2026-01-03 17:15:01.814 | DEBUG    | androguard.core.axml:__init__:3581 - Parsed <ARSCResTableEntry idx='0x000e7be0' mResId='0x7f0b011d' flags='0x04' holding=<ARSCResStringPoolRef idx='0x000e7be8' size='8' type='int_boolean' data='0x00000000'>>
2026-01-03 17:15:01.814 | DEBUG    | androguard.core.axml:__init__:3581 - Parsed <ARSCResTableEntry idx='0x000e7bf0' mResId='0x7f0b011e' flags='0x04' holding=<ARSCResStringPoolRef idx='0x000e7bf8' size='8' type='int_boolean' data='0x00000000'>>
2026-01-03 17:15:01.814 | DEBUG    | androguard.core.axml:__init__:3581 - Parsed <ARSCResTableEntry idx='0x000e7c00' mResId='0x7f0b011f' flags='0x04' holding=<ARSCResStringPoolRef idx='0x000e7c08' size='8' type='int_boolean' data='0x00000000'>>
2026-01-03 17:15:01.814 | DEBUG    | androguard.core.axml:__init__:3581 - Parsed <ARSCResTableEntry idx='0x000e7c10' mResId='0x7f0b0120' flags='0x04' holding=<ARSCResStringPoolRef idx='0x000e7c18' size='8' type='int_boolean' data='0x00000000'>>
2026-01-03 17:15:01.814 | DEBUG    | androguard.core.axml:__init__:3581 - Parsed <ARSCResTableEntry idx='0x000e7c20' mResId='0x7f0b0123' flags='0x04' holding=<ARSCResStringPoolRef idx='0x000e7c28' size='8' type='int_boolean' data='0x00000000'>>
2026-01-03 17:15:01.814 | DEBUG    | androguard.core.axml:__init__:3581 - Parsed <ARSCResTableEntry idx='0x000e7c30' mResId='0x7f0b0124' flags='0x04' holding=<ARSCResStringPoolRef idx='0x000e7c38' size='8' type='int_boolean' data='0x00000000'>>
2026-01-03 17:15:01.814 | DEBUG    | androguard.core.axml:__init__:3581 - Parsed <ARSCResTableEntry idx='0x000e7c40' mResId='0x7f0b0125' flags='0x04' holding=<ARSCResStringPoolRef idx='0x000e7c48' size='8' type='int_boolean' data='0x00000000'>>
2026-01-03 17:15:01.814 | DEBUG    | androguard.core.axml:__init__:3581 - Parsed <ARSCResTableEntry idx='0x000e7c50' mResId='0x7f0b0126' flags='0x04' holding=<ARSCResStringPoolRef idx='0x000e7c58' size='8' type='int_boolean' data='0x00000000'>>
2026-01-03 17:15:01.814 | DEBUG    | androguard.core.axml:__init__:3581 - Parsed <ARSCResTableEntry idx='0x000e7c60' mResId='0x7f0b0127' flags='0x04' holding=<ARSCResStringPoolRef idx='0x000e7c68' size='8' type='int_boolean' data='0x00000000'>>
2026-01-03 17:15:01.814 | DEBUG    | androguard.core.axml:__init__:3581 - Parsed <ARSCResTableEntry idx='0x000e7c70' mResId='0x7f0b0128' flags='0x04' holding=<ARSCResStringPoolRef idx='0x000e7c78' size='8' type='int_boolean' data='0x00000000'>>
2026-01-03 17:15:01.814 | DEBUG    | androguard.core.axml:__init__:3581 - Parsed <ARSCResTableEntry idx='0x000e7c80' mResId='0x7f0b0129' flags='0x04' holding=<ARSCResStringPoolRef idx='0x000e7c88' size='8' type='int_boolean' data='0x00000000'>>
2026-01-03 17:15:01.814 | DEBUG    | androguard.core.axml:__init__:3581 - Parsed <ARSCResTableEntry idx='0x000e7c90' mResId='0x7f0b012a' flags='0x04' holding=<ARSCResStringPoolRef idx='0x000e7c98' size='8' type='int_boolean' data='0x00000000'>>
2026-01-03 17:15:01.814 | DEBUG    | androguard.core.axml:__init__:3581 - Parsed <ARSCResTableEntry idx='0x000e7ca0' mResId='0x7f0b012b' flags='0x04' holding=<ARSCResStringPoolRef idx='0x000e7ca8' size='8' type='int_boolean' data='0x00000000'>>
2026-01-03 17:15:01.814 | DEBUG    | androguard.core.axml:__init__:3581 - Parsed <ARSCResTableEntry idx='0x000e7cb0' mResId='0x7f0b012c' flags='0x04' holding=<ARSCResStringPoolRef idx='0x000e7cb8' size='8' type='int_boolean' data='0x00000000'>>
2026-01-03 17:15:01.814 | DEBUG    | androguard.core.axml:__init__:3581 - Parsed <ARSCResTableEntry idx='0x000e7cc0' mResId='0x7f0b012d' flags='0x04' holding=<ARSCResStringPoolRef idx='0x000e7cc8' size='8' type='int_boolean' data='0x00000000'>>
2026-01-03 17:15:01.814 | DEBUG    | androguard.core.axml:__init__:3581 - Parsed <ARSCResTableEntry idx='0x000e7cd0' mResId='0x7f0b012e' flags='0x04' holding=<ARSCResStringPoolRef idx='0x000e7cd8' size='8' type='int_boolean' data='0x00000000'>>
2026-01-03 17:15:01.814 | DEBUG    | androguard.core.axml:__init__:3581 - Parsed <ARSCResTableEntry idx='0x000e7ce0' mResId='0x7f0b012f' flags='0x04' holding=<ARSCResStringPoolRef idx='0x000e7ce8' size='8' type='int_boolean' data='0x00000000'>>
2026-01-03 17:15:01.814 | DEBUG    | androguard.core.axml:__init__:3581 - Parsed <ARSCResTableEntry idx='0x000e7cf0' mResId='0x7f0b0130' flags='0x04' holding=<ARSCResStringPoolRef idx='0x000e7cf8' size='8' type='int_boolean' data='0x00000000'>>
2026-01-03 17:15:01.814 | DEBUG    | androguard.core.axml:__init__:3581 - Parsed <ARSCResTableEntry idx='0x000e7d00' mResId='0x7f0b0131' flags='0x04' holding=<ARSCResStringPoolRef idx='0x000e7d08' size='8' type='int_boolean' data='0x00000000'>>
2026-01-03 17:15:01.814 | DEBUG    | androguard.core.axml:__init__:3581 - Parsed <ARSCResTableEntry idx='0x000e7d10' mResId='0x7f0b0132' flags='0x04' holding=<ARSCResStringPoolRef idx='0x000e7d18' size='8' type='int_boolean' data='0x00000000'>>
2026-01-03 17:15:01.814 | DEBUG    | androguard.core.axml:__init__:3581 - Parsed <ARSCResTableEntry idx='0x000e7d20' mResId='0x7f0b0133' flags='0x04' holding=<ARSCResStringPoolRef idx='0x000e7d28' size='8' type='int_boolean' data='0x00000000'>>
2026-01-03 17:15:01.814 | DEBUG    | androguard.core.axml:__init__:3581 - Parsed <ARSCResTableEntry idx='0x000e7d30' mResId='0x7f0b0134' flags='0x04' holding=<ARSCResStringPoolRef idx='0x000e7d38' size='8' type='int_boolean' data='0x00000000'>>
2026-01-03 17:15:01.814 | DEBUG    | androguard.core.axml:__init__:3581 - Parsed <ARSCResTableEntry idx='0x000e7d40' mResId='0x7f0b0135' flags='0x04' holding=<ARSCResStringPoolRef idx='0x000e7d48' size='8' type='int_boolean' data='0x00000000'>>
2026-01-03 17:15:01.814 | DEBUG    | androguard.core.axml:__init__:3581 - Parsed <ARSCResTableEntry idx='0x000e7d50' mResId='0x7f0b0136' flags='0x04' holding=<ARSCResStringPoolRef idx='0x000e7d58' size='8' type='int_boolean' data='0x00000000'>>
2026-01-03 17:15:01.814 | DEBUG    | androguard.core.axml:__init__:3581 - Parsed <ARSCResTableEntry idx='0x000e7d60' mResId='0x7f0b0137' flags='0x04' holding=<ARSCResStringPoolRef idx='0x000e7d68' size='8' type='int_boolean' data='0x00000000'>>
2026-01-03 17:15:01.814 | DEBUG    | androguard.core.axml:__init__:3581 - Parsed <ARSCResTableEntry idx='0x000e7d70' mResId='0x7f0b0138' flags='0x04' holding=<ARSCResStringPoolRef idx='0x000e7d78' size='8' type='int_boolean' data='0x00000000'>>
2026-01-03 17:15:01.814 | DEBUG    | androguard.core.axml:__init__:3581 - Parsed <ARSCResTableEntry idx='0x000e7d80' mResId='0x7f0b0139' flags='0x04' holding=<ARSCResStringPoolRef idx='0x000e7d88' size='8' type='int_boolean' data='0x00000000'>>
2026-01-03 17:15:01.814 | DEBUG    | androguard.core.axml:__init__:3581 - Parsed <ARSCResTableEntry idx='0x000e7d90' mResId='0x7f0b013a' flags='0x04' holding=<ARSCResStringPoolRef idx='0x000e7d98' size='8' type='int_boolean' data='0x00000000'>>
2026-01-03 17:15:01.815 | DEBUG    | androguard.core.axml:__init__:3581 - Parsed <ARSCResTableEntry idx='0x000e7da0' mResId='0x7f0b013b' flags='0x04' holding=<ARSCResStringPoolRef idx='0x000e7da8' size='8' type='int_boolean' data='0x00000000'>>
2026-01-03 17:15:01.815 | DEBUG    | androguard.core.axml:__init__:3581 - Parsed <ARSCResTableEntry idx='0x000e7db0' mResId='0x7f0b013c' flags='0x04' holding=<ARSCResStringPoolRef idx='0x000e7db8' size='8' type='int_boolean' data='0x00000000'>>
2026-01-03 17:15:01.815 | DEBUG    | androguard.core.axml:__init__:3581 - Parsed <ARSCResTableEntry idx='0x000e7dc0' mResId='0x7f0b013d' flags='0x04' holding=<ARSCResStringPoolRef idx='0x000e7dc8' size='8' type='int_boolean' data='0x00000000'>>
2026-01-03 17:15:01.815 | DEBUG    | androguard.core.axml:__init__:3581 - Parsed <ARSCResTableEntry idx='0x000e7dd0' mResId='0x7f0b013e' flags='0x04' holding=<ARSCResStringPoolRef idx='0x000e7dd8' size='8' type='int_boolean' data='0x00000000'>>
2026-01-03 17:15:01.815 | DEBUG    | androguard.core.axml:__init__:3581 - Parsed <ARSCResTableEntry idx='0x000e7de0' mResId='0x7f0b013f' flags='0x04' holding=<ARSCResStringPoolRef idx='0x000e7de8' size='8' type='int_boolean' data='0x00000000'>>
2026-01-03 17:15:01.815 | DEBUG    | androguard.core.axml:__init__:3581 - Parsed <ARSCResTableEntry idx='0x000e7df0' mResId='0x7f0b0141' flags='0x04' holding=<ARSCResStringPoolRef idx='0x000e7df8' size='8' type='int_boolean' data='0x00000000'>>
2026-01-03 17:15:01.815 | DEBUG    | androguard.core.axml:__init__:3581 - Parsed <ARSCResTableEntry idx='0x000e7e00' mResId='0x7f0b0142' flags='0x04' holding=<ARSCResStringPoolRef idx='0x000e7e08' size='8' type='int_boolean' data='0x00000000'>>
2026-01-03 17:15:01.815 | DEBUG    | androguard.core.axml:__init__:3581 - Parsed <ARSCResTableEntry idx='0x000e7e10' mResId='0x7f0b0144' flags='0x04' holding=<ARSCResStringPoolRef idx='0x000e7e18' size='8' type='int_boolean' data='0x00000000'>>
2026-01-03 17:15:01.815 | DEBUG    | androguard.core.axml:__init__:3581 - Parsed <ARSCResTableEntry idx='0x000e7e20' mResId='0x7f0b0145' flags='0x04' holding=<ARSCResStringPoolRef idx='0x000e7e28' size='8' type='int_boolean' data='0x00000000'>>
2026-01-03 17:15:01.815 | DEBUG    | androguard.core.axml:__init__:3581 - Parsed <ARSCResTableEntry idx='0x000e7e30' mResId='0x7f0b0146' flags='0x04' holding=<ARSCResStringPoolRef idx='0x000e7e38' size='8' type='int_boolean' data='0x00000000'>>
2026-01-03 17:15:01.815 | DEBUG    | androguard.core.axml:__init__:3581 - Parsed <ARSCResTableEntry idx='0x000e7e40' mResId='0x7f0b0149' flags='0x04' holding=<ARSCResStringPoolRef idx='0x000e7e48' size='8' type='int_boolean' data='0x00000000'>>
2026-01-03 17:15:01.815 | DEBUG    | androguard.core.axml:__init__:3581 - Parsed <ARSCResTableEntry idx='0x000e7e50' mResId='0x7f0b014a' flags='0x04' holding=<ARSCResStringPoolRef idx='0x000e7e58' size='8' type='int_boolean' data='0x00000000'>>
2026-01-03 17:15:01.815 | DEBUG    | androguard.core.axml:__init__:3581 - Parsed <ARSCResTableEntry idx='0x000e7e60' mResId='0x7f0b014b' flags='0x04' holding=<ARSCResStringPoolRef idx='0x000e7e68' size='8' type='int_boolean' data='0x00000000'>>
2026-01-03 17:15:01.815 | DEBUG    | androguard.core.axml:__init__:3581 - Parsed <ARSCResTableEntry idx='0x000e7e70' mResId='0x7f0b014e' flags='0x04' holding=<ARSCResStringPoolRef idx='0x000e7e78' size='8' type='int_boolean' data='0x00000000'>>
2026-01-03 17:15:01.815 | DEBUG    | androguard.core.axml:__init__:3581 - Parsed <ARSCResTableEntry idx='0x000e7e80' mResId='0x7f0b014f' flags='0x04' holding=<ARSCResStringPoolRef idx='0x000e7e88' size='8' type='int_boolean' data='0x00000000'>>
2026-01-03 17:15:01.815 | DEBUG    | androguard.core.axml:__init__:3581 - Parsed <ARSCResTableEntry idx='0x000e7e90' mResId='0x7f0b0153' flags='0x04' holding=<ARSCResStringPoolRef idx='0x000e7e98' size='8' type='int_boolean' data='0x00000000'>>
2026-01-03 17:15:01.815 | DEBUG    | androguard.core.axml:__init__:3581 - Parsed <ARSCResTableEntry idx='0x000e7ea0' mResId='0x7f0b0154' flags='0x04' holding=<ARSCResStringPoolRef idx='0x000e7ea8' size='8' type='int_boolean' data='0x00000000'>>
2026-01-03 17:15:01.815 | DEBUG    | androguard.core.axml:__init__:3581 - Parsed <ARSCResTableEntry idx='0x000e7eb0' mResId='0x7f0b0157' flags='0x04' holding=<ARSCResStringPoolRef idx='0x000e7eb8' size='8' type='int_boolean' data='0x00000000'>>
2026-01-03 17:15:01.815 | DEBUG    | androguard.core.axml:__init__:3581 - Parsed <ARSCResTableEntry idx='0x000e7ec0' mResId='0x7f0b0158' flags='0x04' holding=<ARSCResStringPoolRef idx='0x000e7ec8' size='8' type='int_boolean' data='0x00000000'>>
2026-01-03 17:15:01.815 | DEBUG    | androguard.core.axml:__init__:3581 - Parsed <ARSCResTableEntry idx='0x000e7ed0' mResId='0x7f0b0159' flags='0x04' holding=<ARSCResStringPoolRef idx='0x000e7ed8' size='8' type='int_boolean' data='0x00000000'>>
2026-01-03 17:15:01.815 | DEBUG    | androguard.core.axml:__init__:3581 - Parsed <ARSCResTableEntry idx='0x000e7ee0' mResId='0x7f0b015a' flags='0x04' holding=<ARSCResStringPoolRef idx='0x000e7ee8' size='8' type='int_boolean' data='0x00000000'>>
2026-01-03 17:15:01.815 | DEBUG    | androguard.core.axml:__init__:3581 - Parsed <ARSCResTableEntry idx='0x000e7ef0' mResId='0x7f0b015b' flags='0x04' holding=<ARSCResStringPoolRef idx='0x000e7ef8' size='8' type='int_boolean' data='0x00000000'>>
2026-01-03 17:15:01.815 | DEBUG    | androguard.core.axml:__init__:3581 - Parsed <ARSCResTableEntry idx='0x000e7f00' mResId='0x7f0b015c' flags='0x04' holding=<ARSCResStringPoolRef idx='0x000e7f08' size='8' type='int_boolean' data='0x00000000'>>
2026-01-03 17:15:01.815 | DEBUG    | androguard.core.axml:__init__:3581 - Parsed <ARSCResTableEntry idx='0x000e7f10' mResId='0x7f0b015d' flags='0x04' holding=<ARSCResStringPoolRef idx='0x000e7f18' size='8' type='int_boolean' data='0x00000000'>>
2026-01-03 17:15:01.815 | DEBUG    | androguard.core.axml:__init__:3581 - Parsed <ARSCResTableEntry idx='0x000e7f20' mResId='0x7f0b015e' flags='0x04' holding=<ARSCResStringPoolRef idx='0x000e7f28' size='8' type='int_boolean' data='0x00000000'>>
2026-01-03 17:15:01.815 | DEBUG    | androguard.core.axml:__init__:3581 - Parsed <ARSCResTableEntry idx='0x000e7f30' mResId='0x7f0b015f' flags='0x04' holding=<ARSCResStringPoolRef idx='0x000e7f38' size='8' type='int_boolean' data='0x00000000'>>
2026-01-03 17:15:01.815 | DEBUG    | androguard.core.axml:__init__:3581 - Parsed <ARSCResTableEntry idx='0x000e7f40' mResId='0x7f0b0160' flags='0x04' holding=<ARSCResStringPoolRef idx='0x000e7f48' size='8' type='int_boolean' data='0x00000000'>>
2026-01-03 17:15:01.815 | DEBUG    | androguard.core.axml:__init__:3581 - Parsed <ARSCResTableEntry idx='0x000e7f50' mResId='0x7f0b0161' flags='0x04' holding=<ARSCResStringPoolRef idx='0x000e7f58' size='8' type='int_boolean' data='0x00000000'>>
2026-01-03 17:15:01.815 | DEBUG    | androguard.core.axml:__init__:3581 - Parsed <ARSCResTableEntry idx='0x000e7f60' mResId='0x7f0b0162' flags='0x04' holding=<ARSCResStringPoolRef idx='0x000e7f68' size='8' type='int_boolean' data='0x00000000'>>
2026-01-03 17:15:01.815 | DEBUG    | androguard.core.axml:__init__:3581 - Parsed <ARSCResTableEntry idx='0x000e7f70' mResId='0x7f0b0163' flags='0x04' holding=<ARSCResStringPoolRef idx='0x000e7f78' size='8' type='int_boolean' data='0x00000000'>>
2026-01-03 17:15:01.815 | DEBUG    | androguard.core.axml:__init__:3581 - Parsed <ARSCResTableEntry idx='0x000e7f80' mResId='0x7f0b0164' flags='0x04' holding=<ARSCResStringPoolRef idx='0x000e7f88' size='8' type='int_boolean' data='0x00000000'>>
2026-01-03 17:15:01.815 | DEBUG    | androguard.core.axml:__init__:3581 - Parsed <ARSCResTableEntry idx='0x000e7f90' mResId='0x7f0b0165' flags='0x04' holding=<ARSCResStringPoolRef idx='0x000e7f98' size='8' type='int_boolean' data='0x00000000'>>
2026-01-03 17:15:01.815 | DEBUG    | androguard.core.axml:__init__:3581 - Parsed <ARSCResTableEntry idx='0x000e7fa0' mResId='0x7f0b0166' flags='0x04' holding=<ARSCResStringPoolRef idx='0x000e7fa8' size='8' type='int_boolean' data='0x00000000'>>
2026-01-03 17:15:01.815 | DEBUG    | androguard.core.axml:__init__:3581 - Parsed <ARSCResTableEntry idx='0x000e7fb0' mResId='0x7f0b0167' flags='0x04' holding=<ARSCResStringPoolRef idx='0x000e7fb8' size='8' type='int_boolean' data='0x00000000'>>
2026-01-03 17:15:01.815 | DEBUG    | androguard.core.axml:__init__:3581 - Parsed <ARSCResTableEntry idx='0x000e7fc0' mResId='0x7f0b0168' flags='0x04' holding=<ARSCResStringPoolRef idx='0x000e7fc8' size='8' type='int_boolean' data='0x00000000'>>
2026-01-03 17:15:01.815 | DEBUG    | androguard.core.axml:__init__:3581 - Parsed <ARSCResTableEntry idx='0x000e7fd0' mResId='0x7f0b0169' flags='0x04' holding=<ARSCResStringPoolRef idx='0x000e7fd8' size='8' type='int_boolean' data='0x00000000'>>
2026-01-03 17:15:01.815 | DEBUG    | androguard.core.axml:__init__:3581 - Parsed <ARSCResTableEntry idx='0x000e7fe0' mResId='0x7f0b016a' flags='0x04' holding=<ARSCResStringPoolRef idx='0x000e7fe8' size='8' type='int_boolean' data='0x00000000'>>
2026-01-03 17:15:01.815 | DEBUG    | androguard.core.axml:__init__:3581 - Parsed <ARSCResTableEntry idx='0x000e7ff0' mResId='0x7f0b016b' flags='0x04' holding=<ARSCResStringPoolRef idx='0x000e7ff8' size='8' type='int_boolean' data='0x00000000'>>
2026-01-03 17:15:01.815 | DEBUG    | androguard.core.axml:__init__:3581 - Parsed <ARSCResTableEntry idx='0x000e8000' mResId='0x7f0b016c' flags='0x04' holding=<ARSCResStringPoolRef idx='0x000e8008' size='8' type='int_boolean' data='0x00000000'>>
2026-01-03 17:15:01.815 | DEBUG    | androguard.core.axml:__init__:3581 - Parsed <ARSCResTableEntry idx='0x000e8010' mResId='0x7f0b016d' flags='0x04' holding=<ARSCResStringPoolRef idx='0x000e8018' size='8' type='int_boolean' data='0x00000000'>>
2026-01-03 17:15:01.815 | DEBUG    | androguard.core.axml:__init__:3581 - Parsed <ARSCResTableEntry idx='0x000e8020' mResId='0x7f0b016f' flags='0x04' holding=<ARSCResStringPoolRef idx='0x000e8028' size='8' type='int_boolean' data='0x00000000'>>
2026-01-03 17:15:01.815 | DEBUG    | androguard.core.axml:__init__:3581 - Parsed <ARSCResTableEntry idx='0x000e8030' mResId='0x7f0b0170' flags='0x04' holding=<ARSCResStringPoolRef idx='0x000e8038' size='8' type='int_boolean' data='0x00000000'>>
2026-01-03 17:15:01.815 | DEBUG    | androguard.core.axml:__init__:3581 - Parsed <ARSCResTableEntry idx='0x000e8040' mResId='0x7f0b0171' flags='0x04' holding=<ARSCResStringPoolRef idx='0x000e8048' size='8' type='int_boolean' data='0x00000000'>>
2026-01-03 17:15:01.815 | DEBUG    | androguard.core.axml:__init__:3581 - Parsed <ARSCResTableEntry idx='0x000e8050' mResId='0x7f0b0172' flags='0x04' holding=<ARSCResStringPoolRef idx='0x000e8058' size='8' type='int_boolean' data='0x00000000'>>
2026-01-03 17:15:01.815 | DEBUG    | androguard.core.axml:__init__:3581 - Parsed <ARSCResTableEntry idx='0x000e8060' mResId='0x7f0b0173' flags='0x04' holding=<ARSCResStringPoolRef idx='0x000e8068' size='8' type='int_boolean' data='0x00000000'>>
2026-01-03 17:15:01.815 | DEBUG    | androguard.core.axml:__init__:3581 - Parsed <ARSCResTableEntry idx='0x000e8070' mResId='0x7f0b0174' flags='0x04' holding=<ARSCResStringPoolRef idx='0x000e8078' size='8' type='int_boolean' data='0x00000000'>>
2026-01-03 17:15:01.815 | DEBUG    | androguard.core.axml:__init__:3581 - Parsed <ARSCResTableEntry idx='0x000e8080' mResId='0x7f0b0175' flags='0x04' holding=<ARSCResStringPoolRef idx='0x000e8088' size='8' type='int_boolean' data='0x00000000'>>
2026-01-03 17:15:01.815 | DEBUG    | androguard.core.axml:__init__:3581 - Parsed <ARSCResTableEntry idx='0x000e8090' mResId='0x7f0b0176' flags='0x04' holding=<ARSCResStringPoolRef idx='0x000e8098' size='8' type='int_boolean' data='0x00000000'>>
2026-01-03 17:15:01.815 | DEBUG    | androguard.core.axml:__init__:3581 - Parsed <ARSCResTableEntry idx='0x000e80a0' mResId='0x7f0b0177' flags='0x04' holding=<ARSCResStringPoolRef idx='0x000e80a8' size='8' type='int_boolean' data='0x00000000'>>
2026-01-03 17:15:01.815 | DEBUG    | androguard.core.axml:__init__:3581 - Parsed <ARSCResTableEntry idx='0x000e80b0' mResId='0x7f0b017a' flags='0x04' holding=<ARSCResStringPoolRef idx='0x000e80b8' size='8' type='int_boolean' data='0x00000000'>>
2026-01-03 17:15:01.815 | DEBUG    | androguard.core.axml:__init__:3581 - Parsed <ARSCResTableEntry idx='0x000e80c0' mResId='0x7f0b017c' flags='0x04' holding=<ARSCResStringPoolRef idx='0x000e80c8' size='8' type='int_boolean' data='0x00000000'>>
2026-01-03 17:15:01.815 | DEBUG    | androguard.core.axml:__init__:3581 - Parsed <ARSCResTableEntry idx='0x000e80d0' mResId='0x7f0b017f' flags='0x04' holding=<ARSCResStringPoolRef idx='0x000e80d8' size='8' type='int_boolean' data='0x00000000'>>
2026-01-03 17:15:01.815 | DEBUG    | androguard.core.axml:__init__:3581 - Parsed <ARSCResTableEntry idx='0x000e80e0' mResId='0x7f0b0181' flags='0x04' holding=<ARSCResStringPoolRef idx='0x000e80e8' size='8' type='int_boolean' data='0x00000000'>>
2026-01-03 17:15:01.815 | DEBUG    | androguard.core.axml:__init__:3581 - Parsed <ARSCResTableEntry idx='0x000e80f0' mResId='0x7f0b0182' flags='0x04' holding=<ARSCResStringPoolRef idx='0x000e80f8' size='8' type='int_boolean' data='0x00000000'>>
2026-01-03 17:15:01.815 | DEBUG    | androguard.core.axml:__init__:3581 - Parsed <ARSCResTableEntry idx='0x000e8100' mResId='0x7f0b0183' flags='0x04' holding=<ARSCResStringPoolRef idx='0x000e8108' size='8' type='int_boolean' data='0x00000000'>>
2026-01-03 17:15:01.815 | DEBUG    | androguard.core.axml:__init__:3581 - Parsed <ARSCResTableEntry idx='0x000e8110' mResId='0x7f0b0185' flags='0x04' holding=<ARSCResStringPoolRef idx='0x000e8118' size='8' type='int_boolean' data='0x00000000'>>
2026-01-03 17:15:01.816 | DEBUG    | androguard.core.axml:__init__:3581 - Parsed <ARSCResTableEntry idx='0x000e8120' mResId='0x7f0b0186' flags='0x04' holding=<ARSCResStringPoolRef idx='0x000e8128' size='8' type='int_boolean' data='0x00000000'>>
2026-01-03 17:15:01.816 | DEBUG    | androguard.core.axml:__init__:3581 - Parsed <ARSCResTableEntry idx='0x000e8130' mResId='0x7f0b0187' flags='0x04' holding=<ARSCResStringPoolRef idx='0x000e8138' size='8' type='int_boolean' data='0x00000000'>>
2026-01-03 17:15:01.816 | DEBUG    | androguard.core.axml:__init__:3581 - Parsed <ARSCResTableEntry idx='0x000e8140' mResId='0x7f0b018b' flags='0x04' holding=<ARSCResStringPoolRef idx='0x000e8148' size='8' type='int_boolean' data='0x00000000'>>
2026-01-03 17:15:01.816 | DEBUG    | androguard.core.axml:__init__:3581 - Parsed <ARSCResTableEntry idx='0x000e8150' mResId='0x7f0b018e' flags='0x04' holding=<ARSCResStringPoolRef idx='0x000e8158' size='8' type='int_boolean' data='0x00000000'>>
2026-01-03 17:15:01.816 | DEBUG    | androguard.core.axml:__init__:3581 - Parsed <ARSCResTableEntry idx='0x000e8160' mResId='0x7f0b018f' flags='0x04' holding=<ARSCResStringPoolRef idx='0x000e8168' size='8' type='int_boolean' data='0x00000000'>>
2026-01-03 17:15:01.816 | DEBUG    | androguard.core.axml:__init__:3581 - Parsed <ARSCResTableEntry idx='0x000e8170' mResId='0x7f0b0190' flags='0x04' holding=<ARSCResStringPoolRef idx='0x000e8178' size='8' type='int_boolean' data='0x00000000'>>
2026-01-03 17:15:01.816 | DEBUG    | androguard.core.axml:__init__:3581 - Parsed <ARSCResTableEntry idx='0x000e8180' mResId='0x7f0b0191' flags='0x04' holding=<ARSCResStringPoolRef idx='0x000e8188' size='8' type='int_boolean' data='0x00000000'>>
2026-01-03 17:15:01.816 | DEBUG    | androguard.core.axml:__init__:3581 - Parsed <ARSCResTableEntry idx='0x000e8190' mResId='0x7f0b0193' flags='0x04' holding=<ARSCResStringPoolRef idx='0x000e8198' size='8' type='int_boolean' data='0x00000000'>>
2026-01-03 17:15:01.816 | DEBUG    | androguard.core.axml:__init__:3581 - Parsed <ARSCResTableEntry idx='0x000e81a0' mResId='0x7f0b0194' flags='0x04' holding=<ARSCResStringPoolRef idx='0x000e81a8' size='8' type='int_boolean' data='0x00000000'>>
2026-01-03 17:15:01.816 | DEBUG    | androguard.core.axml:__init__:3581 - Parsed <ARSCResTableEntry idx='0x000e81b0' mResId='0x7f0b0195' flags='0x04' holding=<ARSCResStringPoolRef idx='0x000e81b8' size='8' type='int_boolean' data='0x00000000'>>
2026-01-03 17:15:01.816 | DEBUG    | androguard.core.axml:__init__:3581 - Parsed <ARSCResTableEntry idx='0x000e81c0' mResId='0x7f0b0196' flags='0x04' holding=<ARSCResStringPoolRef idx='0x000e81c8' size='8' type='int_boolean' data='0x00000000'>>
2026-01-03 17:15:01.816 | DEBUG    | androguard.core.axml:__init__:3581 - Parsed <ARSCResTableEntry idx='0x000e81d0' mResId='0x7f0b0197' flags='0x04' holding=<ARSCResStringPoolRef idx='0x000e81d8' size='8' type='int_boolean' data='0x00000000'>>
2026-01-03 17:15:01.816 | DEBUG    | androguard.core.axml:__init__:3581 - Parsed <ARSCResTableEntry idx='0x000e81e0' mResId='0x7f0b0198' flags='0x04' holding=<ARSCResStringPoolRef idx='0x000e81e8' size='8' type='int_boolean' data='0x00000000'>>
2026-01-03 17:15:01.816 | DEBUG    | androguard.core.axml:__init__:3581 - Parsed <ARSCResTableEntry idx='0x000e81f0' mResId='0x7f0b0199' flags='0x04' holding=<ARSCResStringPoolRef idx='0x000e81f8' size='8' type='int_boolean' data='0x00000000'>>
2026-01-03 17:15:01.816 | DEBUG    | androguard.core.axml:__init__:3581 - Parsed <ARSCResTableEntry idx='0x000e8200' mResId='0x7f0b019a' flags='0x04' holding=<ARSCResStringPoolRef idx='0x000e8208' size='8' type='int_boolean' data='0x00000000'>>
2026-01-03 17:15:01.816 | DEBUG    | androguard.core.axml:__init__:3581 - Parsed <ARSCResTableEntry idx='0x000e8210' mResId='0x7f0b019b' flags='0x04' holding=<ARSCResStringPoolRef idx='0x000e8218' size='8' type='int_boolean' data='0x00000000'>>
2026-01-03 17:15:01.816 | DEBUG    | androguard.core.axml:__init__:3581 - Parsed <ARSCResTableEntry idx='0x000e8220' mResId='0x7f0b019c' flags='0x04' holding=<ARSCResStringPoolRef idx='0x000e8228' size='8' type='int_boolean' data='0x00000000'>>
2026-01-03 17:15:01.816 | DEBUG    | androguard.core.axml:__init__:3581 - Parsed <ARSCResTableEntry idx='0x000e8230' mResId='0x7f0b019d' flags='0x04' holding=<ARSCResStringPoolRef idx='0x000e8238' size='8' type='int_boolean' data='0x00000000'>>
2026-01-03 17:15:01.816 | DEBUG    | androguard.core.axml:__init__:3581 - Parsed <ARSCResTableEntry idx='0x000e8240' mResId='0x7f0b019e' flags='0x04' holding=<ARSCResStringPoolRef idx='0x000e8248' size='8' type='int_boolean' data='0x00000000'>>
2026-01-03 17:15:01.816 | DEBUG    | androguard.core.axml:__init__:3581 - Parsed <ARSCResTableEntry idx='0x000e8250' mResId='0x7f0b019f' flags='0x04' holding=<ARSCResStringPoolRef idx='0x000e8258' size='8' type='int_boolean' data='0x00000000'>>
2026-01-03 17:15:01.816 | DEBUG    | androguard.core.axml:__init__:3581 - Parsed <ARSCResTableEntry idx='0x000e8260' mResId='0x7f0b01a0' flags='0x04' holding=<ARSCResStringPoolRef idx='0x000e8268' size='8' type='int_boolean' data='0x00000000'>>
2026-01-03 17:15:01.816 | DEBUG    | androguard.core.axml:__init__:3581 - Parsed <ARSCResTableEntry idx='0x000e8270' mResId='0x7f0b01a1' flags='0x04' holding=<ARSCResStringPoolRef idx='0x000e8278' size='8' type='int_boolean' data='0x00000000'>>
2026-01-03 17:15:01.816 | DEBUG    | androguard.core.axml:__init__:3581 - Parsed <ARSCResTableEntry idx='0x000e8280' mResId='0x7f0b01a5' flags='0x04' holding=<ARSCResStringPoolRef idx='0x000e8288' size='8' type='int_boolean' data='0x00000000'>>
2026-01-03 17:15:01.816 | DEBUG    | androguard.core.axml:__init__:3581 - Parsed <ARSCResTableEntry idx='0x000e8290' mResId='0x7f0b01a6' flags='0x04' holding=<ARSCResStringPoolRef idx='0x000e8298' size='8' type='int_boolean' data='0x00000000'>>
2026-01-03 17:15:01.816 | DEBUG    | androguard.core.axml:__init__:3581 - Parsed <ARSCResTableEntry idx='0x000e82a0' mResId='0x7f0b01a7' flags='0x04' holding=<ARSCResStringPoolRef idx='0x000e82a8' size='8' type='int_boolean' data='0x00000000'>>
2026-01-03 17:15:01.816 | DEBUG    | androguard.core.axml:__init__:3581 - Parsed <ARSCResTableEntry idx='0x000e82b0' mResId='0x7f0b01aa' flags='0x04' holding=<ARSCResStringPoolRef idx='0x000e82b8' size='8' type='int_boolean' data='0x00000000'>>
2026-01-03 17:15:01.816 | DEBUG    | androguard.core.axml:__init__:3581 - Parsed <ARSCResTableEntry idx='0x000e82c0' mResId='0x7f0b01b5' flags='0x04' holding=<ARSCResStringPoolRef idx='0x000e82c8' size='8' type='int_boolean' data='0x00000000'>>
2026-01-03 17:15:01.816 | DEBUG    | androguard.core.axml:__init__:3581 - Parsed <ARSCResTableEntry idx='0x000e82d0' mResId='0x7f0b01b6' flags='0x04' holding=<ARSCResStringPoolRef idx='0x000e82d8' size='8' type='int_boolean' data='0x00000000'>>
2026-01-03 17:15:01.816 | DEBUG    | androguard.core.axml:__init__:3581 - Parsed <ARSCResTableEntry idx='0x000e82e0' mResId='0x7f0b01b7' flags='0x04' holding=<ARSCResStringPoolRef idx='0x000e82e8' size='8' type='int_boolean' data='0x00000000'>>
2026-01-03 17:15:01.816 | DEBUG    | androguard.core.axml:__init__:3581 - Parsed <ARSCResTableEntry idx='0x000e82f0' mResId='0x7f0b01b9' flags='0x04' holding=<ARSCResStringPoolRef idx='0x000e82f8' size='8' type='int_boolean' data='0x00000000'>>
2026-01-03 17:15:01.816 | DEBUG    | androguard.core.axml:__init__:3581 - Parsed <ARSCResTableEntry idx='0x000e8300' mResId='0x7f0b01ba' flags='0x04' holding=<ARSCResStringPoolRef idx='0x000e8308' size='8' type='int_boolean' data='0x00000000'>>
2026-01-03 17:15:01.816 | DEBUG    | androguard.core.axml:__init__:3581 - Parsed <ARSCResTableEntry idx='0x000e8310' mResId='0x7f0b01bb' flags='0x04' holding=<ARSCResStringPoolRef idx='0x000e8318' size='8' type='int_boolean' data='0x00000000'>>
2026-01-03 17:15:01.816 | DEBUG    | androguard.core.axml:__init__:3581 - Parsed <ARSCResTableEntry idx='0x000e8320' mResId='0x7f0b01c0' flags='0x04' holding=<ARSCResStringPoolRef idx='0x000e8328' size='8' type='int_boolean' data='0x00000000'>>
2026-01-03 17:15:01.816 | DEBUG    | androguard.core.axml:__init__:3581 - Parsed <ARSCResTableEntry idx='0x000e8330' mResId='0x7f0b01c1' flags='0x04' holding=<ARSCResStringPoolRef idx='0x000e8338' size='8' type='int_boolean' data='0x00000000'>>
2026-01-03 17:15:01.816 | DEBUG    | androguard.core.axml:__init__:3581 - Parsed <ARSCResTableEntry idx='0x000e8340' mResId='0x7f0b01c2' flags='0x04' holding=<ARSCResStringPoolRef idx='0x000e8348' size='8' type='int_boolean' data='0x00000000'>>
2026-01-03 17:15:01.816 | DEBUG    | androguard.core.axml:__init__:3581 - Parsed <ARSCResTableEntry idx='0x000e8350' mResId='0x7f0b01c3' flags='0x04' holding=<ARSCResStringPoolRef idx='0x000e8358' size='8' type='int_boolean' data='0x00000000'>>
2026-01-03 17:15:01.816 | DEBUG    | androguard.core.axml:__init__:3581 - Parsed <ARSCResTableEntry idx='0x000e8360' mResId='0x7f0b01c4' flags='0x04' holding=<ARSCResStringPoolRef idx='0x000e8368' size='8' type='int_boolean' data='0x00000000'>>
2026-01-03 17:15:01.816 | DEBUG    | androguard.core.axml:__init__:3581 - Parsed <ARSCResTableEntry idx='0x000e8370' mResId='0x7f0b01c5' flags='0x04' holding=<ARSCResStringPoolRef idx='0x000e8378' size='8' type='int_boolean' data='0x00000000'>>
2026-01-03 17:15:01.816 | DEBUG    | androguard.core.axml:__init__:3581 - Parsed <ARSCResTableEntry idx='0x000e8380' mResId='0x7f0b01c6' flags='0x04' holding=<ARSCResStringPoolRef idx='0x000e8388' size='8' type='int_boolean' data='0x00000000'>>
2026-01-03 17:15:01.816 | DEBUG    | androguard.core.axml:__init__:3581 - Parsed <ARSCResTableEntry idx='0x000e8390' mResId='0x7f0b01c7' flags='0x04' holding=<ARSCResStringPoolRef idx='0x000e8398' size='8' type='int_boolean' data='0x00000000'>>
2026-01-03 17:15:01.816 | DEBUG    | androguard.core.axml:__init__:3581 - Parsed <ARSCResTableEntry idx='0x000e83a0' mResId='0x7f0b01c8' flags='0x04' holding=<ARSCResStringPoolRef idx='0x000e83a8' size='8' type='int_boolean' data='0x00000000'>>
2026-01-03 17:15:01.816 | DEBUG    | androguard.core.axml:__init__:3581 - Parsed <ARSCResTableEntry idx='0x000e83b0' mResId='0x7f0b01c9' flags='0x04' holding=<ARSCResStringPoolRef idx='0x000e83b8' size='8' type='int_boolean' data='0x00000000'>>
2026-01-03 17:15:01.816 | DEBUG    | androguard.core.axml:__init__:3581 - Parsed <ARSCResTableEntry idx='0x000e83c0' mResId='0x7f0b01ca' flags='0x04' holding=<ARSCResStringPoolRef idx='0x000e83c8' size='8' type='int_boolean' data='0x00000000'>>
2026-01-03 17:15:01.816 | DEBUG    | androguard.core.axml:__init__:3581 - Parsed <ARSCResTableEntry idx='0x000e83d0' mResId='0x7f0b01cb' flags='0x04' holding=<ARSCResStringPoolRef idx='0x000e83d8' size='8' type='int_boolean' data='0x00000000'>>
2026-01-03 17:15:01.816 | DEBUG    | androguard.core.axml:__init__:3581 - Parsed <ARSCResTableEntry idx='0x000e83e0' mResId='0x7f0b01dd' flags='0x04' holding=<ARSCResStringPoolRef idx='0x000e83e8' size='8' type='int_boolean' data='0x00000000'>>
2026-01-03 17:15:01.816 | DEBUG    | androguard.core.axml:__init__:3581 - Parsed <ARSCResTableEntry idx='0x000e83f0' mResId='0x7f0b01e0' flags='0x04' holding=<ARSCResStringPoolRef idx='0x000e83f8' size='8' type='int_boolean' data='0x00000000'>>
2026-01-03 17:15:01.816 | DEBUG    | androguard.core.axml:__init__:3581 - Parsed <ARSCResTableEntry idx='0x000e8400' mResId='0x7f0b01e1' flags='0x04' holding=<ARSCResStringPoolRef idx='0x000e8408' size='8' type='int_boolean' data='0x00000000'>>
2026-01-03 17:15:01.816 | DEBUG    | androguard.core.axml:__init__:3581 - Parsed <ARSCResTableEntry idx='0x000e8410' mResId='0x7f0b01e3' flags='0x04' holding=<ARSCResStringPoolRef idx='0x000e8418' size='8' type='int_boolean' data='0x00000000'>>
2026-01-03 17:15:01.816 | DEBUG    | androguard.core.axml:__init__:3581 - Parsed <ARSCResTableEntry idx='0x000e8420' mResId='0x7f0b01e4' flags='0x04' holding=<ARSCResStringPoolRef idx='0x000e8428' size='8' type='int_boolean' data='0x00000000'>>
2026-01-03 17:15:01.816 | DEBUG    | androguard.core.axml:__init__:3581 - Parsed <ARSCResTableEntry idx='0x000e8430' mResId='0x7f0b01e5' flags='0x04' holding=<ARSCResStringPoolRef idx='0x000e8438' size='8' type='int_boolean' data='0x00000000'>>
2026-01-03 17:15:01.816 | DEBUG    | androguard.core.axml:__init__:3581 - Parsed <ARSCResTableEntry idx='0x000e8440' mResId='0x7f0b01e6' flags='0x04' holding=<ARSCResStringPoolRef idx='0x000e8448' size='8' type='int_boolean' data='0x00000000'>>
2026-01-03 17:15:01.816 | DEBUG    | androguard.core.axml:__init__:3581 - Parsed <ARSCResTableEntry idx='0x000e8450' mResId='0x7f0b01e8' flags='0x04' holding=<ARSCResStringPoolRef idx='0x000e8458' size='8' type='int_boolean' data='0x00000000'>>
2026-01-03 17:15:01.816 | DEBUG    | androguard.core.axml:__init__:3581 - Parsed <ARSCResTableEntry idx='0x000e8460' mResId='0x7f0b01e9' flags='0x04' holding=<ARSCResStringPoolRef idx='0x000e8468' size='8' type='int_boolean' data='0x00000000'>>
2026-01-03 17:15:01.816 | DEBUG    | androguard.core.axml:__init__:3581 - Parsed <ARSCResTableEntry idx='0x000e8470' mResId='0x7f0b01ea' flags='0x04' holding=<ARSCResStringPoolRef idx='0x000e8478' size='8' type='int_boolean' data='0x00000000'>>
2026-01-03 17:15:01.816 | DEBUG    | androguard.core.axml:__init__:3581 - Parsed <ARSCResTableEntry idx='0x000e8480' mResId='0x7f0b01eb' flags='0x04' holding=<ARSCResStringPoolRef idx='0x000e8488' size='8' type='int_boolean' data='0x00000000'>>
2026-01-03 17:15:01.816 | DEBUG    | androguard.core.axml:__init__:3581 - Parsed <ARSCResTableEntry idx='0x000e8490' mResId='0x7f0b01ec' flags='0x04' holding=<ARSCResStringPoolRef idx='0x000e8498' size='8' type='int_boolean' data='0x00000000'>>
2026-01-03 17:15:01.816 | DEBUG    | androguard.core.axml:__init__:3581 - Parsed <ARSCResTableEntry idx='0x000e84a0' mResId='0x7f0b01ee' flags='0x04' holding=<ARSCResStringPoolRef idx='0x000e84a8' size='8' type='int_boolean' data='0x00000000'>>
2026-01-03 17:15:01.816 | DEBUG    | androguard.core.axml:__init__:3581 - Parsed <ARSCResTableEntry idx='0x000e84b0' mResId='0x7f0b01ef' flags='0x04' holding=<ARSCResStringPoolRef idx='0x000e84b8' size='8' type='int_boolean' data='0x00000000'>>
2026-01-03 17:15:01.817 | DEBUG    | androguard.core.axml:__init__:3581 - Parsed <ARSCResTableEntry idx='0x000e84c0' mResId='0x7f0b01f4' flags='0x04' holding=<ARSCResStringPoolRef idx='0x000e84c8' size='8' type='int_boolean' data='0x00000000'>>
2026-01-03 17:15:01.817 | DEBUG    | androguard.core.axml:__init__:3581 - Parsed <ARSCResTableEntry idx='0x000e84d0' mResId='0x7f0b01f8' flags='0x04' holding=<ARSCResStringPoolRef idx='0x000e84d8' size='8' type='int_boolean' data='0x00000000'>>
2026-01-03 17:15:01.817 | DEBUG    | androguard.core.axml:__init__:3581 - Parsed <ARSCResTableEntry idx='0x000e84e0' mResId='0x7f0b01f9' flags='0x04' holding=<ARSCResStringPoolRef idx='0x000e84e8' size='8' type='int_boolean' data='0x00000000'>>
2026-01-03 17:15:01.817 | DEBUG    | androguard.core.axml:__init__:3581 - Parsed <ARSCResTableEntry idx='0x000e84f0' mResId='0x7f0b01fa' flags='0x04' holding=<ARSCResStringPoolRef idx='0x000e84f8' size='8' type='int_boolean' data='0x00000000'>>
2026-01-03 17:15:01.817 | DEBUG    | androguard.core.axml:__init__:3581 - Parsed <ARSCResTableEntry idx='0x000e8500' mResId='0x7f0b01fe' flags='0x04' holding=<ARSCResStringPoolRef idx='0x000e8508' size='8' type='int_boolean' data='0x00000000'>>
2026-01-03 17:15:01.817 | DEBUG    | androguard.core.axml:__init__:3581 - Parsed <ARSCResTableEntry idx='0x000e8510' mResId='0x7f0b01ff' flags='0x04' holding=<ARSCResStringPoolRef idx='0x000e8518' size='8' type='int_boolean' data='0x00000000'>>
2026-01-03 17:15:01.817 | DEBUG    | androguard.core.axml:__init__:3581 - Parsed <ARSCResTableEntry idx='0x000e8520' mResId='0x7f0b0200' flags='0x04' holding=<ARSCResStringPoolRef idx='0x000e8528' size='8' type='int_boolean' data='0x00000000'>>
2026-01-03 17:15:01.817 | DEBUG    | androguard.core.axml:__init__:3581 - Parsed <ARSCResTableEntry idx='0x000e8530' mResId='0x7f0b0201' flags='0x04' holding=<ARSCResStringPoolRef idx='0x000e8538' size='8' type='int_boolean' data='0x00000000'>>
2026-01-03 17:15:01.817 | DEBUG    | androguard.core.axml:__init__:3581 - Parsed <ARSCResTableEntry idx='0x000e8540' mResId='0x7f0b0202' flags='0x04' holding=<ARSCResStringPoolRef idx='0x000e8548' size='8' type='int_boolean' data='0x00000000'>>
2026-01-03 17:15:01.817 | DEBUG    | androguard.core.axml:__init__:3581 - Parsed <ARSCResTableEntry idx='0x000e8550' mResId='0x7f0b0203' flags='0x04' holding=<ARSCResStringPoolRef idx='0x000e8558' size='8' type='int_boolean' data='0x00000000'>>
2026-01-03 17:15:01.817 | DEBUG    | androguard.core.axml:__init__:3581 - Parsed <ARSCResTableEntry idx='0x000e8560' mResId='0x7f0b0204' flags='0x04' holding=<ARSCResStringPoolRef idx='0x000e8568' size='8' type='int_boolean' data='0x00000000'>>
2026-01-03 17:15:01.817 | DEBUG    | androguard.core.axml:__init__:3581 - Parsed <ARSCResTableEntry idx='0x000e8570' mResId='0x7f0b0205' flags='0x04' holding=<ARSCResStringPoolRef idx='0x000e8578' size='8' type='int_boolean' data='0x00000000'>>
2026-01-03 17:15:01.817 | DEBUG    | androguard.core.axml:__init__:3581 - Parsed <ARSCResTableEntry idx='0x000e8580' mResId='0x7f0b0208' flags='0x04' holding=<ARSCResStringPoolRef idx='0x000e8588' size='8' type='int_boolean' data='0x00000000'>>
2026-01-03 17:15:01.817 | DEBUG    | androguard.core.axml:__init__:3581 - Parsed <ARSCResTableEntry idx='0x000e8590' mResId='0x7f0b020a' flags='0x04' holding=<ARSCResStringPoolRef idx='0x000e8598' size='8' type='int_boolean' data='0x00000000'>>
2026-01-03 17:15:01.817 | DEBUG    | androguard.core.axml:__init__:3581 - Parsed <ARSCResTableEntry idx='0x000e85a0' mResId='0x7f0b020e' flags='0x04' holding=<ARSCResStringPoolRef idx='0x000e85a8' size='8' type='int_boolean' data='0x00000000'>>
2026-01-03 17:15:01.817 | DEBUG    | androguard.core.axml:__init__:3581 - Parsed <ARSCResTableEntry idx='0x000e85b0' mResId='0x7f0b020f' flags='0x04' holding=<ARSCResStringPoolRef idx='0x000e85b8' size='8' type='int_boolean' data='0x00000000'>>
2026-01-03 17:15:01.817 | DEBUG    | androguard.core.axml:__init__:3581 - Parsed <ARSCResTableEntry idx='0x000e85c0' mResId='0x7f0b0210' flags='0x04' holding=<ARSCResStringPoolRef idx='0x000e85c8' size='8' type='int_boolean' data='0x00000000'>>
2026-01-03 17:15:01.817 | DEBUG    | androguard.core.axml:__init__:3581 - Parsed <ARSCResTableEntry idx='0x000e85d0' mResId='0x7f0b0211' flags='0x04' holding=<ARSCResStringPoolRef idx='0x000e85d8' size='8' type='int_boolean' data='0x00000000'>>
2026-01-03 17:15:01.817 | DEBUG    | androguard.core.axml:__init__:3581 - Parsed <ARSCResTableEntry idx='0x000e85e0' mResId='0x7f0b0212' flags='0x04' holding=<ARSCResStringPoolRef idx='0x000e85e8' size='8' type='int_boolean' data='0x00000000'>>
2026-01-03 17:15:01.817 | DEBUG    | androguard.core.axml:__init__:3581 - Parsed <ARSCResTableEntry idx='0x000e85f0' mResId='0x7f0b0213' flags='0x04' holding=<ARSCResStringPoolRef idx='0x000e85f8' size='8' type='int_boolean' data='0x00000000'>>
2026-01-03 17:15:01.817 | DEBUG    | androguard.core.axml:__init__:3581 - Parsed <ARSCResTableEntry idx='0x000e8600' mResId='0x7f0b0214' flags='0x04' holding=<ARSCResStringPoolRef idx='0x000e8608' size='8' type='int_boolean' data='0x00000000'>>
2026-01-03 17:15:01.817 | DEBUG    | androguard.core.axml:__init__:3581 - Parsed <ARSCResTableEntry idx='0x000e8610' mResId='0x7f0b0215' flags='0x04' holding=<ARSCResStringPoolRef idx='0x000e8618' size='8' type='int_boolean' data='0x00000000'>>
2026-01-03 17:15:01.817 | DEBUG    | androguard.core.axml:__init__:3581 - Parsed <ARSCResTableEntry idx='0x000e8620' mResId='0x7f0b0216' flags='0x04' holding=<ARSCResStringPoolRef idx='0x000e8628' size='8' type='int_boolean' data='0x00000000'>>
2026-01-03 17:15:01.817 | DEBUG    | androguard.core.axml:__init__:3581 - Parsed <ARSCResTableEntry idx='0x000e8630' mResId='0x7f0b0217' flags='0x04' holding=<ARSCResStringPoolRef idx='0x000e8638' size='8' type='int_boolean' data='0x00000000'>>
2026-01-03 17:15:01.817 | DEBUG    | androguard.core.axml:__init__:3581 - Parsed <ARSCResTableEntry idx='0x000e8640' mResId='0x7f0b0218' flags='0x04' holding=<ARSCResStringPoolRef idx='0x000e8648' size='8' type='int_boolean' data='0x00000000'>>
2026-01-03 17:15:01.817 | DEBUG    | androguard.core.axml:__init__:3581 - Parsed <ARSCResTableEntry idx='0x000e8650' mResId='0x7f0b0219' flags='0x04' holding=<ARSCResStringPoolRef idx='0x000e8658' size='8' type='int_boolean' data='0x00000000'>>
2026-01-03 17:15:01.817 | DEBUG    | androguard.core.axml:__init__:3581 - Parsed <ARSCResTableEntry idx='0x000e8660' mResId='0x7f0b021a' flags='0x04' holding=<ARSCResStringPoolRef idx='0x000e8668' size='8' type='int_boolean' data='0x00000000'>>
2026-01-03 17:15:01.817 | DEBUG    | androguard.core.axml:__init__:3581 - Parsed <ARSCResTableEntry idx='0x000e8670' mResId='0x7f0b021b' flags='0x04' holding=<ARSCResStringPoolRef idx='0x000e8678' size='8' type='int_boolean' data='0x00000000'>>
2026-01-03 17:15:01.817 | DEBUG    | androguard.core.axml:__init__:3581 - Parsed <ARSCResTableEntry idx='0x000e8680' mResId='0x7f0b021c' flags='0x04' holding=<ARSCResStringPoolRef idx='0x000e8688' size='8' type='int_boolean' data='0x00000000'>>
2026-01-03 17:15:01.817 | DEBUG    | androguard.core.axml:__init__:3581 - Parsed <ARSCResTableEntry idx='0x000e8690' mResId='0x7f0b021d' flags='0x04' holding=<ARSCResStringPoolRef idx='0x000e8698' size='8' type='int_boolean' data='0x00000000'>>
2026-01-03 17:15:01.817 | DEBUG    | androguard.core.axml:__init__:3581 - Parsed <ARSCResTableEntry idx='0x000e86a0' mResId='0x7f0b021e' flags='0x04' holding=<ARSCResStringPoolRef idx='0x000e86a8' size='8' type='int_boolean' data='0x00000000'>>
2026-01-03 17:15:01.817 | DEBUG    | androguard.core.axml:__init__:3581 - Parsed <ARSCResTableEntry idx='0x000e86b0' mResId='0x7f0b0220' flags='0x04' holding=<ARSCResStringPoolRef idx='0x000e86b8' size='8' type='int_boolean' data='0x00000000'>>
2026-01-03 17:15:01.817 | DEBUG    | androguard.core.axml:__init__:3581 - Parsed <ARSCResTableEntry idx='0x000e86c0' mResId='0x7f0b0221' flags='0x04' holding=<ARSCResStringPoolRef idx='0x000e86c8' size='8' type='int_boolean' data='0x00000000'>>
2026-01-03 17:15:01.817 | DEBUG    | androguard.core.axml:__init__:3581 - Parsed <ARSCResTableEntry idx='0x000e86d0' mResId='0x7f0b0222' flags='0x04' holding=<ARSCResStringPoolRef idx='0x000e86d8' size='8' type='int_boolean' data='0x00000000'>>
2026-01-03 17:15:01.817 | DEBUG    | androguard.core.axml:__init__:3581 - Parsed <ARSCResTableEntry idx='0x000e86e0' mResId='0x7f0b0223' flags='0x04' holding=<ARSCResStringPoolRef idx='0x000e86e8' size='8' type='int_boolean' data='0x00000000'>>
2026-01-03 17:15:01.817 | DEBUG    | androguard.core.axml:__init__:3581 - Parsed <ARSCResTableEntry idx='0x000e86f0' mResId='0x7f0b0224' flags='0x04' holding=<ARSCResStringPoolRef idx='0x000e86f8' size='8' type='int_boolean' data='0x00000000'>>
2026-01-03 17:15:01.817 | DEBUG    | androguard.core.axml:__init__:3581 - Parsed <ARSCResTableEntry idx='0x000e8700' mResId='0x7f0b0225' flags='0x04' holding=<ARSCResStringPoolRef idx='0x000e8708' size='8' type='int_boolean' data='0x00000000'>>
2026-01-03 17:15:01.817 | DEBUG    | androguard.core.axml:__init__:3581 - Parsed <ARSCResTableEntry idx='0x000e8710' mResId='0x7f0b0226' flags='0x04' holding=<ARSCResStringPoolRef idx='0x000e8718' size='8' type='int_boolean' data='0x00000000'>>
2026-01-03 17:15:01.817 | DEBUG    | androguard.core.axml:__init__:3581 - Parsed <ARSCResTableEntry idx='0x000e8720' mResId='0x7f0b0227' flags='0x04' holding=<ARSCResStringPoolRef idx='0x000e8728' size='8' type='int_boolean' data='0x00000000'>>
2026-01-03 17:15:01.817 | DEBUG    | androguard.core.axml:__init__:3581 - Parsed <ARSCResTableEntry idx='0x000e8730' mResId='0x7f0b0228' flags='0x04' holding=<ARSCResStringPoolRef idx='0x000e8738' size='8' type='int_boolean' data='0x00000000'>>
2026-01-03 17:15:01.817 | DEBUG    | androguard.core.axml:__init__:3581 - Parsed <ARSCResTableEntry idx='0x000e8740' mResId='0x7f0b0229' flags='0x04' holding=<ARSCResStringPoolRef idx='0x000e8748' size='8' type='int_boolean' data='0x00000000'>>
2026-01-03 17:15:01.817 | DEBUG    | androguard.core.axml:__init__:3581 - Parsed <ARSCResTableEntry idx='0x000e8750' mResId='0x7f0b022a' flags='0x04' holding=<ARSCResStringPoolRef idx='0x000e8758' size='8' type='int_boolean' data='0x00000000'>>
2026-01-03 17:15:01.817 | DEBUG    | androguard.core.axml:__init__:3581 - Parsed <ARSCResTableEntry idx='0x000e8760' mResId='0x7f0b022b' flags='0x04' holding=<ARSCResStringPoolRef idx='0x000e8768' size='8' type='int_boolean' data='0x00000000'>>
2026-01-03 17:15:01.817 | DEBUG    | androguard.core.axml:__init__:3581 - Parsed <ARSCResTableEntry idx='0x000e8770' mResId='0x7f0b022c' flags='0x04' holding=<ARSCResStringPoolRef idx='0x000e8778' size='8' type='int_boolean' data='0x00000000'>>
2026-01-03 17:15:01.817 | DEBUG    | androguard.core.axml:__init__:3581 - Parsed <ARSCResTableEntry idx='0x000e8780' mResId='0x7f0b022d' flags='0x04' holding=<ARSCResStringPoolRef idx='0x000e8788' size='8' type='int_boolean' data='0x00000000'>>
2026-01-03 17:15:01.817 | DEBUG    | androguard.core.axml:__init__:3581 - Parsed <ARSCResTableEntry idx='0x000e8790' mResId='0x7f0b0230' flags='0x04' holding=<ARSCResStringPoolRef idx='0x000e8798' size='8' type='int_boolean' data='0x00000000'>>
2026-01-03 17:15:01.817 | DEBUG    | androguard.core.axml:__init__:3581 - Parsed <ARSCResTableEntry idx='0x000e87a0' mResId='0x7f0b0231' flags='0x04' holding=<ARSCResStringPoolRef idx='0x000e87a8' size='8' type='int_boolean' data='0x00000000'>>
2026-01-03 17:15:01.817 | DEBUG    | androguard.core.axml:__init__:3581 - Parsed <ARSCResTableEntry idx='0x000e87b0' mResId='0x7f0b0233' flags='0x04' holding=<ARSCResStringPoolRef idx='0x000e87b8' size='8' type='int_boolean' data='0x00000000'>>
2026-01-03 17:15:01.817 | DEBUG    | androguard.core.axml:__init__:3581 - Parsed <ARSCResTableEntry idx='0x000e87c0' mResId='0x7f0b0234' flags='0x04' holding=<ARSCResStringPoolRef idx='0x000e87c8' size='8' type='int_boolean' data='0x00000000'>>
2026-01-03 17:15:01.817 | DEBUG    | androguard.core.axml:__init__:3581 - Parsed <ARSCResTableEntry idx='0x000e87d0' mResId='0x7f0b0235' flags='0x04' holding=<ARSCResStringPoolRef idx='0x000e87d8' size='8' type='int_boolean' data='0x00000000'>>
2026-01-03 17:15:01.817 | DEBUG    | androguard.core.axml:__init__:3581 - Parsed <ARSCResTableEntry idx='0x000e87e0' mResId='0x7f0b0236' flags='0x04' holding=<ARSCResStringPoolRef idx='0x000e87e8' size='8' type='int_boolean' data='0x00000000'>>
2026-01-03 17:15:01.817 | DEBUG    | androguard.core.axml:__init__:3581 - Parsed <ARSCResTableEntry idx='0x000e87f0' mResId='0x7f0b0237' flags='0x04' holding=<ARSCResStringPoolRef idx='0x000e87f8' size='8' type='int_boolean' data='0x00000000'>>
2026-01-03 17:15:01.817 | DEBUG    | androguard.core.axml:__init__:3581 - Parsed <ARSCResTableEntry idx='0x000e8800' mResId='0x7f0b0238' flags='0x04' holding=<ARSCResStringPoolRef idx='0x000e8808' size='8' type='int_boolean' data='0x00000000'>>
2026-01-03 17:15:01.817 | DEBUG    | androguard.core.axml:__init__:3581 - Parsed <ARSCResTableEntry idx='0x000e8810' mResId='0x7f0b0239' flags='0x04' holding=<ARSCResStringPoolRef idx='0x000e8818' size='8' type='int_boolean' data='0x00000000'>>
2026-01-03 17:15:01.817 | DEBUG    | androguard.core.axml:__init__:3581 - Parsed <ARSCResTableEntry idx='0x000e8820' mResId='0x7f0b023a' flags='0x04' holding=<ARSCResStringPoolRef idx='0x000e8828' size='8' type='int_boolean' data='0x00000000'>>
2026-01-03 17:15:01.817 | DEBUG    | androguard.core.axml:__init__:3581 - Parsed <ARSCResTableEntry idx='0x000e8830' mResId='0x7f0b023b' flags='0x04' holding=<ARSCResStringPoolRef idx='0x000e8838' size='8' type='int_boolean' data='0x00000000'>>
2026-01-03 17:15:01.817 | DEBUG    | androguard.core.axml:__init__:3581 - Parsed <ARSCResTableEntry idx='0x000e8840' mResId='0x7f0b023c' flags='0x04' holding=<ARSCResStringPoolRef idx='0x000e8848' size='8' type='int_boolean' data='0x00000000'>>
2026-01-03 17:15:01.817 | DEBUG    | androguard.core.axml:__init__:3581 - Parsed <ARSCResTableEntry idx='0x000e8850' mResId='0x7f0b023d' flags='0x04' holding=<ARSCResStringPoolRef idx='0x000e8858' size='8' type='int_boolean' data='0x00000000'>>
2026-01-03 17:15:01.818 | DEBUG    | androguard.core.axml:__init__:3581 - Parsed <ARSCResTableEntry idx='0x000e8860' mResId='0x7f0b023e' flags='0x04' holding=<ARSCResStringPoolRef idx='0x000e8868' size='8' type='int_boolean' data='0x00000000'>>
2026-01-03 17:15:01.818 | DEBUG    | androguard.core.axml:__init__:3581 - Parsed <ARSCResTableEntry idx='0x000e8870' mResId='0x7f0b023f' flags='0x04' holding=<ARSCResStringPoolRef idx='0x000e8878' size='8' type='int_boolean' data='0x00000000'>>
2026-01-03 17:15:01.818 | DEBUG    | androguard.core.axml:__init__:3581 - Parsed <ARSCResTableEntry idx='0x000e8880' mResId='0x7f0b0243' flags='0x04' holding=<ARSCResStringPoolRef idx='0x000e8888' size='8' type='int_boolean' data='0x00000000'>>
2026-01-03 17:15:01.818 | DEBUG    | androguard.core.axml:__init__:3581 - Parsed <ARSCResTableEntry idx='0x000e8890' mResId='0x7f0b0244' flags='0x04' holding=<ARSCResStringPoolRef idx='0x000e8898' size='8' type='int_boolean' data='0x00000000'>>
2026-01-03 17:15:01.818 | DEBUG    | androguard.core.axml:__init__:3581 - Parsed <ARSCResTableEntry idx='0x000e88a0' mResId='0x7f0b0246' flags='0x04' holding=<ARSCResStringPoolRef idx='0x000e88a8' size='8' type='int_boolean' data='0x00000000'>>
2026-01-03 17:15:01.818 | DEBUG    | androguard.core.axml:__init__:3581 - Parsed <ARSCResTableEntry idx='0x000e88b0' mResId='0x7f0b0247' flags='0x04' holding=<ARSCResStringPoolRef idx='0x000e88b8' size='8' type='int_boolean' data='0x00000000'>>
2026-01-03 17:15:01.818 | DEBUG    | androguard.core.axml:__init__:3581 - Parsed <ARSCResTableEntry idx='0x000e88c0' mResId='0x7f0b0248' flags='0x04' holding=<ARSCResStringPoolRef idx='0x000e88c8' size='8' type='int_boolean' data='0x00000000'>>
2026-01-03 17:15:01.818 | DEBUG    | androguard.core.axml:__init__:3581 - Parsed <ARSCResTableEntry idx='0x000e88d0' mResId='0x7f0b0249' flags='0x04' holding=<ARSCResStringPoolRef idx='0x000e88d8' size='8' type='int_boolean' data='0x00000000'>>
2026-01-03 17:15:01.818 | DEBUG    | androguard.core.axml:__init__:3581 - Parsed <ARSCResTableEntry idx='0x000e88e0' mResId='0x7f0b024a' flags='0x04' holding=<ARSCResStringPoolRef idx='0x000e88e8' size='8' type='int_boolean' data='0x00000000'>>
2026-01-03 17:15:01.818 | DEBUG    | androguard.core.axml:__init__:3581 - Parsed <ARSCResTableEntry idx='0x000e88f0' mResId='0x7f0b024b' flags='0x04' holding=<ARSCResStringPoolRef idx='0x000e88f8' size='8' type='int_boolean' data='0x00000000'>>
2026-01-03 17:15:01.818 | DEBUG    | androguard.core.axml:__init__:3581 - Parsed <ARSCResTableEntry idx='0x000e8900' mResId='0x7f0b024c' flags='0x04' holding=<ARSCResStringPoolRef idx='0x000e8908' size='8' type='int_boolean' data='0x00000000'>>
2026-01-03 17:15:01.818 | DEBUG    | androguard.core.axml:__init__:3581 - Parsed <ARSCResTableEntry idx='0x000e8910' mResId='0x7f0b024d' flags='0x04' holding=<ARSCResStringPoolRef idx='0x000e8918' size='8' type='int_boolean' data='0x00000000'>>
2026-01-03 17:15:01.818 | DEBUG    | androguard.core.axml:__init__:3581 - Parsed <ARSCResTableEntry idx='0x000e8920' mResId='0x7f0b024e' flags='0x04' holding=<ARSCResStringPoolRef idx='0x000e8928' size='8' type='int_boolean' data='0x00000000'>>
2026-01-03 17:15:01.818 | DEBUG    | androguard.core.axml:__init__:3581 - Parsed <ARSCResTableEntry idx='0x000e8930' mResId='0x7f0b024f' flags='0x04' holding=<ARSCResStringPoolRef idx='0x000e8938' size='8' type='int_boolean' data='0x00000000'>>
2026-01-03 17:15:01.818 | DEBUG    | androguard.core.axml:__init__:3581 - Parsed <ARSCResTableEntry idx='0x000e8940' mResId='0x7f0b0250' flags='0x04' holding=<ARSCResStringPoolRef idx='0x000e8948' size='8' type='int_boolean' data='0x00000000'>>
2026-01-03 17:15:01.818 | DEBUG    | androguard.core.axml:__init__:3581 - Parsed <ARSCResTableEntry idx='0x000e8950' mResId='0x7f0b0251' flags='0x04' holding=<ARSCResStringPoolRef idx='0x000e8958' size='8' type='int_boolean' data='0x00000000'>>
2026-01-03 17:15:01.818 | DEBUG    | androguard.core.axml:__init__:3581 - Parsed <ARSCResTableEntry idx='0x000e8960' mResId='0x7f0b0252' flags='0x04' holding=<ARSCResStringPoolRef idx='0x000e8968' size='8' type='int_boolean' data='0x00000000'>>
2026-01-03 17:15:01.818 | DEBUG    | androguard.core.axml:__init__:3581 - Parsed <ARSCResTableEntry idx='0x000e8970' mResId='0x7f0b0253' flags='0x04' holding=<ARSCResStringPoolRef idx='0x000e8978' size='8' type='int_boolean' data='0x00000000'>>
2026-01-03 17:15:01.818 | DEBUG    | androguard.core.axml:__init__:3581 - Parsed <ARSCResTableEntry idx='0x000e8980' mResId='0x7f0b0254' flags='0x04' holding=<ARSCResStringPoolRef idx='0x000e8988' size='8' type='int_boolean' data='0x00000000'>>
2026-01-03 17:15:01.818 | DEBUG    | androguard.core.axml:__init__:3581 - Parsed <ARSCResTableEntry idx='0x000e8990' mResId='0x7f0b0255' flags='0x04' holding=<ARSCResStringPoolRef idx='0x000e8998' size='8' type='int_boolean' data='0x00000000'>>
2026-01-03 17:15:01.818 | DEBUG    | androguard.core.axml:__init__:3581 - Parsed <ARSCResTableEntry idx='0x000e89a0' mResId='0x7f0b0256' flags='0x04' holding=<ARSCResStringPoolRef idx='0x000e89a8' size='8' type='int_boolean' data='0x00000000'>>
2026-01-03 17:15:01.818 | DEBUG    | androguard.core.axml:__init__:3581 - Parsed <ARSCResTableEntry idx='0x000e89b0' mResId='0x7f0b0257' flags='0x04' holding=<ARSCResStringPoolRef idx='0x000e89b8' size='8' type='int_boolean' data='0x00000000'>>
2026-01-03 17:15:01.818 | DEBUG    | androguard.core.axml:__init__:3581 - Parsed <ARSCResTableEntry idx='0x000e89c0' mResId='0x7f0b0258' flags='0x04' holding=<ARSCResStringPoolRef idx='0x000e89c8' size='8' type='int_boolean' data='0x00000000'>>
2026-01-03 17:15:01.818 | DEBUG    | androguard.core.axml:__init__:3581 - Parsed <ARSCResTableEntry idx='0x000e89d0' mResId='0x7f0b0259' flags='0x04' holding=<ARSCResStringPoolRef idx='0x000e89d8' size='8' type='int_boolean' data='0x00000000'>>
2026-01-03 17:15:01.818 | DEBUG    | androguard.core.axml:__init__:3581 - Parsed <ARSCResTableEntry idx='0x000e89e0' mResId='0x7f0b025a' flags='0x04' holding=<ARSCResStringPoolRef idx='0x000e89e8' size='8' type='int_boolean' data='0x00000000'>>
2026-01-03 17:15:01.818 | DEBUG    | androguard.core.axml:__init__:3581 - Parsed <ARSCResTableEntry idx='0x000e89f0' mResId='0x7f0b025b' flags='0x04' holding=<ARSCResStringPoolRef idx='0x000e89f8' size='8' type='int_boolean' data='0x00000000'>>
2026-01-03 17:15:01.818 | DEBUG    | androguard.core.axml:__init__:3581 - Parsed <ARSCResTableEntry idx='0x000e8a00' mResId='0x7f0b025c' flags='0x04' holding=<ARSCResStringPoolRef idx='0x000e8a08' size='8' type='int_boolean' data='0x00000000'>>
2026-01-03 17:15:01.818 | DEBUG    | androguard.core.axml:__init__:3581 - Parsed <ARSCResTableEntry idx='0x000e8a10' mResId='0x7f0b025d' flags='0x04' holding=<ARSCResStringPoolRef idx='0x000e8a18' size='8' type='int_boolean' data='0x00000000'>>
2026-01-03 17:15:01.818 | DEBUG    | androguard.core.axml:__init__:3581 - Parsed <ARSCResTableEntry idx='0x000e8a20' mResId='0x7f0b025e' flags='0x04' holding=<ARSCResStringPoolRef idx='0x000e8a28' size='8' type='int_boolean' data='0x00000000'>>
2026-01-03 17:15:01.818 | DEBUG    | androguard.core.axml:__init__:3581 - Parsed <ARSCResTableEntry idx='0x000e8a30' mResId='0x7f0b025f' flags='0x04' holding=<ARSCResStringPoolRef idx='0x000e8a38' size='8' type='int_boolean' data='0x00000000'>>
2026-01-03 17:15:01.818 | DEBUG    | androguard.core.axml:__init__:3581 - Parsed <ARSCResTableEntry idx='0x000e8a40' mResId='0x7f0b0260' flags='0x04' holding=<ARSCResStringPoolRef idx='0x000e8a48' size='8' type='int_boolean' data='0x00000000'>>
2026-01-03 17:15:01.818 | DEBUG    | androguard.core.axml:__init__:3581 - Parsed <ARSCResTableEntry idx='0x000e8a50' mResId='0x7f0b0264' flags='0x04' holding=<ARSCResStringPoolRef idx='0x000e8a58' size='8' type='int_boolean' data='0x00000000'>>
2026-01-03 17:15:01.818 | DEBUG    | androguard.core.axml:__init__:3581 - Parsed <ARSCResTableEntry idx='0x000e8a60' mResId='0x7f0b0265' flags='0x04' holding=<ARSCResStringPoolRef idx='0x000e8a68' size='8' type='int_boolean' data='0x00000000'>>
2026-01-03 17:15:01.818 | DEBUG    | androguard.core.axml:__init__:3581 - Parsed <ARSCResTableEntry idx='0x000e8a70' mResId='0x7f0b0266' flags='0x04' holding=<ARSCResStringPoolRef idx='0x000e8a78' size='8' type='int_boolean' data='0x00000000'>>
2026-01-03 17:15:01.818 | DEBUG    | androguard.core.axml:__init__:3581 - Parsed <ARSCResTableEntry idx='0x000e8a80' mResId='0x7f0b0267' flags='0x04' holding=<ARSCResStringPoolRef idx='0x000e8a88' size='8' type='int_boolean' data='0x00000000'>>
2026-01-03 17:15:01.818 | DEBUG    | androguard.core.axml:__init__:3581 - Parsed <ARSCResTableEntry idx='0x000e8a90' mResId='0x7f0b0268' flags='0x04' holding=<ARSCResStringPoolRef idx='0x000e8a98' size='8' type='int_boolean' data='0x00000000'>>
2026-01-03 17:15:01.818 | DEBUG    | androguard.core.axml:__init__:3581 - Parsed <ARSCResTableEntry idx='0x000e8aa0' mResId='0x7f0b026a' flags='0x04' holding=<ARSCResStringPoolRef idx='0x000e8aa8' size='8' type='int_boolean' data='0x00000000'>>
2026-01-03 17:15:01.818 | DEBUG    | androguard.core.axml:__init__:3581 - Parsed <ARSCResTableEntry idx='0x000e8ab0' mResId='0x7f0b026c' flags='0x04' holding=<ARSCResStringPoolRef idx='0x000e8ab8' size='8' type='int_boolean' data='0x00000000'>>
2026-01-03 17:15:01.818 | DEBUG    | androguard.core.axml:__init__:3581 - Parsed <ARSCResTableEntry idx='0x000e8ac0' mResId='0x7f0b026d' flags='0x04' holding=<ARSCResStringPoolRef idx='0x000e8ac8' size='8' type='int_boolean' data='0x00000000'>>
2026-01-03 17:15:01.818 | DEBUG    | androguard.core.axml:__init__:3581 - Parsed <ARSCResTableEntry idx='0x000e8ad0' mResId='0x7f0b026e' flags='0x04' holding=<ARSCResStringPoolRef idx='0x000e8ad8' size='8' type='int_boolean' data='0x00000000'>>
2026-01-03 17:15:01.818 | DEBUG    | androguard.core.axml:__init__:3581 - Parsed <ARSCResTableEntry idx='0x000e8ae0' mResId='0x7f0b026f' flags='0x04' holding=<ARSCResStringPoolRef idx='0x000e8ae8' size='8' type='int_boolean' data='0x00000000'>>
2026-01-03 17:15:01.818 | DEBUG    | androguard.core.axml:__init__:3581 - Parsed <ARSCResTableEntry idx='0x000e8af0' mResId='0x7f0b0270' flags='0x04' holding=<ARSCResStringPoolRef idx='0x000e8af8' size='8' type='int_boolean' data='0x00000000'>>
2026-01-03 17:15:01.818 | DEBUG    | androguard.core.axml:__init__:3581 - Parsed <ARSCResTableEntry idx='0x000e8b00' mResId='0x7f0b0271' flags='0x04' holding=<ARSCResStringPoolRef idx='0x000e8b08' size='8' type='int_boolean' data='0x00000000'>>
2026-01-03 17:15:01.818 | DEBUG    | androguard.core.axml:__init__:3581 - Parsed <ARSCResTableEntry idx='0x000e8b10' mResId='0x7f0b0272' flags='0x04' holding=<ARSCResStringPoolRef idx='0x000e8b18' size='8' type='int_boolean' data='0x00000000'>>
2026-01-03 17:15:01.818 | DEBUG    | androguard.core.axml:__init__:3581 - Parsed <ARSCResTableEntry idx='0x000e8b20' mResId='0x7f0b0273' flags='0x04' holding=<ARSCResStringPoolRef idx='0x000e8b28' size='8' type='int_boolean' data='0x00000000'>>
2026-01-03 17:15:01.818 | DEBUG    | androguard.core.axml:__init__:3581 - Parsed <ARSCResTableEntry idx='0x000e8b30' mResId='0x7f0b0274' flags='0x04' holding=<ARSCResStringPoolRef idx='0x000e8b38' size='8' type='int_boolean' data='0x00000000'>>
2026-01-03 17:15:01.818 | DEBUG    | androguard.core.axml:__init__:3581 - Parsed <ARSCResTableEntry idx='0x000e8b40' mResId='0x7f0b0275' flags='0x04' holding=<ARSCResStringPoolRef idx='0x000e8b48' size='8' type='int_boolean' data='0x00000000'>>
2026-01-03 17:15:01.818 | DEBUG    | androguard.core.axml:__init__:3581 - Parsed <ARSCResTableEntry idx='0x000e8b50' mResId='0x7f0b0276' flags='0x04' holding=<ARSCResStringPoolRef idx='0x000e8b58' size='8' type='int_boolean' data='0x00000000'>>
2026-01-03 17:15:01.818 | DEBUG    | androguard.core.axml:__init__:3581 - Parsed <ARSCResTableEntry idx='0x000e8b60' mResId='0x7f0b0277' flags='0x04' holding=<ARSCResStringPoolRef idx='0x000e8b68' size='8' type='int_boolean' data='0x00000000'>>
2026-01-03 17:15:01.818 | DEBUG    | androguard.core.axml:__init__:3581 - Parsed <ARSCResTableEntry idx='0x000e8b70' mResId='0x7f0b0279' flags='0x04' holding=<ARSCResStringPoolRef idx='0x000e8b78' size='8' type='int_boolean' data='0x00000000'>>
2026-01-03 17:15:01.818 | DEBUG    | androguard.core.axml:__init__:3581 - Parsed <ARSCResTableEntry idx='0x000e8b80' mResId='0x7f0b027a' flags='0x04' holding=<ARSCResStringPoolRef idx='0x000e8b88' size='8' type='int_boolean' data='0x00000000'>>
2026-01-03 17:15:01.818 | DEBUG    | androguard.core.axml:__init__:3581 - Parsed <ARSCResTableEntry idx='0x000e8b90' mResId='0x7f0b027b' flags='0x04' holding=<ARSCResStringPoolRef idx='0x000e8b98' size='8' type='int_boolean' data='0x00000000'>>
2026-01-03 17:15:01.818 | DEBUG    | androguard.core.axml:__init__:3581 - Parsed <ARSCResTableEntry idx='0x000e8ba0' mResId='0x7f0b027e' flags='0x04' holding=<ARSCResStringPoolRef idx='0x000e8ba8' size='8' type='int_boolean' data='0x00000000'>>
2026-01-03 17:15:01.818 | DEBUG    | androguard.core.axml:__init__:3581 - Parsed <ARSCResTableEntry idx='0x000e8bb0' mResId='0x7f0b027f' flags='0x04' holding=<ARSCResStringPoolRef idx='0x000e8bb8' size='8' type='int_boolean' data='0x00000000'>>
2026-01-03 17:15:01.818 | DEBUG    | androguard.core.axml:__init__:3581 - Parsed <ARSCResTableEntry idx='0x000e8bc0' mResId='0x7f0b0280' flags='0x04' holding=<ARSCResStringPoolRef idx='0x000e8bc8' size='8' type='int_boolean' data='0x00000000'>>
2026-01-03 17:15:01.818 | DEBUG    | androguard.core.axml:__init__:3581 - Parsed <ARSCResTableEntry idx='0x000e8bd0' mResId='0x7f0b0281' flags='0x04' holding=<ARSCResStringPoolRef idx='0x000e8bd8' size='8' type='int_boolean' data='0x00000000'>>
2026-01-03 17:15:01.819 | DEBUG    | androguard.core.axml:__init__:3581 - Parsed <ARSCResTableEntry idx='0x000e8be0' mResId='0x7f0b0282' flags='0x04' holding=<ARSCResStringPoolRef idx='0x000e8be8' size='8' type='int_boolean' data='0x00000000'>>
2026-01-03 17:15:01.819 | DEBUG    | androguard.core.axml:__init__:3581 - Parsed <ARSCResTableEntry idx='0x000e8bf0' mResId='0x7f0b028d' flags='0x04' holding=<ARSCResStringPoolRef idx='0x000e8bf8' size='8' type='int_boolean' data='0x00000000'>>
2026-01-03 17:15:01.819 | DEBUG    | androguard.core.axml:__init__:3581 - Parsed <ARSCResTableEntry idx='0x000e8c00' mResId='0x7f0b028e' flags='0x04' holding=<ARSCResStringPoolRef idx='0x000e8c08' size='8' type='int_boolean' data='0x00000000'>>
2026-01-03 17:15:01.819 | DEBUG    | androguard.core.axml:__init__:3581 - Parsed <ARSCResTableEntry idx='0x000e8c10' mResId='0x7f0b028f' flags='0x04' holding=<ARSCResStringPoolRef idx='0x000e8c18' size='8' type='int_boolean' data='0x00000000'>>
2026-01-03 17:15:01.819 | DEBUG    | androguard.core.axml:__init__:3581 - Parsed <ARSCResTableEntry idx='0x000e8c20' mResId='0x7f0b0290' flags='0x04' holding=<ARSCResStringPoolRef idx='0x000e8c28' size='8' type='int_boolean' data='0x00000000'>>
2026-01-03 17:15:01.819 | DEBUG    | androguard.core.axml:__init__:3581 - Parsed <ARSCResTableEntry idx='0x000e8c30' mResId='0x7f0b0291' flags='0x04' holding=<ARSCResStringPoolRef idx='0x000e8c38' size='8' type='int_boolean' data='0x00000000'>>
2026-01-03 17:15:01.819 | DEBUG    | androguard.core.axml:__init__:3581 - Parsed <ARSCResTableEntry idx='0x000e8c40' mResId='0x7f0b0292' flags='0x04' holding=<ARSCResStringPoolRef idx='0x000e8c48' size='8' type='int_boolean' data='0x00000000'>>
2026-01-03 17:15:01.819 | DEBUG    | androguard.core.axml:__init__:3581 - Parsed <ARSCResTableEntry idx='0x000e8c50' mResId='0x7f0b0293' flags='0x04' holding=<ARSCResStringPoolRef idx='0x000e8c58' size='8' type='int_boolean' data='0x00000000'>>
2026-01-03 17:15:01.819 | DEBUG    | androguard.core.axml:__init__:3581 - Parsed <ARSCResTableEntry idx='0x000e8c60' mResId='0x7f0b0294' flags='0x04' holding=<ARSCResStringPoolRef idx='0x000e8c68' size='8' type='int_boolean' data='0x00000000'>>
2026-01-03 17:15:01.819 | DEBUG    | androguard.core.axml:__init__:3581 - Parsed <ARSCResTableEntry idx='0x000e8c70' mResId='0x7f0b0295' flags='0x04' holding=<ARSCResStringPoolRef idx='0x000e8c78' size='8' type='int_boolean' data='0x00000000'>>
2026-01-03 17:15:01.819 | DEBUG    | androguard.core.axml:__init__:3581 - Parsed <ARSCResTableEntry idx='0x000e8c80' mResId='0x7f0b0296' flags='0x04' holding=<ARSCResStringPoolRef idx='0x000e8c88' size='8' type='int_boolean' data='0x00000000'>>
2026-01-03 17:15:01.819 | DEBUG    | androguard.core.axml:__init__:3581 - Parsed <ARSCResTableEntry idx='0x000e8c90' mResId='0x7f0b0297' flags='0x04' holding=<ARSCResStringPoolRef idx='0x000e8c98' size='8' type='int_boolean' data='0x00000000'>>
2026-01-03 17:15:01.819 | DEBUG    | androguard.core.axml:__init__:3581 - Parsed <ARSCResTableEntry idx='0x000e8ca0' mResId='0x7f0b0299' flags='0x04' holding=<ARSCResStringPoolRef idx='0x000e8ca8' size='8' type='int_boolean' data='0x00000000'>>
2026-01-03 17:15:01.819 | DEBUG    | androguard.core.axml:__init__:3581 - Parsed <ARSCResTableEntry idx='0x000e8cb0' mResId='0x7f0b029b' flags='0x04' holding=<ARSCResStringPoolRef idx='0x000e8cb8' size='8' type='int_boolean' data='0x00000000'>>
2026-01-03 17:15:01.819 | DEBUG    | androguard.core.axml:__init__:3581 - Parsed <ARSCResTableEntry idx='0x000e8cc0' mResId='0x7f0b029c' flags='0x04' holding=<ARSCResStringPoolRef idx='0x000e8cc8' size='8' type='int_boolean' data='0x00000000'>>
2026-01-03 17:15:01.819 | DEBUG    | androguard.core.axml:__init__:3581 - Parsed <ARSCResTableEntry idx='0x000e8cd0' mResId='0x7f0b02a5' flags='0x04' holding=<ARSCResStringPoolRef idx='0x000e8cd8' size='8' type='int_boolean' data='0x00000000'>>
2026-01-03 17:15:01.819 | DEBUG    | androguard.core.axml:__init__:3581 - Parsed <ARSCResTableEntry idx='0x000e8ce0' mResId='0x7f0b02a6' flags='0x04' holding=<ARSCResStringPoolRef idx='0x000e8ce8' size='8' type='int_boolean' data='0x00000000'>>
2026-01-03 17:15:01.819 | DEBUG    | androguard.core.axml:__init__:3581 - Parsed <ARSCResTableEntry idx='0x000e8cf0' mResId='0x7f0b02a7' flags='0x04' holding=<ARSCResStringPoolRef idx='0x000e8cf8' size='8' type='int_boolean' data='0x00000000'>>
2026-01-03 17:15:01.819 | DEBUG    | androguard.core.axml:__init__:3581 - Parsed <ARSCResTableEntry idx='0x000e8d00' mResId='0x7f0b02a8' flags='0x04' holding=<ARSCResStringPoolRef idx='0x000e8d08' size='8' type='int_boolean' data='0x00000000'>>
2026-01-03 17:15:01.819 | DEBUG    | androguard.core.axml:__init__:3581 - Parsed <ARSCResTableEntry idx='0x000e8d10' mResId='0x7f0b02aa' flags='0x04' holding=<ARSCResStringPoolRef idx='0x000e8d18' size='8' type='int_boolean' data='0x00000000'>>
2026-01-03 17:15:01.819 | DEBUG    | androguard.core.axml:__init__:3581 - Parsed <ARSCResTableEntry idx='0x000e8d20' mResId='0x7f0b02ac' flags='0x04' holding=<ARSCResStringPoolRef idx='0x000e8d28' size='8' type='int_boolean' data='0x00000000'>>
2026-01-03 17:15:01.819 | DEBUG    | androguard.core.axml:__init__:3581 - Parsed <ARSCResTableEntry idx='0x000e8d30' mResId='0x7f0b02ae' flags='0x04' holding=<ARSCResStringPoolRef idx='0x000e8d38' size='8' type='int_boolean' data='0x00000000'>>
2026-01-03 17:15:01.819 | DEBUG    | androguard.core.axml:__init__:3581 - Parsed <ARSCResTableEntry idx='0x000e8d40' mResId='0x7f0b02b0' flags='0x04' holding=<ARSCResStringPoolRef idx='0x000e8d48' size='8' type='int_boolean' data='0x00000000'>>
2026-01-03 17:15:01.819 | DEBUG    | androguard.core.axml:__init__:3581 - Parsed <ARSCResTableEntry idx='0x000e8d50' mResId='0x7f0b02b1' flags='0x04' holding=<ARSCResStringPoolRef idx='0x000e8d58' size='8' type='int_boolean' data='0x00000000'>>
2026-01-03 17:15:01.819 | DEBUG    | androguard.core.axml:__init__:3581 - Parsed <ARSCResTableEntry idx='0x000e8d60' mResId='0x7f0b02b2' flags='0x04' holding=<ARSCResStringPoolRef idx='0x000e8d68' size='8' type='int_boolean' data='0x00000000'>>
2026-01-03 17:15:01.819 | DEBUG    | androguard.core.axml:__init__:3581 - Parsed <ARSCResTableEntry idx='0x000e8d70' mResId='0x7f0b02b3' flags='0x04' holding=<ARSCResStringPoolRef idx='0x000e8d78' size='8' type='int_boolean' data='0x00000000'>>
2026-01-03 17:15:01.819 | DEBUG    | androguard.core.axml:__init__:3581 - Parsed <ARSCResTableEntry idx='0x000e8d80' mResId='0x7f0b02b4' flags='0x04' holding=<ARSCResStringPoolRef idx='0x000e8d88' size='8' type='int_boolean' data='0x00000000'>>
2026-01-03 17:15:01.819 | DEBUG    | androguard.core.axml:__init__:3581 - Parsed <ARSCResTableEntry idx='0x000e8d90' mResId='0x7f0b02b5' flags='0x04' holding=<ARSCResStringPoolRef idx='0x000e8d98' size='8' type='int_boolean' data='0x00000000'>>
2026-01-03 17:15:01.819 | DEBUG    | androguard.core.axml:__init__:3581 - Parsed <ARSCResTableEntry idx='0x000e8da0' mResId='0x7f0b02b6' flags='0x04' holding=<ARSCResStringPoolRef idx='0x000e8da8' size='8' type='int_boolean' data='0x00000000'>>
2026-01-03 17:15:01.819 | DEBUG    | androguard.core.axml:__init__:3581 - Parsed <ARSCResTableEntry idx='0x000e8db0' mResId='0x7f0b02b9' flags='0x04' holding=<ARSCResStringPoolRef idx='0x000e8db8' size='8' type='int_boolean' data='0x00000000'>>
2026-01-03 17:15:01.819 | DEBUG    | androguard.core.axml:__init__:3581 - Parsed <ARSCResTableEntry idx='0x000e8dc0' mResId='0x7f0b02ba' flags='0x04' holding=<ARSCResStringPoolRef idx='0x000e8dc8' size='8' type='int_boolean' data='0x00000000'>>
2026-01-03 17:15:01.819 | DEBUG    | androguard.core.axml:__init__:3581 - Parsed <ARSCResTableEntry idx='0x000e8dd0' mResId='0x7f0b02bc' flags='0x04' holding=<ARSCResStringPoolRef idx='0x000e8dd8' size='8' type='int_boolean' data='0x00000000'>>
2026-01-03 17:15:01.819 | DEBUG    | androguard.core.axml:__init__:3581 - Parsed <ARSCResTableEntry idx='0x000e8de0' mResId='0x7f0b02bd' flags='0x04' holding=<ARSCResStringPoolRef idx='0x000e8de8' size='8' type='int_boolean' data='0x00000000'>>
2026-01-03 17:15:01.819 | DEBUG    | androguard.core.axml:__init__:3581 - Parsed <ARSCResTableEntry idx='0x000e8df0' mResId='0x7f0b02be' flags='0x04' holding=<ARSCResStringPoolRef idx='0x000e8df8' size='8' type='int_boolean' data='0x00000000'>>
2026-01-03 17:15:01.819 | DEBUG    | androguard.core.axml:__init__:1805 - Found a header: <ARSCHeader idx='0x000e8e00' type='514' header_size='16' size='532'>
2026-01-03 17:15:01.819 | WARNING  | androguard.core.axml:__init__:2935 - res1 must be zero!
2026-01-03 17:15:01.819 | DEBUG    | androguard.core.axml:__init__:1805 - Found a header: <ARSCHeader idx='0x000e9014' type='513' header_size='84' size='1816'>
2026-01-03 17:15:01.819 | DEBUG    | androguard.core.axml:__init__:3125 - Skipping padding bytes!
2026-01-03 17:15:01.819 | DEBUG    | androguard.core.axml:__init__:2973 - Parsed <ARSCResType(start=0xe901c, id=0xc, flags=0x0, entryCount=129, entriesStart=0x258, mResId=0x7f0c0000, table:integer)>
2026-01-03 17:15:01.819 | DEBUG    | androguard.core.axml:__init__:1833 - Config: <ARSCResTableConfig ''=(0, 0, 0, 0, 0, 0, 0, 0, 0)>
2026-01-03 17:15:01.819 | DEBUG    | androguard.core.axml:__init__:1805 - Found a header: <ARSCHeader idx='0x000e972c' type='513' header_size='84' size='648'>
2026-01-03 17:15:01.820 | DEBUG    | androguard.core.axml:__init__:3125 - Skipping padding bytes!
2026-01-03 17:15:01.820 | DEBUG    | androguard.core.axml:__init__:2973 - Parsed <ARSCResType(start=0xe9734, id=0xc, flags=0x0, entryCount=129, entriesStart=0x258, mResId=0x7f0c0000, table:integer)>
2026-01-03 17:15:01.820 | DEBUG    | androguard.core.axml:__init__:1833 - Config: <ARSCResTableConfig 'sw600dp'=(0, 0, 0, 0, 0, 0, 39321600, 0, 0)>
2026-01-03 17:15:01.820 | DEBUG    | androguard.core.axml:__init__:1805 - Found a header: <ARSCHeader idx='0x000e99b4' type='513' header_size='84' size='616'>
2026-01-03 17:15:01.820 | DEBUG    | androguard.core.axml:__init__:3125 - Skipping padding bytes!
2026-01-03 17:15:01.820 | DEBUG    | androguard.core.axml:__init__:2973 - Parsed <ARSCResType(start=0xe99bc, id=0xc, flags=0x0, entryCount=129, entriesStart=0x258, mResId=0x7f0c0000, table:integer)>
2026-01-03 17:15:01.820 | DEBUG    | androguard.core.axml:__init__:1833 - Config: <ARSCResTableConfig 'land'=(0, 0, 2, 0, 0, 0, 0, 0, 0)>
2026-01-03 17:15:01.820 | DEBUG    | androguard.core.axml:__init__:1805 - Found a header: <ARSCHeader idx='0x000e9c1c' type='514' header_size='16' size='116'>
2026-01-03 17:15:01.820 | WARNING  | androguard.core.axml:__init__:2935 - res1 must be zero!
2026-01-03 17:15:01.820 | DEBUG    | androguard.core.axml:__init__:1805 - Found a header: <ARSCHeader idx='0x000e9c90' type='513' header_size='84' size='584'>
2026-01-03 17:15:01.820 | DEBUG    | androguard.core.axml:__init__:3125 - Skipping padding bytes!
2026-01-03 17:15:01.820 | DEBUG    | androguard.core.axml:__init__:2973 - Parsed <ARSCResType(start=0xe9c98, id=0xd, flags=0x0, entryCount=25, entriesStart=0xb8, mResId=0x7f0d0000, table:interpolator)>
2026-01-03 17:15:01.820 | DEBUG    | androguard.core.axml:__init__:1833 - Config: <ARSCResTableConfig ''=(0, 0, 0, 0, 0, 0, 0, 0, 0)>
2026-01-03 17:15:01.820 | DEBUG    | androguard.core.axml:__init__:1805 - Found a header: <ARSCHeader idx='0x000e9ed8' type='514' header_size='16' size='576'>
2026-01-03 17:15:01.820 | WARNING  | androguard.core.axml:__init__:2935 - res1 must be zero!
2026-01-03 17:15:01.820 | DEBUG    | androguard.core.axml:__init__:1805 - Found a header: <ARSCHeader idx='0x000ea118' type='513' header_size='84' size='1876'>
2026-01-03 17:15:01.820 | DEBUG    | androguard.core.axml:__init__:3125 - Skipping padding bytes!
2026-01-03 17:15:01.820 | DEBUG    | androguard.core.axml:__init__:2973 - Parsed <ARSCResType(start=0xea120, id=0xe, flags=0x0, entryCount=140, entriesStart=0x284, mResId=0x7f0e0000, table:layout)>
2026-01-03 17:15:01.820 | DEBUG    | androguard.core.axml:__init__:1833 - Config: <ARSCResTableConfig ''=(0, 0, 0, 0, 0, 0, 0, 0, 0)>
2026-01-03 17:15:01.820 | DEBUG    | androguard.core.axml:__init__:1805 - Found a header: <ARSCHeader idx='0x000ea86c' type='513' header_size='84' size='724'>
2026-01-03 17:15:01.820 | DEBUG    | androguard.core.axml:__init__:3125 - Skipping padding bytes!
2026-01-03 17:15:01.820 | DEBUG    | androguard.core.axml:__init__:2973 - Parsed <ARSCResType(start=0xea874, id=0xe, flags=0x0, entryCount=140, entriesStart=0x284, mResId=0x7f0e0000, table:layout)>
2026-01-03 17:15:01.820 | DEBUG    | androguard.core.axml:__init__:1833 - Config: <ARSCResTableConfig 'h320dp'=(0, 0, 0, 0, 0, 0, 0, 20971520, 0)>
2026-01-03 17:15:01.820 | DEBUG    | androguard.core.axml:__init__:1805 - Found a header: <ARSCHeader idx='0x000eab40' type='513' header_size='84' size='660'>
2026-01-03 17:15:01.820 | DEBUG    | androguard.core.axml:__init__:3125 - Skipping padding bytes!
2026-01-03 17:15:01.820 | DEBUG    | androguard.core.axml:__init__:2973 - Parsed <ARSCResType(start=0xeab48, id=0xe, flags=0x0, entryCount=140, entriesStart=0x284, mResId=0x7f0e0000, table:layout)>
2026-01-03 17:15:01.820 | DEBUG    | androguard.core.axml:__init__:1833 - Config: <ARSCResTableConfig 'h480dp'=(0, 0, 0, 0, 0, 0, 0, 31457280, 0)>
2026-01-03 17:15:01.820 | DEBUG    | androguard.core.axml:__init__:1805 - Found a header: <ARSCHeader idx='0x000eadd4' type='513' header_size='84' size='660'>
2026-01-03 17:15:01.821 | DEBUG    | androguard.core.axml:__init__:3125 - Skipping padding bytes!
2026-01-03 17:15:01.821 | DEBUG    | androguard.core.axml:__init__:2973 - Parsed <ARSCResType(start=0xeaddc, id=0xe, flags=0x0, entryCount=140, entriesStart=0x284, mResId=0x7f0e0000, table:layout)>
2026-01-03 17:15:01.821 | DEBUG    | androguard.core.axml:__init__:1833 - Config: <ARSCResTableConfig 'h500dp'=(0, 0, 0, 0, 0, 0, 0, 32768000, 0)>
2026-01-03 17:15:01.821 | DEBUG    | androguard.core.axml:__init__:1805 - Found a header: <ARSCHeader idx='0x000eb068' type='513' header_size='84' size='692'>
2026-01-03 17:15:01.821 | DEBUG    | androguard.core.axml:__init__:3125 - Skipping padding bytes!
2026-01-03 17:15:01.821 | DEBUG    | androguard.core.axml:__init__:2973 - Parsed <ARSCResType(start=0xeb070, id=0xe, flags=0x0, entryCount=140, entriesStart=0x284, mResId=0x7f0e0000, table:layout)>
2026-01-03 17:15:01.821 | DEBUG    | androguard.core.axml:__init__:1833 - Config: <ARSCResTableConfig 'sw600dp'=(0, 0, 0, 0, 0, 0, 39321600, 0, 0)>
2026-01-03 17:15:01.821 | DEBUG    | androguard.core.axml:__init__:1805 - Found a header: <ARSCHeader idx='0x000eb31c' type='513' header_size='84' size='660'>
2026-01-03 17:15:01.821 | DEBUG    | androguard.core.axml:__init__:3125 - Skipping padding bytes!
2026-01-03 17:15:01.821 | DEBUG    | androguard.core.axml:__init__:2973 - Parsed <ARSCResType(start=0xeb324, id=0xe, flags=0x0, entryCount=140, entriesStart=0x284, mResId=0x7f0e0000, table:layout)>
2026-01-03 17:15:01.821 | DEBUG    | androguard.core.axml:__init__:1833 - Config: <ARSCResTableConfig 'sw800dp-w1200dp'=(0, 0, 0, 0, 0, 0, 52428800, 1200, 0)>
2026-01-03 17:15:01.821 | DEBUG    | androguard.core.axml:__init__:1805 - Found a header: <ARSCHeader idx='0x000eb5b0' type='513' header_size='84' size='676'>
2026-01-03 17:15:01.821 | DEBUG    | androguard.core.axml:__init__:3125 - Skipping padding bytes!
2026-01-03 17:15:01.821 | DEBUG    | androguard.core.axml:__init__:2973 - Parsed <ARSCResType(start=0xeb5b8, id=0xe, flags=0x0, entryCount=140, entriesStart=0x284, mResId=0x7f0e0000, table:layout)>
2026-01-03 17:15:01.821 | DEBUG    | androguard.core.axml:__init__:1833 - Config: <ARSCResTableConfig 'watch'=(0, 0, 0, 0, 0, 0, 1536, 0, 0)>
2026-01-03 17:15:01.821 | DEBUG    | androguard.core.axml:__init__:1805 - Found a header: <ARSCHeader idx='0x000eb854' type='513' header_size='84' size='660'>
2026-01-03 17:15:01.821 | DEBUG    | androguard.core.axml:__init__:3125 - Skipping padding bytes!
2026-01-03 17:15:01.821 | DEBUG    | androguard.core.axml:__init__:2973 - Parsed <ARSCResType(start=0xeb85c, id=0xe, flags=0x0, entryCount=140, entriesStart=0x284, mResId=0x7f0e0000, table:layout)>
2026-01-03 17:15:01.821 | DEBUG    | androguard.core.axml:__init__:1833 - Config: <ARSCResTableConfig 'v26'=(0, 0, 0, 0, 0, 26, 0, 0, 0)>
2026-01-03 17:15:01.821 | DEBUG    | androguard.core.axml:__init__:1805 - Found a header: <ARSCHeader idx='0x000ebae8' type='513' header_size='84' size='660'>
2026-01-03 17:15:01.821 | DEBUG    | androguard.core.axml:__init__:3125 - Skipping padding bytes!
2026-01-03 17:15:01.821 | DEBUG    | androguard.core.axml:__init__:2973 - Parsed <ARSCResType(start=0xebaf0, id=0xe, flags=0x0, entryCount=140, entriesStart=0x284, mResId=0x7f0e0000, table:layout)>
2026-01-03 17:15:01.821 | DEBUG    | androguard.core.axml:__init__:1833 - Config: <ARSCResTableConfig 'land'=(0, 0, 2, 0, 0, 0, 0, 0, 0)>
2026-01-03 17:15:01.821 | DEBUG    | androguard.core.axml:__init__:1805 - Found a header: <ARSCHeader idx='0x000ebd7c' type='513' header_size='84' size='724'>
2026-01-03 17:15:01.821 | DEBUG    | androguard.core.axml:__init__:3125 - Skipping padding bytes!
2026-01-03 17:15:01.821 | DEBUG    | androguard.core.axml:__init__:2973 - Parsed <ARSCResType(start=0xebd84, id=0xe, flags=0x0, entryCount=140, entriesStart=0x284, mResId=0x7f0e0000, table:layout)>
2026-01-03 17:15:01.821 | DEBUG    | androguard.core.axml:__init__:1833 - Config: <ARSCResTableConfig 'h320dp-land'=(0, 0, 2, 0, 0, 0, 0, 20971520, 0)>
2026-01-03 17:15:01.821 | DEBUG    | androguard.core.axml:__init__:1805 - Found a header: <ARSCHeader idx='0x000ec050' type='513' header_size='84' size='676'>
2026-01-03 17:15:01.821 | DEBUG    | androguard.core.axml:__init__:3125 - Skipping padding bytes!
2026-01-03 17:15:01.821 | DEBUG    | androguard.core.axml:__init__:2973 - Parsed <ARSCResType(start=0xec058, id=0xe, flags=0x0, entryCount=140, entriesStart=0x284, mResId=0x7f0e0000, table:layout)>
2026-01-03 17:15:01.821 | DEBUG    | androguard.core.axml:__init__:1833 - Config: <ARSCResTableConfig 'sw600dp-land'=(0, 0, 2, 0, 0, 0, 39321600, 0, 0)>
2026-01-03 17:15:01.821 | DEBUG    | androguard.core.axml:__init__:1805 - Found a header: <ARSCHeader idx='0x000ec2f4' type='514' header_size='16' size='40'>
2026-01-03 17:15:01.821 | WARNING  | androguard.core.axml:__init__:2935 - res1 must be zero!
2026-01-03 17:15:01.821 | DEBUG    | androguard.core.axml:__init__:1805 - Found a header: <ARSCHeader idx='0x000ec31c' type='513' header_size='84' size='188'>
2026-01-03 17:15:01.822 | DEBUG    | androguard.core.axml:__init__:3125 - Skipping padding bytes!
2026-01-03 17:15:01.822 | DEBUG    | androguard.core.axml:__init__:2973 - Parsed <ARSCResType(start=0xec324, id=0x10, flags=0x0, entryCount=6, entriesStart=0x6c, mResId=0x7f100000, table:menu)>
2026-01-03 17:15:01.822 | DEBUG    | androguard.core.axml:__init__:1833 - Config: <ARSCResTableConfig ''=(0, 0, 0, 0, 0, 0, 0, 0, 0)>
2026-01-03 17:15:01.822 | DEBUG    | androguard.core.axml:__init__:1805 - Found a header: <ARSCHeader idx='0x000ec3d8' type='514' header_size='16' size='28'>
2026-01-03 17:15:01.822 | WARNING  | androguard.core.axml:__init__:2935 - res1 must be zero!
2026-01-03 17:15:01.822 | DEBUG    | androguard.core.axml:__init__:1805 - Found a header: <ARSCHeader idx='0x000ec3f4' type='513' header_size='84' size='112'>
2026-01-03 17:15:01.822 | DEBUG    | androguard.core.axml:__init__:3125 - Skipping padding bytes!
2026-01-03 17:15:01.822 | DEBUG    | androguard.core.axml:__init__:2973 - Parsed <ARSCResType(start=0xec3fc, id=0x11, flags=0x0, entryCount=3, entriesStart=0x60, mResId=0x7f110000, table:mipmap)>
2026-01-03 17:15:01.822 | DEBUG    | androguard.core.axml:__init__:1833 - Config: <ARSCResTableConfig ''=(0, 0, 0, 0, 0, 0, 0, 0, 0)>
2026-01-03 17:15:01.822 | DEBUG    | androguard.core.axml:__init__:1805 - Found a header: <ARSCHeader idx='0x000ec464' type='513' header_size='84' size='128'>
2026-01-03 17:15:01.822 | DEBUG    | androguard.core.axml:__init__:3125 - Skipping padding bytes!
2026-01-03 17:15:01.822 | DEBUG    | androguard.core.axml:__init__:2973 - Parsed <ARSCResType(start=0xec46c, id=0x11, flags=0x0, entryCount=3, entriesStart=0x60, mResId=0x7f110000, table:mipmap)>
2026-01-03 17:15:01.822 | DEBUG    | androguard.core.axml:__init__:1833 - Config: <ARSCResTableConfig 'mdpi'=(0, 0, 10485760, 0, 0, 0, 0, 0, 0)>
2026-01-03 17:15:01.822 | DEBUG    | androguard.core.axml:__init__:1805 - Found a header: <ARSCHeader idx='0x000ec4e4' type='513' header_size='84' size='128'>
2026-01-03 17:15:01.822 | DEBUG    | androguard.core.axml:__init__:3125 - Skipping padding bytes!
2026-01-03 17:15:01.822 | DEBUG    | androguard.core.axml:__init__:2973 - Parsed <ARSCResType(start=0xec4ec, id=0x11, flags=0x0, entryCount=3, entriesStart=0x60, mResId=0x7f110000, table:mipmap)>
2026-01-03 17:15:01.822 | DEBUG    | androguard.core.axml:__init__:1833 - Config: <ARSCResTableConfig 'hdpi'=(0, 0, 15728640, 0, 0, 0, 0, 0, 0)>
2026-01-03 17:15:01.822 | DEBUG    | androguard.core.axml:__init__:1805 - Found a header: <ARSCHeader idx='0x000ec564' type='513' header_size='84' size='128'>
2026-01-03 17:15:01.822 | DEBUG    | androguard.core.axml:__init__:3125 - Skipping padding bytes!
2026-01-03 17:15:01.822 | DEBUG    | androguard.core.axml:__init__:2973 - Parsed <ARSCResType(start=0xec56c, id=0x11, flags=0x0, entryCount=3, entriesStart=0x60, mResId=0x7f110000, table:mipmap)>
2026-01-03 17:15:01.822 | DEBUG    | androguard.core.axml:__init__:1833 - Config: <ARSCResTableConfig 'xhdpi'=(0, 0, 20971520, 0, 0, 0, 0, 0, 0)>
2026-01-03 17:15:01.822 | DEBUG    | androguard.core.axml:__init__:1805 - Found a header: <ARSCHeader idx='0x000ec5e4' type='513' header_size='84' size='128'>
2026-01-03 17:15:01.822 | DEBUG    | androguard.core.axml:__init__:3125 - Skipping padding bytes!
2026-01-03 17:15:01.822 | DEBUG    | androguard.core.axml:__init__:2973 - Parsed <ARSCResType(start=0xec5ec, id=0x11, flags=0x0, entryCount=3, entriesStart=0x60, mResId=0x7f110000, table:mipmap)>
2026-01-03 17:15:01.822 | DEBUG    | androguard.core.axml:__init__:1833 - Config: <ARSCResTableConfig 'xxhdpi'=(0, 0, 31457280, 0, 0, 0, 0, 0, 0)>
2026-01-03 17:15:01.822 | DEBUG    | androguard.core.axml:__init__:1805 - Found a header: <ARSCHeader idx='0x000ec664' type='513' header_size='84' size='128'>
2026-01-03 17:15:01.822 | DEBUG    | androguard.core.axml:__init__:3125 - Skipping padding bytes!
2026-01-03 17:15:01.822 | DEBUG    | androguard.core.axml:__init__:2973 - Parsed <ARSCResType(start=0xec66c, id=0x11, flags=0x0, entryCount=3, entriesStart=0x60, mResId=0x7f110000, table:mipmap)>
2026-01-03 17:15:01.822 | DEBUG    | androguard.core.axml:__init__:1833 - Config: <ARSCResTableConfig 'xxxhdpi'=(0, 0, 41943040, 0, 0, 0, 0, 0, 0)>
2026-01-03 17:15:01.822 | DEBUG    | androguard.core.axml:__init__:1805 - Found a header: <ARSCHeader idx='0x000ec6e4' type='513' header_size='84' size='128'>
2026-01-03 17:15:01.822 | DEBUG    | androguard.core.axml:__init__:3125 - Skipping padding bytes!
2026-01-03 17:15:01.822 | DEBUG    | androguard.core.axml:__init__:2973 - Parsed <ARSCResType(start=0xec6ec, id=0x11, flags=0x0, entryCount=3, entriesStart=0x60, mResId=0x7f110000, table:mipmap)>
2026-01-03 17:15:01.822 | DEBUG    | androguard.core.axml:__init__:1833 - Config: <ARSCResTableConfig 'anydpi-v26'=(0, 0, 4294836224, 0, 0, 26, 0, 0, 0)>
2026-01-03 17:15:01.822 | DEBUG    | androguard.core.axml:__init__:1805 - Found a header: <ARSCHeader idx='0x000ec764' type='514' header_size='16' size='84'>
2026-01-03 17:15:01.822 | WARNING  | androguard.core.axml:__init__:2935 - res1 must be zero!
2026-01-03 17:15:01.822 | DEBUG    | androguard.core.axml:__init__:1805 - Found a header: <ARSCHeader idx='0x000ec7b8' type='513' header_size='84' size='344'>
2026-01-03 17:15:01.822 | DEBUG    | androguard.core.axml:__init__:3125 - Skipping padding bytes!
2026-01-03 17:15:01.822 | DEBUG    | androguard.core.axml:__init__:2973 - Parsed <ARSCResType(start=0xec7c0, id=0x13, flags=0x0, entryCount=17, entriesStart=0x98, mResId=0x7f130000, table:raw)>
2026-01-03 17:15:01.822 | DEBUG    | androguard.core.axml:__init__:1833 - Config: <ARSCResTableConfig ''=(0, 0, 0, 0, 0, 0, 0, 0, 0)>
2026-01-03 17:15:01.822 | DEBUG    | androguard.core.axml:__init__:1805 - Found a header: <ARSCHeader idx='0x000ec910' type='514' header_size='16' size='1476'>
2026-01-03 17:15:01.822 | WARNING  | androguard.core.axml:__init__:2935 - res1 must be zero!
2026-01-03 17:15:01.822 | DEBUG    | androguard.core.axml:__init__:1805 - Found a header: <ARSCHeader idx='0x000eced4' type='513' header_size='84' size='4968'>
2026-01-03 17:15:01.822 | DEBUG    | androguard.core.axml:__init__:3125 - Skipping padding bytes!
2026-01-03 17:15:01.823 | DEBUG    | androguard.core.axml:__init__:2973 - Parsed <ARSCResType(start=0xecedc, id=0x14, flags=0x0, entryCount=365, entriesStart=0x608, mResId=0x7f140000, table:string)>
2026-01-03 17:15:01.823 | DEBUG    | androguard.core.axml:__init__:1833 - Config: <ARSCResTableConfig ''=(0, 0, 0, 0, 0, 0, 0, 0, 0)>
2026-01-03 17:15:01.823 | DEBUG    | androguard.core.axml:__init__:1805 - Found a header: <ARSCHeader idx='0x000ee23c' type='513' header_size='84' size='1576'>
2026-01-03 17:15:01.823 | DEBUG    | androguard.core.axml:__init__:3125 - Skipping padding bytes!
2026-01-03 17:15:01.823 | DEBUG    | androguard.core.axml:__init__:2973 - Parsed <ARSCResType(start=0xee244, id=0x14, flags=0x0, entryCount=365, entriesStart=0x608, mResId=0x7f140000, table:string)>
2026-01-03 17:15:01.823 | DEBUG    | androguard.core.axml:__init__:1833 - Config: <ARSCResTableConfig 'v29'=(0, 0, 0, 0, 0, 29, 0, 0, 0)>
2026-01-03 17:15:01.823 | DEBUG    | androguard.core.axml:__init__:1805 - Found a header: <ARSCHeader idx='0x000ee864' type='513' header_size='84' size='2808'>
2026-01-03 17:15:01.823 | DEBUG    | androguard.core.axml:__init__:3125 - Skipping padding bytes!
2026-01-03 17:15:01.823 | DEBUG    | androguard.core.axml:__init__:2973 - Parsed <ARSCResType(start=0xee86c, id=0x14, flags=0x0, entryCount=365, entriesStart=0x608, mResId=0x7f140000, table:string)>
2026-01-03 17:15:01.823 | DEBUG    | androguard.core.axml:__init__:1833 - Config: <ARSCResTableConfig 'fil'=(0, 1453, 0, 0, 0, 0, 0, 0, 0)>
2026-01-03 17:15:01.824 | DEBUG    | androguard.core.axml:__init__:1805 - Found a header: <ARSCHeader idx='0x000ef35c' type='513' header_size='84' size='1560'>
2026-01-03 17:15:01.824 | DEBUG    | androguard.core.axml:__init__:3125 - Skipping padding bytes!
2026-01-03 17:15:01.824 | DEBUG    | androguard.core.axml:__init__:2973 - Parsed <ARSCResType(start=0xef364, id=0x14, flags=0x0, entryCount=365, entriesStart=0x608, mResId=0x7f140000, table:string)>
2026-01-03 17:15:01.824 | DEBUG    | androguard.core.axml:__init__:1833 - Config: <ARSCResTableConfig 'fil-v29'=(0, 1453, 0, 0, 0, 29, 0, 0, 0)>
2026-01-03 17:15:01.824 | DEBUG    | androguard.core.axml:__init__:1805 - Found a header: <ARSCHeader idx='0x000ef974' type='513' header_size='84' size='3560'>
2026-01-03 17:15:01.824 | DEBUG    | androguard.core.axml:__init__:3125 - Skipping padding bytes!
2026-01-03 17:15:01.824 | DEBUG    | androguard.core.axml:__init__:2973 - Parsed <ARSCResType(start=0xef97c, id=0x14, flags=0x0, entryCount=365, entriesStart=0x608, mResId=0x7f140000, table:string)>
2026-01-03 17:15:01.824 | DEBUG    | androguard.core.axml:__init__:1833 - Config: <ARSCResTableConfig 'ca'=(0, 24931, 0, 0, 0, 0, 0, 0, 0)>
2026-01-03 17:15:01.824 | DEBUG    | androguard.core.axml:__init__:1805 - Found a header: <ARSCHeader idx='0x000f075c' type='513' header_size='84' size='1560'>
2026-01-03 17:15:01.824 | DEBUG    | androguard.core.axml:__init__:3125 - Skipping padding bytes!
2026-01-03 17:15:01.824 | DEBUG    | androguard.core.axml:__init__:2973 - Parsed <ARSCResType(start=0xf0764, id=0x14, flags=0x0, entryCount=365, entriesStart=0x608, mResId=0x7f140000, table:string)>
2026-01-03 17:15:01.824 | DEBUG    | androguard.core.axml:__init__:1833 - Config: <ARSCResTableConfig 'ca-v29'=(0, 24931, 0, 0, 0, 29, 0, 0, 0)>
2026-01-03 17:15:01.824 | DEBUG    | androguard.core.axml:__init__:1805 - Found a header: <ARSCHeader idx='0x000f0d74' type='513' header_size='84' size='3560'>
2026-01-03 17:15:01.824 | DEBUG    | androguard.core.axml:__init__:3125 - Skipping padding bytes!
2026-01-03 17:15:01.824 | DEBUG    | androguard.core.axml:__init__:2973 - Parsed <ARSCResType(start=0xf0d7c, id=0x14, flags=0x0, entryCount=365, entriesStart=0x608, mResId=0x7f140000, table:string)>
2026-01-03 17:15:01.825 | DEBUG    | androguard.core.axml:__init__:1833 - Config: <ARSCResTableConfig 'da'=(0, 24932, 0, 0, 0, 0, 0, 0, 0)>
2026-01-03 17:15:01.825 | DEBUG    | androguard.core.axml:__init__:1805 - Found a header: <ARSCHeader idx='0x000f1b5c' type='513' header_size='84' size='1560'>
2026-01-03 17:15:01.825 | DEBUG    | androguard.core.axml:__init__:3125 - Skipping padding bytes!
2026-01-03 17:15:01.825 | DEBUG    | androguard.core.axml:__init__:2973 - Parsed <ARSCResType(start=0xf1b64, id=0x14, flags=0x0, entryCount=365, entriesStart=0x608, mResId=0x7f140000, table:string)>
2026-01-03 17:15:01.825 | DEBUG    | androguard.core.axml:__init__:1833 - Config: <ARSCResTableConfig 'da-v29'=(0, 24932, 0, 0, 0, 29, 0, 0, 0)>
2026-01-03 17:15:01.825 | DEBUG    | androguard.core.axml:__init__:1805 - Found a header: <ARSCHeader idx='0x000f2174' type='513' header_size='84' size='3560'>
2026-01-03 17:15:01.825 | DEBUG    | androguard.core.axml:__init__:3125 - Skipping padding bytes!
2026-01-03 17:15:01.825 | DEBUG    | androguard.core.axml:__init__:2973 - Parsed <ARSCResType(start=0xf217c, id=0x14, flags=0x0, entryCount=365, entriesStart=0x608, mResId=0x7f140000, table:string)>
2026-01-03 17:15:01.825 | DEBUG    | androguard.core.axml:__init__:1833 - Config: <ARSCResTableConfig 'fa'=(0, 24934, 0, 0, 0, 0, 0, 0, 0)>
2026-01-03 17:15:01.826 | DEBUG    | androguard.core.axml:__init__:1805 - Found a header: <ARSCHeader idx='0x000f2f5c' type='513' header_size='84' size='1560'>
2026-01-03 17:15:01.826 | DEBUG    | androguard.core.axml:__init__:3125 - Skipping padding bytes!
2026-01-03 17:15:01.826 | DEBUG    | androguard.core.axml:__init__:2973 - Parsed <ARSCResType(start=0xf2f64, id=0x14, flags=0x0, entryCount=365, entriesStart=0x608, mResId=0x7f140000, table:string)>
2026-01-03 17:15:01.826 | DEBUG    | androguard.core.axml:__init__:1833 - Config: <ARSCResTableConfig 'fa-v29'=(0, 24934, 0, 0, 0, 29, 0, 0, 0)>
2026-01-03 17:15:01.826 | DEBUG    | androguard.core.axml:__init__:1805 - Found a header: <ARSCHeader idx='0x000f3574' type='513' header_size='84' size='3560'>
2026-01-03 17:15:01.826 | DEBUG    | androguard.core.axml:__init__:3125 - Skipping padding bytes!
2026-01-03 17:15:01.826 | DEBUG    | androguard.core.axml:__init__:2973 - Parsed <ARSCResType(start=0xf357c, id=0x14, flags=0x0, entryCount=365, entriesStart=0x608, mResId=0x7f140000, table:string)>
2026-01-03 17:15:01.826 | DEBUG    | androguard.core.axml:__init__:1833 - Config: <ARSCResTableConfig 'ja'=(0, 24938, 0, 0, 0, 0, 0, 0, 0)>
2026-01-03 17:15:01.826 | DEBUG    | androguard.core.axml:__init__:1805 - Found a header: <ARSCHeader idx='0x000f435c' type='513' header_size='84' size='1560'>
2026-01-03 17:15:01.826 | DEBUG    | androguard.core.axml:__init__:3125 - Skipping padding bytes!
2026-01-03 17:15:01.826 | DEBUG    | androguard.core.axml:__init__:2973 - Parsed <ARSCResType(start=0xf4364, id=0x14, flags=0x0, entryCount=365, entriesStart=0x608, mResId=0x7f140000, table:string)>
2026-01-03 17:15:01.826 | DEBUG    | androguard.core.axml:__init__:1833 - Config: <ARSCResTableConfig 'ja-v29'=(0, 24938, 0, 0, 0, 29, 0, 0, 0)>
2026-01-03 17:15:01.826 | DEBUG    | androguard.core.axml:__init__:1805 - Found a header: <ARSCHeader idx='0x000f4974' type='513' header_size='84' size='3544'>
2026-01-03 17:15:01.826 | DEBUG    | androguard.core.axml:__init__:3125 - Skipping padding bytes!
2026-01-03 17:15:01.826 | DEBUG    | androguard.core.axml:__init__:2973 - Parsed <ARSCResType(start=0xf497c, id=0x14, flags=0x0, entryCount=365, entriesStart=0x608, mResId=0x7f140000, table:string)>
2026-01-03 17:15:01.826 | DEBUG    | androguard.core.axml:__init__:1833 - Config: <ARSCResTableConfig 'ka'=(0, 24939, 0, 0, 0, 0, 0, 0, 0)>
2026-01-03 17:15:01.827 | DEBUG    | androguard.core.axml:__init__:1805 - Found a header: <ARSCHeader idx='0x000f574c' type='513' header_size='84' size='1560'>
2026-01-03 17:15:01.827 | DEBUG    | androguard.core.axml:__init__:3125 - Skipping padding bytes!
2026-01-03 17:15:01.827 | DEBUG    | androguard.core.axml:__init__:2973 - Parsed <ARSCResType(start=0xf5754, id=0x14, flags=0x0, entryCount=365, entriesStart=0x608, mResId=0x7f140000, table:string)>
2026-01-03 17:15:01.827 | DEBUG    | androguard.core.axml:__init__:1833 - Config: <ARSCResTableConfig 'ka-v29'=(0, 24939, 0, 0, 0, 29, 0, 0, 0)>
2026-01-03 17:15:01.827 | DEBUG    | androguard.core.axml:__init__:1805 - Found a header: <ARSCHeader idx='0x000f5d64' type='513' header_size='84' size='3544'>
2026-01-03 17:15:01.827 | DEBUG    | androguard.core.axml:__init__:3125 - Skipping padding bytes!
2026-01-03 17:15:01.827 | DEBUG    | androguard.core.axml:__init__:2973 - Parsed <ARSCResType(start=0xf5d6c, id=0x14, flags=0x0, entryCount=365, entriesStart=0x608, mResId=0x7f140000, table:string)>
2026-01-03 17:15:01.827 | DEBUG    | androguard.core.axml:__init__:1833 - Config: <ARSCResTableConfig 'pa'=(0, 24944, 0, 0, 0, 0, 0, 0, 0)>
2026-01-03 17:15:01.828 | DEBUG    | androguard.core.axml:__init__:1805 - Found a header: <ARSCHeader idx='0x000f6b3c' type='513' header_size='84' size='1560'>
2026-01-03 17:15:01.828 | DEBUG    | androguard.core.axml:__init__:3125 - Skipping padding bytes!
2026-01-03 17:15:01.828 | DEBUG    | androguard.core.axml:__init__:2973 - Parsed <ARSCResType(start=0xf6b44, id=0x14, flags=0x0, entryCount=365, entriesStart=0x608, mResId=0x7f140000, table:string)>
2026-01-03 17:15:01.828 | DEBUG    | androguard.core.axml:__init__:1833 - Config: <ARSCResTableConfig 'pa-v29'=(0, 24944, 0, 0, 0, 29, 0, 0, 0)>
2026-01-03 17:15:01.828 | DEBUG    | androguard.core.axml:__init__:1805 - Found a header: <ARSCHeader idx='0x000f7154' type='513' header_size='84' size='3560'>
2026-01-03 17:15:01.828 | DEBUG    | androguard.core.axml:__init__:3125 - Skipping padding bytes!
2026-01-03 17:15:01.828 | DEBUG    | androguard.core.axml:__init__:2973 - Parsed <ARSCResType(start=0xf715c, id=0x14, flags=0x0, entryCount=365, entriesStart=0x608, mResId=0x7f140000, table:string)>
2026-01-03 17:15:01.828 | DEBUG    | androguard.core.axml:__init__:1833 - Config: <ARSCResTableConfig 'ta'=(0, 24948, 0, 0, 0, 0, 0, 0, 0)>
2026-01-03 17:15:01.828 | DEBUG    | androguard.core.axml:__init__:1805 - Found a header: <ARSCHeader idx='0x000f7f3c' type='513' header_size='84' size='1560'>
2026-01-03 17:15:01.828 | DEBUG    | androguard.core.axml:__init__:3125 - Skipping padding bytes!
2026-01-03 17:15:01.828 | DEBUG    | androguard.core.axml:__init__:2973 - Parsed <ARSCResType(start=0xf7f44, id=0x14, flags=0x0, entryCount=365, entriesStart=0x608, mResId=0x7f140000, table:string)>
2026-01-03 17:15:01.828 | DEBUG    | androguard.core.axml:__init__:1833 - Config: <ARSCResTableConfig 'ta-v29'=(0, 24948, 0, 0, 0, 29, 0, 0, 0)>
2026-01-03 17:15:01.829 | DEBUG    | androguard.core.axml:__init__:1805 - Found a header: <ARSCHeader idx='0x000f8554' type='513' header_size='84' size='3560'>
2026-01-03 17:15:01.829 | DEBUG    | androguard.core.axml:__init__:3125 - Skipping padding bytes!
2026-01-03 17:15:01.829 | DEBUG    | androguard.core.axml:__init__:2973 - Parsed <ARSCResType(start=0xf855c, id=0x14, flags=0x0, entryCount=365, entriesStart=0x608, mResId=0x7f140000, table:string)>
2026-01-03 17:15:01.829 | DEBUG    | androguard.core.axml:__init__:1833 - Config: <ARSCResTableConfig 'nb'=(0, 25198, 0, 0, 0, 0, 0, 0, 0)>
2026-01-03 17:15:01.829 | DEBUG    | androguard.core.axml:__init__:1805 - Found a header: <ARSCHeader idx='0x000f933c' type='513' header_size='84' size='1560'>
2026-01-03 17:15:01.829 | DEBUG    | androguard.core.axml:__init__:3125 - Skipping padding bytes!
2026-01-03 17:15:01.829 | DEBUG    | androguard.core.axml:__init__:2973 - Parsed <ARSCResType(start=0xf9344, id=0x14, flags=0x0, entryCount=365, entriesStart=0x608, mResId=0x7f140000, table:string)>
2026-01-03 17:15:01.829 | DEBUG    | androguard.core.axml:__init__:1833 - Config: <ARSCResTableConfig 'nb-v29'=(0, 25198, 0, 0, 0, 29, 0, 0, 0)>
2026-01-03 17:15:01.829 | DEBUG    | androguard.core.axml:__init__:1805 - Found a header: <ARSCHeader idx='0x000f9954' type='513' header_size='84' size='2824'>
2026-01-03 17:15:01.829 | DEBUG    | androguard.core.axml:__init__:3125 - Skipping padding bytes!
2026-01-03 17:15:01.829 | DEBUG    | androguard.core.axml:__init__:2973 - Parsed <ARSCResType(start=0xf995c, id=0x14, flags=0x0, entryCount=365, entriesStart=0x608, mResId=0x7f140000, table:string)>
2026-01-03 17:15:01.829 | DEBUG    | androguard.core.axml:__init__:1833 - Config: <ARSCResTableConfig 'id'=(0, 25705, 0, 0, 0, 0, 0, 0, 0)>
2026-01-03 17:15:01.830 | DEBUG    | androguard.core.axml:__init__:1805 - Found a header: <ARSCHeader idx='0x000fa45c' type='513' header_size='84' size='1560'>
2026-01-03 17:15:01.830 | DEBUG    | androguard.core.axml:__init__:3125 - Skipping padding bytes!
2026-01-03 17:15:01.830 | DEBUG    | androguard.core.axml:__init__:2973 - Parsed <ARSCResType(start=0xfa464, id=0x14, flags=0x0, entryCount=365, entriesStart=0x608, mResId=0x7f140000, table:string)>
2026-01-03 17:15:01.830 | DEBUG    | androguard.core.axml:__init__:1833 - Config: <ARSCResTableConfig 'id-v29'=(0, 25705, 0, 0, 0, 29, 0, 0, 0)>
2026-01-03 17:15:01.830 | DEBUG    | androguard.core.axml:__init__:1805 - Found a header: <ARSCHeader idx='0x000faa74' type='513' header_size='84' size='3544'>
2026-01-03 17:15:01.830 | DEBUG    | androguard.core.axml:__init__:3125 - Skipping padding bytes!
2026-01-03 17:15:01.830 | DEBUG    | androguard.core.axml:__init__:2973 - Parsed <ARSCResType(start=0xfaa7c, id=0x14, flags=0x0, entryCount=365, entriesStart=0x608, mResId=0x7f140000, table:string)>
2026-01-03 17:15:01.830 | DEBUG    | androguard.core.axml:__init__:1833 - Config: <ARSCResTableConfig 'be'=(0, 25954, 0, 0, 0, 0, 0, 0, 0)>
2026-01-03 17:15:01.830 | DEBUG    | androguard.core.axml:__init__:1805 - Found a header: <ARSCHeader idx='0x000fb84c' type='513' header_size='84' size='1560'>
2026-01-03 17:15:01.830 | DEBUG    | androguard.core.axml:__init__:3125 - Skipping padding bytes!
2026-01-03 17:15:01.830 | DEBUG    | androguard.core.axml:__init__:2973 - Parsed <ARSCResType(start=0xfb854, id=0x14, flags=0x0, entryCount=365, entriesStart=0x608, mResId=0x7f140000, table:string)>
2026-01-03 17:15:01.830 | DEBUG    | androguard.core.axml:__init__:1833 - Config: <ARSCResTableConfig 'be-v29'=(0, 25954, 0, 0, 0, 29, 0, 0, 0)>
2026-01-03 17:15:01.830 | DEBUG    | androguard.core.axml:__init__:1805 - Found a header: <ARSCHeader idx='0x000fbe64' type='513' header_size='84' size='3560'>
2026-01-03 17:15:01.830 | DEBUG    | androguard.core.axml:__init__:3125 - Skipping padding bytes!
2026-01-03 17:15:01.830 | DEBUG    | androguard.core.axml:__init__:2973 - Parsed <ARSCResType(start=0xfbe6c, id=0x14, flags=0x0, entryCount=365, entriesStart=0x608, mResId=0x7f140000, table:string)>
2026-01-03 17:15:01.830 | DEBUG    | androguard.core.axml:__init__:1833 - Config: <ARSCResTableConfig 'de'=(0, 25956, 0, 0, 0, 0, 0, 0, 0)>
2026-01-03 17:15:01.831 | DEBUG    | androguard.core.axml:__init__:1805 - Found a header: <ARSCHeader idx='0x000fcc4c' type='513' header_size='84' size='1560'>
2026-01-03 17:15:01.831 | DEBUG    | androguard.core.axml:__init__:3125 - Skipping padding bytes!
2026-01-03 17:15:01.831 | DEBUG    | androguard.core.axml:__init__:2973 - Parsed <ARSCResType(start=0xfcc54, id=0x14, flags=0x0, entryCount=365, entriesStart=0x608, mResId=0x7f140000, table:string)>
2026-01-03 17:15:01.831 | DEBUG    | androguard.core.axml:__init__:1833 - Config: <ARSCResTableConfig 'de-v29'=(0, 25956, 0, 0, 0, 29, 0, 0, 0)>
2026-01-03 17:15:01.831 | DEBUG    | androguard.core.axml:__init__:1805 - Found a header: <ARSCHeader idx='0x000fd264' type='513' header_size='84' size='3544'>
2026-01-03 17:15:01.831 | DEBUG    | androguard.core.axml:__init__:3125 - Skipping padding bytes!
2026-01-03 17:15:01.831 | DEBUG    | androguard.core.axml:__init__:2973 - Parsed <ARSCResType(start=0xfd26c, id=0x14, flags=0x0, entryCount=365, entriesStart=0x608, mResId=0x7f140000, table:string)>
2026-01-03 17:15:01.831 | DEBUG    | androguard.core.axml:__init__:1833 - Config: <ARSCResTableConfig 'ne'=(0, 25966, 0, 0, 0, 0, 0, 0, 0)>
2026-01-03 17:15:01.831 | DEBUG    | androguard.core.axml:__init__:1805 - Found a header: <ARSCHeader idx='0x000fe03c' type='513' header_size='84' size='1560'>
2026-01-03 17:15:01.831 | DEBUG    | androguard.core.axml:__init__:3125 - Skipping padding bytes!
2026-01-03 17:15:01.831 | DEBUG    | androguard.core.axml:__init__:2973 - Parsed <ARSCResType(start=0xfe044, id=0x14, flags=0x0, entryCount=365, entriesStart=0x608, mResId=0x7f140000, table:string)>
2026-01-03 17:15:01.832 | DEBUG    | androguard.core.axml:__init__:1833 - Config: <ARSCResTableConfig 'ne-v29'=(0, 25966, 0, 0, 0, 29, 0, 0, 0)>
2026-01-03 17:15:01.832 | DEBUG    | androguard.core.axml:__init__:1805 - Found a header: <ARSCHeader idx='0x000fe654' type='513' header_size='84' size='3560'>
2026-01-03 17:15:01.832 | DEBUG    | androguard.core.axml:__init__:3125 - Skipping padding bytes!
2026-01-03 17:15:01.832 | DEBUG    | androguard.core.axml:__init__:2973 - Parsed <ARSCResType(start=0xfe65c, id=0x14, flags=0x0, entryCount=365, entriesStart=0x608, mResId=0x7f140000, table:string)>
2026-01-03 17:15:01.832 | DEBUG    | androguard.core.axml:__init__:1833 - Config: <ARSCResTableConfig 'te'=(0, 25972, 0, 0, 0, 0, 0, 0, 0)>
2026-01-03 17:15:01.832 | DEBUG    | androguard.core.axml:__init__:1805 - Found a header: <ARSCHeader idx='0x000ff43c' type='513' header_size='84' size='1560'>
2026-01-03 17:15:01.832 | DEBUG    | androguard.core.axml:__init__:3125 - Skipping padding bytes!
2026-01-03 17:15:01.832 | DEBUG    | androguard.core.axml:__init__:2973 - Parsed <ARSCResType(start=0xff444, id=0x14, flags=0x0, entryCount=365, entriesStart=0x608, mResId=0x7f140000, table:string)>
2026-01-03 17:15:01.832 | DEBUG    | androguard.core.axml:__init__:1833 - Config: <ARSCResTableConfig 'te-v29'=(0, 25972, 0, 0, 0, 29, 0, 0, 0)>
2026-01-03 17:15:01.832 | DEBUG    | androguard.core.axml:__init__:1805 - Found a header: <ARSCHeader idx='0x000ffa54' type='513' header_size='84' size='3560'>
2026-01-03 17:15:01.832 | DEBUG    | androguard.core.axml:__init__:3125 - Skipping padding bytes!
2026-01-03 17:15:01.832 | DEBUG    | androguard.core.axml:__init__:2973 - Parsed <ARSCResType(start=0xffa5c, id=0x14, flags=0x0, entryCount=365, entriesStart=0x608, mResId=0x7f140000, table:string)>
2026-01-03 17:15:01.832 | DEBUG    | androguard.core.axml:__init__:1833 - Config: <ARSCResTableConfig 'af'=(0, 26209, 0, 0, 0, 0, 0, 0, 0)>
2026-01-03 17:15:01.833 | DEBUG    | androguard.core.axml:__init__:1805 - Found a header: <ARSCHeader idx='0x0010083c' type='513' header_size='84' size='1560'>
2026-01-03 17:15:01.833 | DEBUG    | androguard.core.axml:__init__:3125 - Skipping padding bytes!
2026-01-03 17:15:01.833 | DEBUG    | androguard.core.axml:__init__:2973 - Parsed <ARSCResType(start=0x100844, id=0x14, flags=0x0, entryCount=365, entriesStart=0x608, mResId=0x7f140000, table:string)>
2026-01-03 17:15:01.833 | DEBUG    | androguard.core.axml:__init__:1833 - Config: <ARSCResTableConfig 'af-v29'=(0, 26209, 0, 0, 0, 29, 0, 0, 0)>
2026-01-03 17:15:01.833 | DEBUG    | androguard.core.axml:__init__:1805 - Found a header: <ARSCHeader idx='0x00100e54' type='513' header_size='84' size='3560'>
2026-01-03 17:15:01.833 | DEBUG    | androguard.core.axml:__init__:3125 - Skipping padding bytes!
2026-01-03 17:15:01.833 | DEBUG    | androguard.core.axml:__init__:2973 - Parsed <ARSCResType(start=0x100e5c, id=0x14, flags=0x0, entryCount=365, entriesStart=0x608, mResId=0x7f140000, table:string)>
2026-01-03 17:15:01.833 | DEBUG    | androguard.core.axml:__init__:1833 - Config: <ARSCResTableConfig 'bg'=(0, 26466, 0, 0, 0, 0, 0, 0, 0)>
2026-01-03 17:15:01.833 | DEBUG    | androguard.core.axml:__init__:1805 - Found a header: <ARSCHeader idx='0x00101c3c' type='513' header_size='84' size='1560'>
2026-01-03 17:15:01.833 | DEBUG    | androguard.core.axml:__init__:3125 - Skipping padding bytes!
2026-01-03 17:15:01.833 | DEBUG    | androguard.core.axml:__init__:2973 - Parsed <ARSCResType(start=0x101c44, id=0x14, flags=0x0, entryCount=365, entriesStart=0x608, mResId=0x7f140000, table:string)>
2026-01-03 17:15:01.833 | DEBUG    | androguard.core.axml:__init__:1833 - Config: <ARSCResTableConfig 'bg-v29'=(0, 26466, 0, 0, 0, 29, 0, 0, 0)>
2026-01-03 17:15:01.834 | DEBUG    | androguard.core.axml:__init__:1805 - Found a header: <ARSCHeader idx='0x00102254' type='513' header_size='84' size='3560'>
2026-01-03 17:15:01.834 | DEBUG    | androguard.core.axml:__init__:3125 - Skipping padding bytes!
2026-01-03 17:15:01.834 | DEBUG    | androguard.core.axml:__init__:2973 - Parsed <ARSCResType(start=0x10225c, id=0x14, flags=0x0, entryCount=365, entriesStart=0x608, mResId=0x7f140000, table:string)>
2026-01-03 17:15:01.834 | DEBUG    | androguard.core.axml:__init__:1833 - Config: <ARSCResTableConfig 'th'=(0, 26740, 0, 0, 0, 0, 0, 0, 0)>
2026-01-03 17:15:01.834 | DEBUG    | androguard.core.axml:__init__:1805 - Found a header: <ARSCHeader idx='0x0010303c' type='513' header_size='84' size='1560'>
2026-01-03 17:15:01.834 | DEBUG    | androguard.core.axml:__init__:3125 - Skipping padding bytes!
2026-01-03 17:15:01.834 | DEBUG    | androguard.core.axml:__init__:2973 - Parsed <ARSCResType(start=0x103044, id=0x14, flags=0x0, entryCount=365, entriesStart=0x608, mResId=0x7f140000, table:string)>
2026-01-03 17:15:01.834 | DEBUG    | androguard.core.axml:__init__:1833 - Config: <ARSCResTableConfig 'th-v29'=(0, 26740, 0, 0, 0, 29, 0, 0, 0)>
2026-01-03 17:15:01.834 | DEBUG    | androguard.core.axml:__init__:1805 - Found a header: <ARSCHeader idx='0x00103654' type='513' header_size='84' size='2808'>
2026-01-03 17:15:01.834 | DEBUG    | androguard.core.axml:__init__:3125 - Skipping padding bytes!
2026-01-03 17:15:01.834 | DEBUG    | androguard.core.axml:__init__:2973 - Parsed <ARSCResType(start=0x10365c, id=0x14, flags=0x0, entryCount=365, entriesStart=0x608, mResId=0x7f140000, table:string)>
2026-01-03 17:15:01.834 | DEBUG    | androguard.core.axml:__init__:1833 - Config: <ARSCResTableConfig 'zh'=(0, 26746, 0, 0, 0, 0, 0, 0, 0)>
2026-01-03 17:15:01.835 | DEBUG    | androguard.core.axml:__init__:1805 - Found a header: <ARSCHeader idx='0x0010414c' type='513' header_size='84' size='1560'>
2026-01-03 17:15:01.835 | DEBUG    | androguard.core.axml:__init__:3125 - Skipping padding bytes!
2026-01-03 17:15:01.835 | DEBUG    | androguard.core.axml:__init__:2973 - Parsed <ARSCResType(start=0x104154, id=0x14, flags=0x0, entryCount=365, entriesStart=0x608, mResId=0x7f140000, table:string)>
2026-01-03 17:15:01.835 | DEBUG    | androguard.core.axml:__init__:1833 - Config: <ARSCResTableConfig 'zh-v29'=(0, 26746, 0, 0, 0, 29, 0, 0, 0)>
2026-01-03 17:15:01.835 | DEBUG    | androguard.core.axml:__init__:1805 - Found a header: <ARSCHeader idx='0x00104764' type='513' header_size='84' size='3560'>
2026-01-03 17:15:01.835 | DEBUG    | androguard.core.axml:__init__:3125 - Skipping padding bytes!
2026-01-03 17:15:01.835 | DEBUG    | androguard.core.axml:__init__:2973 - Parsed <ARSCResType(start=0x10476c, id=0x14, flags=0x0, entryCount=365, entriesStart=0x608, mResId=0x7f140000, table:string)>
2026-01-03 17:15:01.835 | DEBUG    | androguard.core.axml:__init__:1833 - Config: <ARSCResTableConfig 'fi'=(0, 26982, 0, 0, 0, 0, 0, 0, 0)>
2026-01-03 17:15:01.835 | DEBUG    | androguard.core.axml:__init__:1805 - Found a header: <ARSCHeader idx='0x0010554c' type='513' header_size='84' size='1560'>
2026-01-03 17:15:01.835 | DEBUG    | androguard.core.axml:__init__:3125 - Skipping padding bytes!
2026-01-03 17:15:01.835 | DEBUG    | androguard.core.axml:__init__:2973 - Parsed <ARSCResType(start=0x105554, id=0x14, flags=0x0, entryCount=365, entriesStart=0x608, mResId=0x7f140000, table:string)>
2026-01-03 17:15:01.835 | DEBUG    | androguard.core.axml:__init__:1833 - Config: <ARSCResTableConfig 'fi-v29'=(0, 26982, 0, 0, 0, 29, 0, 0, 0)>
2026-01-03 17:15:01.835 | DEBUG    | androguard.core.axml:__init__:1805 - Found a header: <ARSCHeader idx='0x00105b64' type='513' header_size='84' size='3560'>
2026-01-03 17:15:01.835 | DEBUG    | androguard.core.axml:__init__:3125 - Skipping padding bytes!
2026-01-03 17:15:01.835 | DEBUG    | androguard.core.axml:__init__:2973 - Parsed <ARSCResType(start=0x105b6c, id=0x14, flags=0x0, entryCount=365, entriesStart=0x608, mResId=0x7f140000, table:string)>
2026-01-03 17:15:01.835 | DEBUG    | androguard.core.axml:__init__:1833 - Config: <ARSCResTableConfig 'hi'=(0, 26984, 0, 0, 0, 0, 0, 0, 0)>
2026-01-03 17:15:01.836 | DEBUG    | androguard.core.axml:__init__:1805 - Found a header: <ARSCHeader idx='0x0010694c' type='513' header_size='84' size='1560'>
2026-01-03 17:15:01.836 | DEBUG    | androguard.core.axml:__init__:3125 - Skipping padding bytes!
2026-01-03 17:15:01.836 | DEBUG    | androguard.core.axml:__init__:2973 - Parsed <ARSCResType(start=0x106954, id=0x14, flags=0x0, entryCount=365, entriesStart=0x608, mResId=0x7f140000, table:string)>
2026-01-03 17:15:01.836 | DEBUG    | androguard.core.axml:__init__:1833 - Config: <ARSCResTableConfig 'hi-v29'=(0, 26984, 0, 0, 0, 29, 0, 0, 0)>
2026-01-03 17:15:01.836 | DEBUG    | androguard.core.axml:__init__:1805 - Found a header: <ARSCHeader idx='0x00106f64' type='513' header_size='84' size='3544'>
2026-01-03 17:15:01.836 | DEBUG    | androguard.core.axml:__init__:3125 - Skipping padding bytes!
2026-01-03 17:15:01.836 | DEBUG    | androguard.core.axml:__init__:2973 - Parsed <ARSCResType(start=0x106f6c, id=0x14, flags=0x0, entryCount=365, entriesStart=0x608, mResId=0x7f140000, table:string)>
2026-01-03 17:15:01.836 | DEBUG    | androguard.core.axml:__init__:1833 - Config: <ARSCResTableConfig 'si'=(0, 26995, 0, 0, 0, 0, 0, 0, 0)>
2026-01-03 17:15:01.837 | DEBUG    | androguard.core.axml:__init__:1805 - Found a header: <ARSCHeader idx='0x00107d3c' type='513' header_size='84' size='1560'>
2026-01-03 17:15:01.837 | DEBUG    | androguard.core.axml:__init__:3125 - Skipping padding bytes!
2026-01-03 17:15:01.837 | DEBUG    | androguard.core.axml:__init__:2973 - Parsed <ARSCResType(start=0x107d44, id=0x14, flags=0x0, entryCount=365, entriesStart=0x608, mResId=0x7f140000, table:string)>
2026-01-03 17:15:01.837 | DEBUG    | androguard.core.axml:__init__:1833 - Config: <ARSCResTableConfig 'si-v29'=(0, 26995, 0, 0, 0, 29, 0, 0, 0)>
2026-01-03 17:15:01.837 | DEBUG    | androguard.core.axml:__init__:1805 - Found a header: <ARSCHeader idx='0x00108354' type='513' header_size='84' size='3560'>
2026-01-03 17:15:01.837 | DEBUG    | androguard.core.axml:__init__:3125 - Skipping padding bytes!
2026-01-03 17:15:01.837 | DEBUG    | androguard.core.axml:__init__:2973 - Parsed <ARSCResType(start=0x10835c, id=0x14, flags=0x0, entryCount=365, entriesStart=0x608, mResId=0x7f140000, table:string)>
2026-01-03 17:15:01.837 | DEBUG    | androguard.core.axml:__init__:1833 - Config: <ARSCResTableConfig 'vi'=(0, 26998, 0, 0, 0, 0, 0, 0, 0)>
2026-01-03 17:15:01.837 | DEBUG    | androguard.core.axml:__init__:1805 - Found a header: <ARSCHeader idx='0x0010913c' type='513' header_size='84' size='1560'>
2026-01-03 17:15:01.837 | DEBUG    | androguard.core.axml:__init__:3125 - Skipping padding bytes!
2026-01-03 17:15:01.837 | DEBUG    | androguard.core.axml:__init__:2973 - Parsed <ARSCResType(start=0x109144, id=0x14, flags=0x0, entryCount=365, entriesStart=0x608, mResId=0x7f140000, table:string)>
2026-01-03 17:15:01.837 | DEBUG    | androguard.core.axml:__init__:1833 - Config: <ARSCResTableConfig 'vi-v29'=(0, 26998, 0, 0, 0, 29, 0, 0, 0)>
2026-01-03 17:15:01.837 | DEBUG    | androguard.core.axml:__init__:1805 - Found a header: <ARSCHeader idx='0x00109754' type='513' header_size='84' size='3544'>
2026-01-03 17:15:01.838 | DEBUG    | androguard.core.axml:__init__:3125 - Skipping padding bytes!
2026-01-03 17:15:01.838 | DEBUG    | androguard.core.axml:__init__:2973 - Parsed <ARSCResType(start=0x10975c, id=0x14, flags=0x0, entryCount=365, entriesStart=0x608, mResId=0x7f140000, table:string)>
2026-01-03 17:15:01.838 | DEBUG    | androguard.core.axml:__init__:1833 - Config: <ARSCResTableConfig 'kk'=(0, 27499, 0, 0, 0, 0, 0, 0, 0)>
2026-01-03 17:15:01.838 | DEBUG    | androguard.core.axml:__init__:1805 - Found a header: <ARSCHeader idx='0x0010a52c' type='513' header_size='84' size='1560'>
2026-01-03 17:15:01.838 | DEBUG    | androguard.core.axml:__init__:3125 - Skipping padding bytes!
2026-01-03 17:15:01.838 | DEBUG    | androguard.core.axml:__init__:2973 - Parsed <ARSCResType(start=0x10a534, id=0x14, flags=0x0, entryCount=365, entriesStart=0x608, mResId=0x7f140000, table:string)>
2026-01-03 17:15:01.838 | DEBUG    | androguard.core.axml:__init__:1833 - Config: <ARSCResTableConfig 'kk-v29'=(0, 27499, 0, 0, 0, 29, 0, 0, 0)>
2026-01-03 17:15:01.838 | DEBUG    | androguard.core.axml:__init__:1805 - Found a header: <ARSCHeader idx='0x0010ab44' type='513' header_size='84' size='3544'>
2026-01-03 17:15:01.838 | DEBUG    | androguard.core.axml:__init__:3125 - Skipping padding bytes!
2026-01-03 17:15:01.838 | DEBUG    | androguard.core.axml:__init__:2973 - Parsed <ARSCResType(start=0x10ab4c, id=0x14, flags=0x0, entryCount=365, entriesStart=0x608, mResId=0x7f140000, table:string)>
2026-01-03 17:15:01.838 | DEBUG    | androguard.core.axml:__init__:1833 - Config: <ARSCResTableConfig 'mk'=(0, 27501, 0, 0, 0, 0, 0, 0, 0)>
2026-01-03 17:15:01.839 | DEBUG    | androguard.core.axml:__init__:1805 - Found a header: <ARSCHeader idx='0x0010b91c' type='513' header_size='84' size='1560'>
2026-01-03 17:15:01.839 | DEBUG    | androguard.core.axml:__init__:3125 - Skipping padding bytes!
2026-01-03 17:15:01.839 | DEBUG    | androguard.core.axml:__init__:2973 - Parsed <ARSCResType(start=0x10b924, id=0x14, flags=0x0, entryCount=365, entriesStart=0x608, mResId=0x7f140000, table:string)>
2026-01-03 17:15:01.839 | DEBUG    | androguard.core.axml:__init__:1833 - Config: <ARSCResTableConfig 'mk-v29'=(0, 27501, 0, 0, 0, 29, 0, 0, 0)>
2026-01-03 17:15:01.839 | DEBUG    | androguard.core.axml:__init__:1805 - Found a header: <ARSCHeader idx='0x0010bf34' type='513' header_size='84' size='3560'>
2026-01-03 17:15:01.839 | DEBUG    | androguard.core.axml:__init__:3125 - Skipping padding bytes!
2026-01-03 17:15:01.839 | DEBUG    | androguard.core.axml:__init__:2973 - Parsed <ARSCResType(start=0x10bf3c, id=0x14, flags=0x0, entryCount=365, entriesStart=0x608, mResId=0x7f140000, table:string)>
2026-01-03 17:15:01.839 | DEBUG    | androguard.core.axml:__init__:1833 - Config: <ARSCResTableConfig 'sk'=(0, 27507, 0, 0, 0, 0, 0, 0, 0)>
2026-01-03 17:15:01.839 | DEBUG    | androguard.core.axml:__init__:1805 - Found a header: <ARSCHeader idx='0x0010cd1c' type='513' header_size='84' size='1560'>
2026-01-03 17:15:01.839 | DEBUG    | androguard.core.axml:__init__:3125 - Skipping padding bytes!
2026-01-03 17:15:01.839 | DEBUG    | androguard.core.axml:__init__:2973 - Parsed <ARSCResType(start=0x10cd24, id=0x14, flags=0x0, entryCount=365, entriesStart=0x608, mResId=0x7f140000, table:string)>
2026-01-03 17:15:01.839 | DEBUG    | androguard.core.axml:__init__:1833 - Config: <ARSCResTableConfig 'sk-v29'=(0, 27507, 0, 0, 0, 29, 0, 0, 0)>
2026-01-03 17:15:01.839 | DEBUG    | androguard.core.axml:__init__:1805 - Found a header: <ARSCHeader idx='0x0010d334' type='513' header_size='84' size='3560'>
2026-01-03 17:15:01.839 | DEBUG    | androguard.core.axml:__init__:3125 - Skipping padding bytes!
2026-01-03 17:15:01.839 | DEBUG    | androguard.core.axml:__init__:2973 - Parsed <ARSCResType(start=0x10d33c, id=0x14, flags=0x0, entryCount=365, entriesStart=0x608, mResId=0x7f140000, table:string)>
2026-01-03 17:15:01.839 | DEBUG    | androguard.core.axml:__init__:1833 - Config: <ARSCResTableConfig 'uk'=(0, 27509, 0, 0, 0, 0, 0, 0, 0)>
2026-01-03 17:15:01.840 | DEBUG    | androguard.core.axml:__init__:1805 - Found a header: <ARSCHeader idx='0x0010e11c' type='513' header_size='84' size='1560'>
2026-01-03 17:15:01.840 | DEBUG    | androguard.core.axml:__init__:3125 - Skipping padding bytes!
2026-01-03 17:15:01.840 | DEBUG    | androguard.core.axml:__init__:2973 - Parsed <ARSCResType(start=0x10e124, id=0x14, flags=0x0, entryCount=365, entriesStart=0x608, mResId=0x7f140000, table:string)>
2026-01-03 17:15:01.840 | DEBUG    | androguard.core.axml:__init__:1833 - Config: <ARSCResTableConfig 'uk-v29'=(0, 27509, 0, 0, 0, 29, 0, 0, 0)>
2026-01-03 17:15:01.840 | DEBUG    | androguard.core.axml:__init__:1805 - Found a header: <ARSCHeader idx='0x0010e734' type='513' header_size='84' size='3560'>
2026-01-03 17:15:01.840 | DEBUG    | androguard.core.axml:__init__:3125 - Skipping padding bytes!
2026-01-03 17:15:01.840 | DEBUG    | androguard.core.axml:__init__:2973 - Parsed <ARSCResType(start=0x10e73c, id=0x14, flags=0x0, entryCount=365, entriesStart=0x608, mResId=0x7f140000, table:string)>
2026-01-03 17:15:01.840 | DEBUG    | androguard.core.axml:__init__:1833 - Config: <ARSCResTableConfig 'el'=(0, 27749, 0, 0, 0, 0, 0, 0, 0)>
2026-01-03 17:15:01.841 | DEBUG    | androguard.core.axml:__init__:1805 - Found a header: <ARSCHeader idx='0x0010f51c' type='513' header_size='84' size='1560'>
2026-01-03 17:15:01.841 | DEBUG    | androguard.core.axml:__init__:3125 - Skipping padding bytes!
2026-01-03 17:15:01.841 | DEBUG    | androguard.core.axml:__init__:2973 - Parsed <ARSCResType(start=0x10f524, id=0x14, flags=0x0, entryCount=365, entriesStart=0x608, mResId=0x7f140000, table:string)>
2026-01-03 17:15:01.841 | DEBUG    | androguard.core.axml:__init__:1833 - Config: <ARSCResTableConfig 'el-v29'=(0, 27749, 0, 0, 0, 29, 0, 0, 0)>
2026-01-03 17:15:01.841 | DEBUG    | androguard.core.axml:__init__:1805 - Found a header: <ARSCHeader idx='0x0010fb34' type='513' header_size='84' size='3544'>
2026-01-03 17:15:01.841 | DEBUG    | androguard.core.axml:__init__:3125 - Skipping padding bytes!
2026-01-03 17:15:01.841 | DEBUG    | androguard.core.axml:__init__:2973 - Parsed <ARSCResType(start=0x10fb3c, id=0x14, flags=0x0, entryCount=365, entriesStart=0x608, mResId=0x7f140000, table:string)>
2026-01-03 17:15:01.841 | DEBUG    | androguard.core.axml:__init__:1833 - Config: <ARSCResTableConfig 'gl'=(0, 27751, 0, 0, 0, 0, 0, 0, 0)>
2026-01-03 17:15:01.841 | DEBUG    | androguard.core.axml:__init__:1805 - Found a header: <ARSCHeader idx='0x0011090c' type='513' header_size='84' size='1560'>
2026-01-03 17:15:01.841 | DEBUG    | androguard.core.axml:__init__:3125 - Skipping padding bytes!
2026-01-03 17:15:01.841 | DEBUG    | androguard.core.axml:__init__:2973 - Parsed <ARSCResType(start=0x110914, id=0x14, flags=0x0, entryCount=365, entriesStart=0x608, mResId=0x7f140000, table:string)>
2026-01-03 17:15:01.841 | DEBUG    | androguard.core.axml:__init__:1833 - Config: <ARSCResTableConfig 'gl-v29'=(0, 27751, 0, 0, 0, 29, 0, 0, 0)>
2026-01-03 17:15:01.841 | DEBUG    | androguard.core.axml:__init__:1805 - Found a header: <ARSCHeader idx='0x00110f24' type='513' header_size='84' size='3560'>
2026-01-03 17:15:01.841 | DEBUG    | androguard.core.axml:__init__:3125 - Skipping padding bytes!
2026-01-03 17:15:01.841 | DEBUG    | androguard.core.axml:__init__:2973 - Parsed <ARSCResType(start=0x110f2c, id=0x14, flags=0x0, entryCount=365, entriesStart=0x608, mResId=0x7f140000, table:string)>
2026-01-03 17:15:01.841 | DEBUG    | androguard.core.axml:__init__:1833 - Config: <ARSCResTableConfig 'ml'=(0, 27757, 0, 0, 0, 0, 0, 0, 0)>
2026-01-03 17:15:01.842 | DEBUG    | androguard.core.axml:__init__:1805 - Found a header: <ARSCHeader idx='0x00111d0c' type='513' header_size='84' size='1560'>
2026-01-03 17:15:01.842 | DEBUG    | androguard.core.axml:__init__:3125 - Skipping padding bytes!
2026-01-03 17:15:01.842 | DEBUG    | androguard.core.axml:__init__:2973 - Parsed <ARSCResType(start=0x111d14, id=0x14, flags=0x0, entryCount=365, entriesStart=0x608, mResId=0x7f140000, table:string)>
2026-01-03 17:15:01.842 | DEBUG    | androguard.core.axml:__init__:1833 - Config: <ARSCResTableConfig 'ml-v29'=(0, 27757, 0, 0, 0, 29, 0, 0, 0)>
2026-01-03 17:15:01.842 | DEBUG    | androguard.core.axml:__init__:1805 - Found a header: <ARSCHeader idx='0x00112324' type='513' header_size='84' size='3560'>
2026-01-03 17:15:01.842 | DEBUG    | androguard.core.axml:__init__:3125 - Skipping padding bytes!
2026-01-03 17:15:01.842 | DEBUG    | androguard.core.axml:__init__:2973 - Parsed <ARSCResType(start=0x11232c, id=0x14, flags=0x0, entryCount=365, entriesStart=0x608, mResId=0x7f140000, table:string)>
2026-01-03 17:15:01.842 | DEBUG    | androguard.core.axml:__init__:1833 - Config: <ARSCResTableConfig 'nl'=(0, 27758, 0, 0, 0, 0, 0, 0, 0)>
2026-01-03 17:15:01.843 | DEBUG    | androguard.core.axml:__init__:1805 - Found a header: <ARSCHeader idx='0x0011310c' type='513' header_size='84' size='1560'>
2026-01-03 17:15:01.843 | DEBUG    | androguard.core.axml:__init__:3125 - Skipping padding bytes!
2026-01-03 17:15:01.843 | DEBUG    | androguard.core.axml:__init__:2973 - Parsed <ARSCResType(start=0x113114, id=0x14, flags=0x0, entryCount=365, entriesStart=0x608, mResId=0x7f140000, table:string)>
2026-01-03 17:15:01.843 | DEBUG    | androguard.core.axml:__init__:1833 - Config: <ARSCResTableConfig 'nl-v29'=(0, 27758, 0, 0, 0, 29, 0, 0, 0)>
2026-01-03 17:15:01.843 | DEBUG    | androguard.core.axml:__init__:1805 - Found a header: <ARSCHeader idx='0x00113724' type='513' header_size='84' size='3560'>
2026-01-03 17:15:01.843 | DEBUG    | androguard.core.axml:__init__:3125 - Skipping padding bytes!
2026-01-03 17:15:01.843 | DEBUG    | androguard.core.axml:__init__:2973 - Parsed <ARSCResType(start=0x11372c, id=0x14, flags=0x0, entryCount=365, entriesStart=0x608, mResId=0x7f140000, table:string)>
2026-01-03 17:15:01.843 | DEBUG    | androguard.core.axml:__init__:1833 - Config: <ARSCResTableConfig 'pl'=(0, 27760, 0, 0, 0, 0, 0, 0, 0)>
2026-01-03 17:15:01.843 | DEBUG    | androguard.core.axml:__init__:1805 - Found a header: <ARSCHeader idx='0x0011450c' type='513' header_size='84' size='1560'>
2026-01-03 17:15:01.843 | DEBUG    | androguard.core.axml:__init__:3125 - Skipping padding bytes!
2026-01-03 17:15:01.843 | DEBUG    | androguard.core.axml:__init__:2973 - Parsed <ARSCResType(start=0x114514, id=0x14, flags=0x0, entryCount=365, entriesStart=0x608, mResId=0x7f140000, table:string)>
2026-01-03 17:15:01.843 | DEBUG    | androguard.core.axml:__init__:1833 - Config: <ARSCResTableConfig 'pl-v29'=(0, 27760, 0, 0, 0, 29, 0, 0, 0)>
2026-01-03 17:15:01.843 | DEBUG    | androguard.core.axml:__init__:1805 - Found a header: <ARSCHeader idx='0x00114b24' type='513' header_size='84' size='3560'>
2026-01-03 17:15:01.843 | DEBUG    | androguard.core.axml:__init__:3125 - Skipping padding bytes!
2026-01-03 17:15:01.843 | DEBUG    | androguard.core.axml:__init__:2973 - Parsed <ARSCResType(start=0x114b2c, id=0x14, flags=0x0, entryCount=365, entriesStart=0x608, mResId=0x7f140000, table:string)>
2026-01-03 17:15:01.843 | DEBUG    | androguard.core.axml:__init__:1833 - Config: <ARSCResTableConfig 'sl'=(0, 27763, 0, 0, 0, 0, 0, 0, 0)>
2026-01-03 17:15:01.844 | DEBUG    | androguard.core.axml:__init__:1805 - Found a header: <ARSCHeader idx='0x0011590c' type='513' header_size='84' size='1560'>
2026-01-03 17:15:01.844 | DEBUG    | androguard.core.axml:__init__:3125 - Skipping padding bytes!
2026-01-03 17:15:01.844 | DEBUG    | androguard.core.axml:__init__:2973 - Parsed <ARSCResType(start=0x115914, id=0x14, flags=0x0, entryCount=365, entriesStart=0x608, mResId=0x7f140000, table:string)>
2026-01-03 17:15:01.844 | DEBUG    | androguard.core.axml:__init__:1833 - Config: <ARSCResTableConfig 'sl-v29'=(0, 27763, 0, 0, 0, 29, 0, 0, 0)>
2026-01-03 17:15:01.844 | DEBUG    | androguard.core.axml:__init__:1805 - Found a header: <ARSCHeader idx='0x00115f24' type='513' header_size='84' size='3560'>
2026-01-03 17:15:01.844 | DEBUG    | androguard.core.axml:__init__:3125 - Skipping padding bytes!
2026-01-03 17:15:01.844 | DEBUG    | androguard.core.axml:__init__:2973 - Parsed <ARSCResType(start=0x115f2c, id=0x14, flags=0x0, entryCount=365, entriesStart=0x608, mResId=0x7f140000, table:string)>
2026-01-03 17:15:01.844 | DEBUG    | androguard.core.axml:__init__:1833 - Config: <ARSCResTableConfig 'tl'=(0, 27764, 0, 0, 0, 0, 0, 0, 0)>
2026-01-03 17:15:01.845 | DEBUG    | androguard.core.axml:__init__:1805 - Found a header: <ARSCHeader idx='0x00116d0c' type='513' header_size='84' size='1560'>
2026-01-03 17:15:01.845 | DEBUG    | androguard.core.axml:__init__:3125 - Skipping padding bytes!
2026-01-03 17:15:01.845 | DEBUG    | androguard.core.axml:__init__:2973 - Parsed <ARSCResType(start=0x116d14, id=0x14, flags=0x0, entryCount=365, entriesStart=0x608, mResId=0x7f140000, table:string)>
2026-01-03 17:15:01.845 | DEBUG    | androguard.core.axml:__init__:1833 - Config: <ARSCResTableConfig 'tl-v29'=(0, 27764, 0, 0, 0, 29, 0, 0, 0)>
2026-01-03 17:15:01.845 | DEBUG    | androguard.core.axml:__init__:1805 - Found a header: <ARSCHeader idx='0x00117324' type='513' header_size='84' size='3560'>
2026-01-03 17:15:01.845 | DEBUG    | androguard.core.axml:__init__:3125 - Skipping padding bytes!
2026-01-03 17:15:01.845 | DEBUG    | androguard.core.axml:__init__:2973 - Parsed <ARSCResType(start=0x11732c, id=0x14, flags=0x0, entryCount=365, entriesStart=0x608, mResId=0x7f140000, table:string)>
2026-01-03 17:15:01.845 | DEBUG    | androguard.core.axml:__init__:1833 - Config: <ARSCResTableConfig 'am'=(0, 28001, 0, 0, 0, 0, 0, 0, 0)>
2026-01-03 17:15:01.845 | DEBUG    | androguard.core.axml:__init__:1805 - Found a header: <ARSCHeader idx='0x0011810c' type='513' header_size='84' size='1560'>
2026-01-03 17:15:01.845 | DEBUG    | androguard.core.axml:__init__:3125 - Skipping padding bytes!
2026-01-03 17:15:01.845 | DEBUG    | androguard.core.axml:__init__:2973 - Parsed <ARSCResType(start=0x118114, id=0x14, flags=0x0, entryCount=365, entriesStart=0x608, mResId=0x7f140000, table:string)>
2026-01-03 17:15:01.846 | DEBUG    | androguard.core.axml:__init__:1833 - Config: <ARSCResTableConfig 'am-v29'=(0, 28001, 0, 0, 0, 29, 0, 0, 0)>
2026-01-03 17:15:01.846 | DEBUG    | androguard.core.axml:__init__:1805 - Found a header: <ARSCHeader idx='0x00118724' type='513' header_size='84' size='3544'>
2026-01-03 17:15:01.846 | DEBUG    | androguard.core.axml:__init__:3125 - Skipping padding bytes!
2026-01-03 17:15:01.846 | DEBUG    | androguard.core.axml:__init__:2973 - Parsed <ARSCResType(start=0x11872c, id=0x14, flags=0x0, entryCount=365, entriesStart=0x608, mResId=0x7f140000, table:string)>
2026-01-03 17:15:01.846 | DEBUG    | androguard.core.axml:__init__:1833 - Config: <ARSCResTableConfig 'km'=(0, 28011, 0, 0, 0, 0, 0, 0, 0)>
2026-01-03 17:15:01.846 | DEBUG    | androguard.core.axml:__init__:1805 - Found a header: <ARSCHeader idx='0x001194fc' type='513' header_size='84' size='1560'>
2026-01-03 17:15:01.846 | DEBUG    | androguard.core.axml:__init__:3125 - Skipping padding bytes!
2026-01-03 17:15:01.846 | DEBUG    | androguard.core.axml:__init__:2973 - Parsed <ARSCResType(start=0x119504, id=0x14, flags=0x0, entryCount=365, entriesStart=0x608, mResId=0x7f140000, table:string)>
2026-01-03 17:15:01.846 | DEBUG    | androguard.core.axml:__init__:1833 - Config: <ARSCResTableConfig 'km-v29'=(0, 28011, 0, 0, 0, 29, 0, 0, 0)>
2026-01-03 17:15:01.846 | DEBUG    | androguard.core.axml:__init__:1805 - Found a header: <ARSCHeader idx='0x00119b14' type='513' header_size='84' size='3560'>
2026-01-03 17:15:01.846 | DEBUG    | androguard.core.axml:__init__:3125 - Skipping padding bytes!
2026-01-03 17:15:01.846 | DEBUG    | androguard.core.axml:__init__:2973 - Parsed <ARSCResType(start=0x119b1c, id=0x14, flags=0x0, entryCount=365, entriesStart=0x608, mResId=0x7f140000, table:string)>
2026-01-03 17:15:01.846 | DEBUG    | androguard.core.axml:__init__:1833 - Config: <ARSCResTableConfig 'bn'=(0, 28258, 0, 0, 0, 0, 0, 0, 0)>
2026-01-03 17:15:01.847 | DEBUG    | androguard.core.axml:__init__:1805 - Found a header: <ARSCHeader idx='0x0011a8fc' type='513' header_size='84' size='1560'>
2026-01-03 17:15:01.847 | DEBUG    | androguard.core.axml:__init__:3125 - Skipping padding bytes!
2026-01-03 17:15:01.847 | DEBUG    | androguard.core.axml:__init__:2973 - Parsed <ARSCResType(start=0x11a904, id=0x14, flags=0x0, entryCount=365, entriesStart=0x608, mResId=0x7f140000, table:string)>
2026-01-03 17:15:01.847 | DEBUG    | androguard.core.axml:__init__:1833 - Config: <ARSCResTableConfig 'bn-v29'=(0, 28258, 0, 0, 0, 29, 0, 0, 0)>
2026-01-03 17:15:01.847 | DEBUG    | androguard.core.axml:__init__:1805 - Found a header: <ARSCHeader idx='0x0011af14' type='513' header_size='84' size='3560'>
2026-01-03 17:15:01.847 | DEBUG    | androguard.core.axml:__init__:3125 - Skipping padding bytes!
2026-01-03 17:15:01.847 | DEBUG    | androguard.core.axml:__init__:2973 - Parsed <ARSCResType(start=0x11af1c, id=0x14, flags=0x0, entryCount=365, entriesStart=0x608, mResId=0x7f140000, table:string)>
2026-01-03 17:15:01.847 | DEBUG    | androguard.core.axml:__init__:1833 - Config: <ARSCResTableConfig 'in'=(0, 28265, 0, 0, 0, 0, 0, 0, 0)>
2026-01-03 17:15:01.847 | DEBUG    | androguard.core.axml:__init__:1805 - Found a header: <ARSCHeader idx='0x0011bcfc' type='513' header_size='84' size='1560'>
2026-01-03 17:15:01.847 | DEBUG    | androguard.core.axml:__init__:3125 - Skipping padding bytes!
2026-01-03 17:15:01.847 | DEBUG    | androguard.core.axml:__init__:2973 - Parsed <ARSCResType(start=0x11bd04, id=0x14, flags=0x0, entryCount=365, entriesStart=0x608, mResId=0x7f140000, table:string)>
2026-01-03 17:15:01.847 | DEBUG    | androguard.core.axml:__init__:1833 - Config: <ARSCResTableConfig 'in-v29'=(0, 28265, 0, 0, 0, 29, 0, 0, 0)>
2026-01-03 17:15:01.848 | DEBUG    | androguard.core.axml:__init__:1805 - Found a header: <ARSCHeader idx='0x0011c314' type='513' header_size='84' size='3560'>
2026-01-03 17:15:01.848 | DEBUG    | androguard.core.axml:__init__:3125 - Skipping padding bytes!
2026-01-03 17:15:01.848 | DEBUG    | androguard.core.axml:__init__:2973 - Parsed <ARSCResType(start=0x11c31c, id=0x14, flags=0x0, entryCount=365, entriesStart=0x608, mResId=0x7f140000, table:string)>
2026-01-03 17:15:01.848 | DEBUG    | androguard.core.axml:__init__:1833 - Config: <ARSCResTableConfig 'kn'=(0, 28267, 0, 0, 0, 0, 0, 0, 0)>
2026-01-03 17:15:01.848 | DEBUG    | androguard.core.axml:__init__:1805 - Found a header: <ARSCHeader idx='0x0011d0fc' type='513' header_size='84' size='1560'>
2026-01-03 17:15:01.848 | DEBUG    | androguard.core.axml:__init__:3125 - Skipping padding bytes!
2026-01-03 17:15:01.848 | DEBUG    | androguard.core.axml:__init__:2973 - Parsed <ARSCResType(start=0x11d104, id=0x14, flags=0x0, entryCount=365, entriesStart=0x608, mResId=0x7f140000, table:string)>
2026-01-03 17:15:01.848 | DEBUG    | androguard.core.axml:__init__:1833 - Config: <ARSCResTableConfig 'kn-v29'=(0, 28267, 0, 0, 0, 29, 0, 0, 0)>
2026-01-03 17:15:01.848 | DEBUG    | androguard.core.axml:__init__:1805 - Found a header: <ARSCHeader idx='0x0011d714' type='513' header_size='84' size='3544'>
2026-01-03 17:15:01.848 | DEBUG    | androguard.core.axml:__init__:3125 - Skipping padding bytes!
2026-01-03 17:15:01.848 | DEBUG    | androguard.core.axml:__init__:2973 - Parsed <ARSCResType(start=0x11d71c, id=0x14, flags=0x0, entryCount=365, entriesStart=0x608, mResId=0x7f140000, table:string)>
2026-01-03 17:15:01.848 | DEBUG    | androguard.core.axml:__init__:1833 - Config: <ARSCResTableConfig 'mn'=(0, 28269, 0, 0, 0, 0, 0, 0, 0)>
2026-01-03 17:15:01.849 | DEBUG    | androguard.core.axml:__init__:1805 - Found a header: <ARSCHeader idx='0x0011e4ec' type='513' header_size='84' size='1560'>
2026-01-03 17:15:01.849 | DEBUG    | androguard.core.axml:__init__:3125 - Skipping padding bytes!
2026-01-03 17:15:01.849 | DEBUG    | androguard.core.axml:__init__:2973 - Parsed <ARSCResType(start=0x11e4f4, id=0x14, flags=0x0, entryCount=365, entriesStart=0x608, mResId=0x7f140000, table:string)>
2026-01-03 17:15:01.849 | DEBUG    | androguard.core.axml:__init__:1833 - Config: <ARSCResTableConfig 'mn-v29'=(0, 28269, 0, 0, 0, 29, 0, 0, 0)>
2026-01-03 17:15:01.849 | DEBUG    | androguard.core.axml:__init__:1805 - Found a header: <ARSCHeader idx='0x0011eb04' type='513' header_size='84' size='3560'>
2026-01-03 17:15:01.849 | DEBUG    | androguard.core.axml:__init__:3125 - Skipping padding bytes!
2026-01-03 17:15:01.849 | DEBUG    | androguard.core.axml:__init__:2973 - Parsed <ARSCResType(start=0x11eb0c, id=0x14, flags=0x0, entryCount=365, entriesStart=0x608, mResId=0x7f140000, table:string)>
2026-01-03 17:15:01.849 | DEBUG    | androguard.core.axml:__init__:1833 - Config: <ARSCResTableConfig 'ko'=(0, 28523, 0, 0, 0, 0, 0, 0, 0)>
2026-01-03 17:15:01.849 | DEBUG    | androguard.core.axml:__init__:1805 - Found a header: <ARSCHeader idx='0x0011f8ec' type='513' header_size='84' size='1560'>
2026-01-03 17:15:01.849 | DEBUG    | androguard.core.axml:__init__:3125 - Skipping padding bytes!
2026-01-03 17:15:01.849 | DEBUG    | androguard.core.axml:__init__:2973 - Parsed <ARSCResType(start=0x11f8f4, id=0x14, flags=0x0, entryCount=365, entriesStart=0x608, mResId=0x7f140000, table:string)>
2026-01-03 17:15:01.849 | DEBUG    | androguard.core.axml:__init__:1833 - Config: <ARSCResTableConfig 'ko-v29'=(0, 28523, 0, 0, 0, 29, 0, 0, 0)>
2026-01-03 17:15:01.849 | DEBUG    | androguard.core.axml:__init__:1805 - Found a header: <ARSCHeader idx='0x0011ff04' type='513' header_size='84' size='3544'>
2026-01-03 17:15:01.849 | DEBUG    | androguard.core.axml:__init__:3125 - Skipping padding bytes!
2026-01-03 17:15:01.849 | DEBUG    | androguard.core.axml:__init__:2973 - Parsed <ARSCResType(start=0x11ff0c, id=0x14, flags=0x0, entryCount=365, entriesStart=0x608, mResId=0x7f140000, table:string)>
2026-01-03 17:15:01.849 | DEBUG    | androguard.core.axml:__init__:1833 - Config: <ARSCResTableConfig 'lo'=(0, 28524, 0, 0, 0, 0, 0, 0, 0)>
2026-01-03 17:15:01.850 | DEBUG    | androguard.core.axml:__init__:1805 - Found a header: <ARSCHeader idx='0x00120cdc' type='513' header_size='84' size='1560'>
2026-01-03 17:15:01.850 | DEBUG    | androguard.core.axml:__init__:3125 - Skipping padding bytes!
2026-01-03 17:15:01.850 | DEBUG    | androguard.core.axml:__init__:2973 - Parsed <ARSCResType(start=0x120ce4, id=0x14, flags=0x0, entryCount=365, entriesStart=0x608, mResId=0x7f140000, table:string)>
2026-01-03 17:15:01.850 | DEBUG    | androguard.core.axml:__init__:1833 - Config: <ARSCResTableConfig 'lo-v29'=(0, 28524, 0, 0, 0, 29, 0, 0, 0)>
2026-01-03 17:15:01.850 | DEBUG    | androguard.core.axml:__init__:1805 - Found a header: <ARSCHeader idx='0x001212f4' type='513' header_size='84' size='2808'>
2026-01-03 17:15:01.850 | DEBUG    | androguard.core.axml:__init__:3125 - Skipping padding bytes!
2026-01-03 17:15:01.850 | DEBUG    | androguard.core.axml:__init__:2973 - Parsed <ARSCResType(start=0x1212fc, id=0x14, flags=0x0, entryCount=365, entriesStart=0x608, mResId=0x7f140000, table:string)>
2026-01-03 17:15:01.850 | DEBUG    | androguard.core.axml:__init__:1833 - Config: <ARSCResTableConfig 'no'=(0, 28526, 0, 0, 0, 0, 0, 0, 0)>
2026-01-03 17:15:01.850 | DEBUG    | androguard.core.axml:__init__:1805 - Found a header: <ARSCHeader idx='0x00121dec' type='513' header_size='84' size='1560'>
2026-01-03 17:15:01.850 | DEBUG    | androguard.core.axml:__init__:3125 - Skipping padding bytes!
2026-01-03 17:15:01.850 | DEBUG    | androguard.core.axml:__init__:2973 - Parsed <ARSCResType(start=0x121df4, id=0x14, flags=0x0, entryCount=365, entriesStart=0x608, mResId=0x7f140000, table:string)>
2026-01-03 17:15:01.850 | DEBUG    | androguard.core.axml:__init__:1833 - Config: <ARSCResTableConfig 'no-v29'=(0, 28526, 0, 0, 0, 29, 0, 0, 0)>
2026-01-03 17:15:01.851 | DEBUG    | androguard.core.axml:__init__:1805 - Found a header: <ARSCHeader idx='0x00122404' type='513' header_size='84' size='3560'>
2026-01-03 17:15:01.851 | DEBUG    | androguard.core.axml:__init__:3125 - Skipping padding bytes!
2026-01-03 17:15:01.851 | DEBUG    | androguard.core.axml:__init__:2973 - Parsed <ARSCResType(start=0x12240c, id=0x14, flags=0x0, entryCount=365, entriesStart=0x608, mResId=0x7f140000, table:string)>
2026-01-03 17:15:01.851 | DEBUG    | androguard.core.axml:__init__:1833 - Config: <ARSCResTableConfig 'ro'=(0, 28530, 0, 0, 0, 0, 0, 0, 0)>
2026-01-03 17:15:01.851 | DEBUG    | androguard.core.axml:__init__:1805 - Found a header: <ARSCHeader idx='0x001231ec' type='513' header_size='84' size='1560'>
2026-01-03 17:15:01.851 | DEBUG    | androguard.core.axml:__init__:3125 - Skipping padding bytes!
2026-01-03 17:15:01.851 | DEBUG    | androguard.core.axml:__init__:2973 - Parsed <ARSCResType(start=0x1231f4, id=0x14, flags=0x0, entryCount=365, entriesStart=0x608, mResId=0x7f140000, table:string)>
2026-01-03 17:15:01.851 | DEBUG    | androguard.core.axml:__init__:1833 - Config: <ARSCResTableConfig 'ro-v29'=(0, 28530, 0, 0, 0, 29, 0, 0, 0)>
2026-01-03 17:15:01.851 | DEBUG    | androguard.core.axml:__init__:1805 - Found a header: <ARSCHeader idx='0x00123804' type='513' header_size='84' size='3544'>
2026-01-03 17:15:01.851 | DEBUG    | androguard.core.axml:__init__:3125 - Skipping padding bytes!
2026-01-03 17:15:01.851 | DEBUG    | androguard.core.axml:__init__:2973 - Parsed <ARSCResType(start=0x12380c, id=0x14, flags=0x0, entryCount=365, entriesStart=0x608, mResId=0x7f140000, table:string)>
2026-01-03 17:15:01.851 | DEBUG    | androguard.core.axml:__init__:1833 - Config: <ARSCResTableConfig 'sq'=(0, 29043, 0, 0, 0, 0, 0, 0, 0)>
2026-01-03 17:15:01.852 | DEBUG    | androguard.core.axml:__init__:1805 - Found a header: <ARSCHeader idx='0x001245dc' type='513' header_size='84' size='1560'>
2026-01-03 17:15:01.852 | DEBUG    | androguard.core.axml:__init__:3125 - Skipping padding bytes!
2026-01-03 17:15:01.852 | DEBUG    | androguard.core.axml:__init__:2973 - Parsed <ARSCResType(start=0x1245e4, id=0x14, flags=0x0, entryCount=365, entriesStart=0x608, mResId=0x7f140000, table:string)>
2026-01-03 17:15:01.852 | DEBUG    | androguard.core.axml:__init__:1833 - Config: <ARSCResTableConfig 'sq-v29'=(0, 29043, 0, 0, 0, 29, 0, 0, 0)>
2026-01-03 17:15:01.852 | DEBUG    | androguard.core.axml:__init__:1805 - Found a header: <ARSCHeader idx='0x00124bf4' type='513' header_size='84' size='3560'>
2026-01-03 17:15:01.852 | DEBUG    | androguard.core.axml:__init__:3125 - Skipping padding bytes!
2026-01-03 17:15:01.852 | DEBUG    | androguard.core.axml:__init__:2973 - Parsed <ARSCResType(start=0x124bfc, id=0x14, flags=0x0, entryCount=365, entriesStart=0x608, mResId=0x7f140000, table:string)>
2026-01-03 17:15:01.852 | DEBUG    | androguard.core.axml:__init__:1833 - Config: <ARSCResTableConfig 'ar'=(0, 29281, 0, 0, 0, 0, 0, 0, 0)>
2026-01-03 17:15:01.852 | DEBUG    | androguard.core.axml:__init__:1805 - Found a header: <ARSCHeader idx='0x001259dc' type='513' header_size='84' size='1560'>
2026-01-03 17:15:01.852 | DEBUG    | androguard.core.axml:__init__:3125 - Skipping padding bytes!
2026-01-03 17:15:01.852 | DEBUG    | androguard.core.axml:__init__:2973 - Parsed <ARSCResType(start=0x1259e4, id=0x14, flags=0x0, entryCount=365, entriesStart=0x608, mResId=0x7f140000, table:string)>
2026-01-03 17:15:01.852 | DEBUG    | androguard.core.axml:__init__:1833 - Config: <ARSCResTableConfig 'ar-v29'=(0, 29281, 0, 0, 0, 29, 0, 0, 0)>
2026-01-03 17:15:01.852 | DEBUG    | androguard.core.axml:__init__:1805 - Found a header: <ARSCHeader idx='0x00125ff4' type='513' header_size='84' size='3560'>
2026-01-03 17:15:01.853 | DEBUG    | androguard.core.axml:__init__:3125 - Skipping padding bytes!
2026-01-03 17:15:01.853 | DEBUG    | androguard.core.axml:__init__:2973 - Parsed <ARSCResType(start=0x125ffc, id=0x14, flags=0x0, entryCount=365, entriesStart=0x608, mResId=0x7f140000, table:string)>
2026-01-03 17:15:01.853 | DEBUG    | androguard.core.axml:__init__:1833 - Config: <ARSCResTableConfig 'fr'=(0, 29286, 0, 0, 0, 0, 0, 0, 0)>
2026-01-03 17:15:01.853 | DEBUG    | androguard.core.axml:__init__:1805 - Found a header: <ARSCHeader idx='0x00126ddc' type='513' header_size='84' size='1560'>
2026-01-03 17:15:01.853 | DEBUG    | androguard.core.axml:__init__:3125 - Skipping padding bytes!
2026-01-03 17:15:01.853 | DEBUG    | androguard.core.axml:__init__:2973 - Parsed <ARSCResType(start=0x126de4, id=0x14, flags=0x0, entryCount=365, entriesStart=0x608, mResId=0x7f140000, table:string)>
2026-01-03 17:15:01.853 | DEBUG    | androguard.core.axml:__init__:1833 - Config: <ARSCResTableConfig 'fr-v29'=(0, 29286, 0, 0, 0, 29, 0, 0, 0)>
2026-01-03 17:15:01.853 | DEBUG    | androguard.core.axml:__init__:1805 - Found a header: <ARSCHeader idx='0x001273f4' type='513' header_size='84' size='3560'>
2026-01-03 17:15:01.853 | DEBUG    | androguard.core.axml:__init__:3125 - Skipping padding bytes!
2026-01-03 17:15:01.853 | DEBUG    | androguard.core.axml:__init__:2973 - Parsed <ARSCResType(start=0x1273fc, id=0x14, flags=0x0, entryCount=365, entriesStart=0x608, mResId=0x7f140000, table:string)>
2026-01-03 17:15:01.853 | DEBUG    | androguard.core.axml:__init__:1833 - Config: <ARSCResTableConfig 'hr'=(0, 29288, 0, 0, 0, 0, 0, 0, 0)>
2026-01-03 17:15:01.854 | DEBUG    | androguard.core.axml:__init__:1805 - Found a header: <ARSCHeader idx='0x001281dc' type='513' header_size='84' size='1560'>
2026-01-03 17:15:01.854 | DEBUG    | androguard.core.axml:__init__:3125 - Skipping padding bytes!
2026-01-03 17:15:01.854 | DEBUG    | androguard.core.axml:__init__:2973 - Parsed <ARSCResType(start=0x1281e4, id=0x14, flags=0x0, entryCount=365, entriesStart=0x608, mResId=0x7f140000, table:string)>
2026-01-03 17:15:01.854 | DEBUG    | androguard.core.axml:__init__:1833 - Config: <ARSCResTableConfig 'hr-v29'=(0, 29288, 0, 0, 0, 29, 0, 0, 0)>
2026-01-03 17:15:01.854 | DEBUG    | androguard.core.axml:__init__:1805 - Found a header: <ARSCHeader idx='0x001287f4' type='513' header_size='84' size='3560'>
2026-01-03 17:15:01.854 | DEBUG    | androguard.core.axml:__init__:3125 - Skipping padding bytes!
2026-01-03 17:15:01.854 | DEBUG    | androguard.core.axml:__init__:2973 - Parsed <ARSCResType(start=0x1287fc, id=0x14, flags=0x0, entryCount=365, entriesStart=0x608, mResId=0x7f140000, table:string)>
2026-01-03 17:15:01.854 | DEBUG    | androguard.core.axml:__init__:1833 - Config: <ARSCResTableConfig 'mr'=(0, 29293, 0, 0, 0, 0, 0, 0, 0)>
2026-01-03 17:15:01.855 | DEBUG    | androguard.core.axml:__init__:1805 - Found a header: <ARSCHeader idx='0x001295dc' type='513' header_size='84' size='1560'>
2026-01-03 17:15:01.855 | DEBUG    | androguard.core.axml:__init__:3125 - Skipping padding bytes!
2026-01-03 17:15:01.855 | DEBUG    | androguard.core.axml:__init__:2973 - Parsed <ARSCResType(start=0x1295e4, id=0x14, flags=0x0, entryCount=365, entriesStart=0x608, mResId=0x7f140000, table:string)>
2026-01-03 17:15:01.855 | DEBUG    | androguard.core.axml:__init__:1833 - Config: <ARSCResTableConfig 'mr-v29'=(0, 29293, 0, 0, 0, 29, 0, 0, 0)>
2026-01-03 17:15:01.855 | DEBUG    | androguard.core.axml:__init__:1805 - Found a header: <ARSCHeader idx='0x00129bf4' type='513' header_size='84' size='3544'>
2026-01-03 17:15:01.855 | DEBUG    | androguard.core.axml:__init__:3125 - Skipping padding bytes!
2026-01-03 17:15:01.855 | DEBUG    | androguard.core.axml:__init__:2973 - Parsed <ARSCResType(start=0x129bfc, id=0x14, flags=0x0, entryCount=365, entriesStart=0x608, mResId=0x7f140000, table:string)>
2026-01-03 17:15:01.855 | DEBUG    | androguard.core.axml:__init__:1833 - Config: <ARSCResTableConfig 'or'=(0, 29295, 0, 0, 0, 0, 0, 0, 0)>
2026-01-03 17:15:01.855 | DEBUG    | androguard.core.axml:__init__:1805 - Found a header: <ARSCHeader idx='0x0012a9cc' type='513' header_size='84' size='1560'>
2026-01-03 17:15:01.855 | DEBUG    | androguard.core.axml:__init__:3125 - Skipping padding bytes!
2026-01-03 17:15:01.855 | DEBUG    | androguard.core.axml:__init__:2973 - Parsed <ARSCResType(start=0x12a9d4, id=0x14, flags=0x0, entryCount=365, entriesStart=0x608, mResId=0x7f140000, table:string)>
2026-01-03 17:15:01.855 | DEBUG    | androguard.core.axml:__init__:1833 - Config: <ARSCResTableConfig 'or-v29'=(0, 29295, 0, 0, 0, 29, 0, 0, 0)>
2026-01-03 17:15:01.855 | DEBUG    | androguard.core.axml:__init__:1805 - Found a header: <ARSCHeader idx='0x0012afe4' type='513' header_size='84' size='3560'>
2026-01-03 17:15:01.855 | DEBUG    | androguard.core.axml:__init__:3125 - Skipping padding bytes!
2026-01-03 17:15:01.855 | DEBUG    | androguard.core.axml:__init__:2973 - Parsed <ARSCResType(start=0x12afec, id=0x14, flags=0x0, entryCount=365, entriesStart=0x608, mResId=0x7f140000, table:string)>
2026-01-03 17:15:01.855 | DEBUG    | androguard.core.axml:__init__:1833 - Config: <ARSCResTableConfig 'sr'=(0, 29299, 0, 0, 0, 0, 0, 0, 0)>
2026-01-03 17:15:01.856 | DEBUG    | androguard.core.axml:__init__:1805 - Found a header: <ARSCHeader idx='0x0012bdcc' type='513' header_size='84' size='1560'>
2026-01-03 17:15:01.856 | DEBUG    | androguard.core.axml:__init__:3125 - Skipping padding bytes!
2026-01-03 17:15:01.856 | DEBUG    | androguard.core.axml:__init__:2973 - Parsed <ARSCResType(start=0x12bdd4, id=0x14, flags=0x0, entryCount=365, entriesStart=0x608, mResId=0x7f140000, table:string)>
2026-01-03 17:15:01.856 | DEBUG    | androguard.core.axml:__init__:1833 - Config: <ARSCResTableConfig 'sr-v29'=(0, 29299, 0, 0, 0, 29, 0, 0, 0)>
2026-01-03 17:15:01.856 | DEBUG    | androguard.core.axml:__init__:1805 - Found a header: <ARSCHeader idx='0x0012c3e4' type='513' header_size='84' size='3544'>
2026-01-03 17:15:01.856 | DEBUG    | androguard.core.axml:__init__:3125 - Skipping padding bytes!
2026-01-03 17:15:01.856 | DEBUG    | androguard.core.axml:__init__:2973 - Parsed <ARSCResType(start=0x12c3ec, id=0x14, flags=0x0, entryCount=365, entriesStart=0x608, mResId=0x7f140000, table:string)>
2026-01-03 17:15:01.856 | DEBUG    | androguard.core.axml:__init__:1833 - Config: <ARSCResTableConfig 'sr'=(0, 29299, 0, 0, 0, 0, 0, 0, 0)>
2026-01-03 17:15:01.856 | DEBUG    | androguard.core.axml:__init__:1805 - Found a header: <ARSCHeader idx='0x0012d1bc' type='513' header_size='84' size='1560'>
2026-01-03 17:15:01.856 | DEBUG    | androguard.core.axml:__init__:3125 - Skipping padding bytes!
2026-01-03 17:15:01.856 | DEBUG    | androguard.core.axml:__init__:2973 - Parsed <ARSCResType(start=0x12d1c4, id=0x14, flags=0x0, entryCount=365, entriesStart=0x608, mResId=0x7f140000, table:string)>
2026-01-03 17:15:01.856 | DEBUG    | androguard.core.axml:__init__:1833 - Config: <ARSCResTableConfig 'sr-v29'=(0, 29299, 0, 0, 0, 29, 0, 0, 0)>
2026-01-03 17:15:01.857 | DEBUG    | androguard.core.axml:__init__:1805 - Found a header: <ARSCHeader idx='0x0012d7d4' type='513' header_size='84' size='3560'>
2026-01-03 17:15:01.857 | DEBUG    | androguard.core.axml:__init__:3125 - Skipping padding bytes!
2026-01-03 17:15:01.857 | DEBUG    | androguard.core.axml:__init__:2973 - Parsed <ARSCResType(start=0x12d7dc, id=0x14, flags=0x0, entryCount=365, entriesStart=0x608, mResId=0x7f140000, table:string)>
2026-01-03 17:15:01.857 | DEBUG    | androguard.core.axml:__init__:1833 - Config: <ARSCResTableConfig 'tr'=(0, 29300, 0, 0, 0, 0, 0, 0, 0)>
2026-01-03 17:15:01.857 | DEBUG    | androguard.core.axml:__init__:1805 - Found a header: <ARSCHeader idx='0x0012e5bc' type='513' header_size='84' size='1560'>
2026-01-03 17:15:01.857 | DEBUG    | androguard.core.axml:__init__:3125 - Skipping padding bytes!
2026-01-03 17:15:01.857 | DEBUG    | androguard.core.axml:__init__:2973 - Parsed <ARSCResType(start=0x12e5c4, id=0x14, flags=0x0, entryCount=365, entriesStart=0x608, mResId=0x7f140000, table:string)>
2026-01-03 17:15:01.857 | DEBUG    | androguard.core.axml:__init__:1833 - Config: <ARSCResTableConfig 'tr-v29'=(0, 29300, 0, 0, 0, 29, 0, 0, 0)>
2026-01-03 17:15:01.857 | DEBUG    | androguard.core.axml:__init__:1805 - Found a header: <ARSCHeader idx='0x0012ebd4' type='513' header_size='84' size='3560'>
2026-01-03 17:15:01.857 | DEBUG    | androguard.core.axml:__init__:3125 - Skipping padding bytes!
2026-01-03 17:15:01.857 | DEBUG    | androguard.core.axml:__init__:2973 - Parsed <ARSCResType(start=0x12ebdc, id=0x14, flags=0x0, entryCount=365, entriesStart=0x608, mResId=0x7f140000, table:string)>
2026-01-03 17:15:01.857 | DEBUG    | androguard.core.axml:__init__:1833 - Config: <ARSCResTableConfig 'ur'=(0, 29301, 0, 0, 0, 0, 0, 0, 0)>
2026-01-03 17:15:01.858 | DEBUG    | androguard.core.axml:__init__:1805 - Found a header: <ARSCHeader idx='0x0012f9bc' type='513' header_size='84' size='1560'>
2026-01-03 17:15:01.858 | DEBUG    | androguard.core.axml:__init__:3125 - Skipping padding bytes!
2026-01-03 17:15:01.858 | DEBUG    | androguard.core.axml:__init__:2973 - Parsed <ARSCResType(start=0x12f9c4, id=0x14, flags=0x0, entryCount=365, entriesStart=0x608, mResId=0x7f140000, table:string)>
2026-01-03 17:15:01.858 | DEBUG    | androguard.core.axml:__init__:1833 - Config: <ARSCResTableConfig 'ur-v29'=(0, 29301, 0, 0, 0, 29, 0, 0, 0)>
2026-01-03 17:15:01.858 | DEBUG    | androguard.core.axml:__init__:1805 - Found a header: <ARSCHeader idx='0x0012ffd4' type='513' header_size='84' size='3544'>
2026-01-03 17:15:01.858 | DEBUG    | androguard.core.axml:__init__:3125 - Skipping padding bytes!
2026-01-03 17:15:01.858 | DEBUG    | androguard.core.axml:__init__:2973 - Parsed <ARSCResType(start=0x12ffdc, id=0x14, flags=0x0, entryCount=365, entriesStart=0x608, mResId=0x7f140000, table:string)>
2026-01-03 17:15:01.858 | DEBUG    | androguard.core.axml:__init__:1833 - Config: <ARSCResTableConfig 'as'=(0, 29537, 0, 0, 0, 0, 0, 0, 0)>
2026-01-03 17:15:01.858 | DEBUG    | androguard.core.axml:__init__:1805 - Found a header: <ARSCHeader idx='0x00130dac' type='513' header_size='84' size='1560'>
2026-01-03 17:15:01.858 | DEBUG    | androguard.core.axml:__init__:3125 - Skipping padding bytes!
2026-01-03 17:15:01.858 | DEBUG    | androguard.core.axml:__init__:2973 - Parsed <ARSCResType(start=0x130db4, id=0x14, flags=0x0, entryCount=365, entriesStart=0x608, mResId=0x7f140000, table:string)>
2026-01-03 17:15:01.858 | DEBUG    | androguard.core.axml:__init__:1833 - Config: <ARSCResTableConfig 'as-v29'=(0, 29537, 0, 0, 0, 29, 0, 0, 0)>
2026-01-03 17:15:01.859 | DEBUG    | androguard.core.axml:__init__:1805 - Found a header: <ARSCHeader idx='0x001313c4' type='513' header_size='84' size='3544'>
2026-01-03 17:15:01.859 | DEBUG    | androguard.core.axml:__init__:3125 - Skipping padding bytes!
2026-01-03 17:15:01.859 | DEBUG    | androguard.core.axml:__init__:2973 - Parsed <ARSCResType(start=0x1313cc, id=0x14, flags=0x0, entryCount=365, entriesStart=0x608, mResId=0x7f140000, table:string)>
2026-01-03 17:15:01.859 | DEBUG    | androguard.core.axml:__init__:1833 - Config: <ARSCResTableConfig 'bs'=(0, 29538, 0, 0, 0, 0, 0, 0, 0)>
2026-01-03 17:15:01.859 | DEBUG    | androguard.core.axml:__init__:1805 - Found a header: <ARSCHeader idx='0x0013219c' type='513' header_size='84' size='1560'>
2026-01-03 17:15:01.859 | DEBUG    | androguard.core.axml:__init__:3125 - Skipping padding bytes!
2026-01-03 17:15:01.859 | DEBUG    | androguard.core.axml:__init__:2973 - Parsed <ARSCResType(start=0x1321a4, id=0x14, flags=0x0, entryCount=365, entriesStart=0x608, mResId=0x7f140000, table:string)>
2026-01-03 17:15:01.859 | DEBUG    | androguard.core.axml:__init__:1833 - Config: <ARSCResTableConfig 'bs-v29'=(0, 29538, 0, 0, 0, 29, 0, 0, 0)>
2026-01-03 17:15:01.859 | DEBUG    | androguard.core.axml:__init__:1805 - Found a header: <ARSCHeader idx='0x001327b4' type='513' header_size='84' size='3560'>
2026-01-03 17:15:01.859 | DEBUG    | androguard.core.axml:__init__:3125 - Skipping padding bytes!
2026-01-03 17:15:01.859 | DEBUG    | androguard.core.axml:__init__:2973 - Parsed <ARSCResType(start=0x1327bc, id=0x14, flags=0x0, entryCount=365, entriesStart=0x608, mResId=0x7f140000, table:string)>
2026-01-03 17:15:01.859 | DEBUG    | androguard.core.axml:__init__:1833 - Config: <ARSCResTableConfig 'cs'=(0, 29539, 0, 0, 0, 0, 0, 0, 0)>
2026-01-03 17:15:01.860 | DEBUG    | androguard.core.axml:__init__:1805 - Found a header: <ARSCHeader idx='0x0013359c' type='513' header_size='84' size='1560'>
2026-01-03 17:15:01.860 | DEBUG    | androguard.core.axml:__init__:3125 - Skipping padding bytes!
2026-01-03 17:15:01.860 | DEBUG    | androguard.core.axml:__init__:2973 - Parsed <ARSCResType(start=0x1335a4, id=0x14, flags=0x0, entryCount=365, entriesStart=0x608, mResId=0x7f140000, table:string)>
2026-01-03 17:15:01.860 | DEBUG    | androguard.core.axml:__init__:1833 - Config: <ARSCResTableConfig 'cs-v29'=(0, 29539, 0, 0, 0, 29, 0, 0, 0)>
2026-01-03 17:15:01.860 | DEBUG    | androguard.core.axml:__init__:1805 - Found a header: <ARSCHeader idx='0x00133bb4' type='513' header_size='84' size='3560'>
2026-01-03 17:15:01.860 | DEBUG    | androguard.core.axml:__init__:3125 - Skipping padding bytes!
2026-01-03 17:15:01.860 | DEBUG    | androguard.core.axml:__init__:2973 - Parsed <ARSCResType(start=0x133bbc, id=0x14, flags=0x0, entryCount=365, entriesStart=0x608, mResId=0x7f140000, table:string)>
2026-01-03 17:15:01.860 | DEBUG    | androguard.core.axml:__init__:1833 - Config: <ARSCResTableConfig 'es'=(0, 29541, 0, 0, 0, 0, 0, 0, 0)>
2026-01-03 17:15:01.860 | DEBUG    | androguard.core.axml:__init__:1805 - Found a header: <ARSCHeader idx='0x0013499c' type='513' header_size='84' size='1560'>
2026-01-03 17:15:01.860 | DEBUG    | androguard.core.axml:__init__:3125 - Skipping padding bytes!
2026-01-03 17:15:01.860 | DEBUG    | androguard.core.axml:__init__:2973 - Parsed <ARSCResType(start=0x1349a4, id=0x14, flags=0x0, entryCount=365, entriesStart=0x608, mResId=0x7f140000, table:string)>
2026-01-03 17:15:01.860 | DEBUG    | androguard.core.axml:__init__:1833 - Config: <ARSCResTableConfig 'es-v29'=(0, 29541, 0, 0, 0, 29, 0, 0, 0)>
2026-01-03 17:15:01.861 | DEBUG    | androguard.core.axml:__init__:1805 - Found a header: <ARSCHeader idx='0x00134fb4' type='513' header_size='84' size='3560'>
2026-01-03 17:15:01.861 | DEBUG    | androguard.core.axml:__init__:3125 - Skipping padding bytes!
2026-01-03 17:15:01.861 | DEBUG    | androguard.core.axml:__init__:2973 - Parsed <ARSCResType(start=0x134fbc, id=0x14, flags=0x0, entryCount=365, entriesStart=0x608, mResId=0x7f140000, table:string)>
2026-01-03 17:15:01.861 | DEBUG    | androguard.core.axml:__init__:1833 - Config: <ARSCResTableConfig 'is'=(0, 29545, 0, 0, 0, 0, 0, 0, 0)>
2026-01-03 17:15:01.861 | DEBUG    | androguard.core.axml:__init__:1805 - Found a header: <ARSCHeader idx='0x00135d9c' type='513' header_size='84' size='1560'>
2026-01-03 17:15:01.861 | DEBUG    | androguard.core.axml:__init__:3125 - Skipping padding bytes!
2026-01-03 17:15:01.861 | DEBUG    | androguard.core.axml:__init__:2973 - Parsed <ARSCResType(start=0x135da4, id=0x14, flags=0x0, entryCount=365, entriesStart=0x608, mResId=0x7f140000, table:string)>
2026-01-03 17:15:01.861 | DEBUG    | androguard.core.axml:__init__:1833 - Config: <ARSCResTableConfig 'is-v29'=(0, 29545, 0, 0, 0, 29, 0, 0, 0)>
2026-01-03 17:15:01.861 | DEBUG    | androguard.core.axml:__init__:1805 - Found a header: <ARSCHeader idx='0x001363b4' type='513' header_size='84' size='3560'>
2026-01-03 17:15:01.861 | DEBUG    | androguard.core.axml:__init__:3125 - Skipping padding bytes!
2026-01-03 17:15:01.861 | DEBUG    | androguard.core.axml:__init__:2973 - Parsed <ARSCResType(start=0x1363bc, id=0x14, flags=0x0, entryCount=365, entriesStart=0x608, mResId=0x7f140000, table:string)>
2026-01-03 17:15:01.861 | DEBUG    | androguard.core.axml:__init__:1833 - Config: <ARSCResTableConfig 'ms'=(0, 29549, 0, 0, 0, 0, 0, 0, 0)>
2026-01-03 17:15:01.862 | DEBUG    | androguard.core.axml:__init__:1805 - Found a header: <ARSCHeader idx='0x0013719c' type='513' header_size='84' size='1560'>
2026-01-03 17:15:01.862 | DEBUG    | androguard.core.axml:__init__:3125 - Skipping padding bytes!
2026-01-03 17:15:01.862 | DEBUG    | androguard.core.axml:__init__:2973 - Parsed <ARSCResType(start=0x1371a4, id=0x14, flags=0x0, entryCount=365, entriesStart=0x608, mResId=0x7f140000, table:string)>
2026-01-03 17:15:01.862 | DEBUG    | androguard.core.axml:__init__:1833 - Config: <ARSCResTableConfig 'ms-v29'=(0, 29549, 0, 0, 0, 29, 0, 0, 0)>
2026-01-03 17:15:01.862 | DEBUG    | androguard.core.axml:__init__:1805 - Found a header: <ARSCHeader idx='0x001377b4' type='513' header_size='84' size='3560'>
2026-01-03 17:15:01.862 | DEBUG    | androguard.core.axml:__init__:3125 - Skipping padding bytes!
2026-01-03 17:15:01.862 | DEBUG    | androguard.core.axml:__init__:2973 - Parsed <ARSCResType(start=0x1377bc, id=0x14, flags=0x0, entryCount=365, entriesStart=0x608, mResId=0x7f140000, table:string)>
2026-01-03 17:15:01.862 | DEBUG    | androguard.core.axml:__init__:1833 - Config: <ARSCResTableConfig 'et'=(0, 29797, 0, 0, 0, 0, 0, 0, 0)>
2026-01-03 17:15:01.863 | DEBUG    | androguard.core.axml:__init__:1805 - Found a header: <ARSCHeader idx='0x0013859c' type='513' header_size='84' size='1560'>
2026-01-03 17:15:01.863 | DEBUG    | androguard.core.axml:__init__:3125 - Skipping padding bytes!
2026-01-03 17:15:01.863 | DEBUG    | androguard.core.axml:__init__:2973 - Parsed <ARSCResType(start=0x1385a4, id=0x14, flags=0x0, entryCount=365, entriesStart=0x608, mResId=0x7f140000, table:string)>
2026-01-03 17:15:01.863 | DEBUG    | androguard.core.axml:__init__:1833 - Config: <ARSCResTableConfig 'et-v29'=(0, 29797, 0, 0, 0, 29, 0, 0, 0)>
2026-01-03 17:15:01.863 | DEBUG    | androguard.core.axml:__init__:1805 - Found a header: <ARSCHeader idx='0x00138bb4' type='513' header_size='84' size='3560'>
2026-01-03 17:15:01.863 | DEBUG    | androguard.core.axml:__init__:3125 - Skipping padding bytes!
2026-01-03 17:15:01.863 | DEBUG    | androguard.core.axml:__init__:2973 - Parsed <ARSCResType(start=0x138bbc, id=0x14, flags=0x0, entryCount=365, entriesStart=0x608, mResId=0x7f140000, table:string)>
2026-01-03 17:15:01.863 | DEBUG    | androguard.core.axml:__init__:1833 - Config: <ARSCResTableConfig 'it'=(0, 29801, 0, 0, 0, 0, 0, 0, 0)>
2026-01-03 17:15:01.863 | DEBUG    | androguard.core.axml:__init__:1805 - Found a header: <ARSCHeader idx='0x0013999c' type='513' header_size='84' size='1560'>
2026-01-03 17:15:01.863 | DEBUG    | androguard.core.axml:__init__:3125 - Skipping padding bytes!
2026-01-03 17:15:01.863 | DEBUG    | androguard.core.axml:__init__:2973 - Parsed <ARSCResType(start=0x1399a4, id=0x14, flags=0x0, entryCount=365, entriesStart=0x608, mResId=0x7f140000, table:string)>
2026-01-03 17:15:01.863 | DEBUG    | androguard.core.axml:__init__:1833 - Config: <ARSCResTableConfig 'it-v29'=(0, 29801, 0, 0, 0, 29, 0, 0, 0)>
2026-01-03 17:15:01.863 | DEBUG    | androguard.core.axml:__init__:1805 - Found a header: <ARSCHeader idx='0x00139fb4' type='513' header_size='84' size='3560'>
2026-01-03 17:15:01.863 | DEBUG    | androguard.core.axml:__init__:3125 - Skipping padding bytes!
2026-01-03 17:15:01.863 | DEBUG    | androguard.core.axml:__init__:2973 - Parsed <ARSCResType(start=0x139fbc, id=0x14, flags=0x0, entryCount=365, entriesStart=0x608, mResId=0x7f140000, table:string)>
2026-01-03 17:15:01.863 | DEBUG    | androguard.core.axml:__init__:1833 - Config: <ARSCResTableConfig 'lt'=(0, 29804, 0, 0, 0, 0, 0, 0, 0)>
2026-01-03 17:15:01.864 | DEBUG    | androguard.core.axml:__init__:1805 - Found a header: <ARSCHeader idx='0x0013ad9c' type='513' header_size='84' size='1560'>
2026-01-03 17:15:01.864 | DEBUG    | androguard.core.axml:__init__:3125 - Skipping padding bytes!
2026-01-03 17:15:01.864 | DEBUG    | androguard.core.axml:__init__:2973 - Parsed <ARSCResType(start=0x13ada4, id=0x14, flags=0x0, entryCount=365, entriesStart=0x608, mResId=0x7f140000, table:string)>
2026-01-03 17:15:01.864 | DEBUG    | androguard.core.axml:__init__:1833 - Config: <ARSCResTableConfig 'lt-v29'=(0, 29804, 0, 0, 0, 29, 0, 0, 0)>
2026-01-03 17:15:01.864 | DEBUG    | androguard.core.axml:__init__:1805 - Found a header: <ARSCHeader idx='0x0013b3b4' type='513' header_size='84' size='1896'>
2026-01-03 17:15:01.864 | DEBUG    | androguard.core.axml:__init__:3125 - Skipping padding bytes!
2026-01-03 17:15:01.864 | DEBUG    | androguard.core.axml:__init__:2973 - Parsed <ARSCResType(start=0x13b3bc, id=0x14, flags=0x0, entryCount=365, entriesStart=0x608, mResId=0x7f140000, table:string)>
2026-01-03 17:15:01.864 | DEBUG    | androguard.core.axml:__init__:1833 - Config: <ARSCResTableConfig 'pt'=(0, 29808, 0, 0, 0, 0, 0, 0, 0)>
2026-01-03 17:15:01.864 | DEBUG    | androguard.core.axml:__init__:1805 - Found a header: <ARSCHeader idx='0x0013bb1c' type='513' header_size='84' size='3544'>
2026-01-03 17:15:01.864 | DEBUG    | androguard.core.axml:__init__:3125 - Skipping padding bytes!
2026-01-03 17:15:01.864 | DEBUG    | androguard.core.axml:__init__:2973 - Parsed <ARSCResType(start=0x13bb24, id=0x14, flags=0x0, entryCount=365, entriesStart=0x608, mResId=0x7f140000, table:string)>
2026-01-03 17:15:01.864 | DEBUG    | androguard.core.axml:__init__:1833 - Config: <ARSCResTableConfig 'eu'=(0, 30053, 0, 0, 0, 0, 0, 0, 0)>
2026-01-03 17:15:01.865 | DEBUG    | androguard.core.axml:__init__:1805 - Found a header: <ARSCHeader idx='0x0013c8f4' type='513' header_size='84' size='1560'>
2026-01-03 17:15:01.865 | DEBUG    | androguard.core.axml:__init__:3125 - Skipping padding bytes!
2026-01-03 17:15:01.865 | DEBUG    | androguard.core.axml:__init__:2973 - Parsed <ARSCResType(start=0x13c8fc, id=0x14, flags=0x0, entryCount=365, entriesStart=0x608, mResId=0x7f140000, table:string)>
2026-01-03 17:15:01.865 | DEBUG    | androguard.core.axml:__init__:1833 - Config: <ARSCResTableConfig 'eu-v29'=(0, 30053, 0, 0, 0, 29, 0, 0, 0)>
2026-01-03 17:15:01.865 | DEBUG    | androguard.core.axml:__init__:1805 - Found a header: <ARSCHeader idx='0x0013cf0c' type='513' header_size='84' size='3560'>
2026-01-03 17:15:01.865 | DEBUG    | androguard.core.axml:__init__:3125 - Skipping padding bytes!
2026-01-03 17:15:01.865 | DEBUG    | androguard.core.axml:__init__:2973 - Parsed <ARSCResType(start=0x13cf14, id=0x14, flags=0x0, entryCount=365, entriesStart=0x608, mResId=0x7f140000, table:string)>
2026-01-03 17:15:01.865 | DEBUG    | androguard.core.axml:__init__:1833 - Config: <ARSCResTableConfig 'gu'=(0, 30055, 0, 0, 0, 0, 0, 0, 0)>
2026-01-03 17:15:01.865 | DEBUG    | androguard.core.axml:__init__:1805 - Found a header: <ARSCHeader idx='0x0013dcf4' type='513' header_size='84' size='1560'>
2026-01-03 17:15:01.865 | DEBUG    | androguard.core.axml:__init__:3125 - Skipping padding bytes!
2026-01-03 17:15:01.865 | DEBUG    | androguard.core.axml:__init__:2973 - Parsed <ARSCResType(start=0x13dcfc, id=0x14, flags=0x0, entryCount=365, entriesStart=0x608, mResId=0x7f140000, table:string)>
2026-01-03 17:15:01.865 | DEBUG    | androguard.core.axml:__init__:1833 - Config: <ARSCResTableConfig 'gu-v29'=(0, 30055, 0, 0, 0, 29, 0, 0, 0)>
2026-01-03 17:15:01.865 | DEBUG    | androguard.core.axml:__init__:1805 - Found a header: <ARSCHeader idx='0x0013e30c' type='513' header_size='84' size='3560'>
2026-01-03 17:15:01.866 | DEBUG    | androguard.core.axml:__init__:3125 - Skipping padding bytes!
2026-01-03 17:15:01.866 | DEBUG    | androguard.core.axml:__init__:2973 - Parsed <ARSCResType(start=0x13e314, id=0x14, flags=0x0, entryCount=365, entriesStart=0x608, mResId=0x7f140000, table:string)>
2026-01-03 17:15:01.866 | DEBUG    | androguard.core.axml:__init__:1833 - Config: <ARSCResTableConfig 'hu'=(0, 30056, 0, 0, 0, 0, 0, 0, 0)>
2026-01-03 17:15:01.866 | DEBUG    | androguard.core.axml:__init__:1805 - Found a header: <ARSCHeader idx='0x0013f0f4' type='513' header_size='84' size='1560'>
2026-01-03 17:15:01.866 | DEBUG    | androguard.core.axml:__init__:3125 - Skipping padding bytes!
2026-01-03 17:15:01.866 | DEBUG    | androguard.core.axml:__init__:2973 - Parsed <ARSCResType(start=0x13f0fc, id=0x14, flags=0x0, entryCount=365, entriesStart=0x608, mResId=0x7f140000, table:string)>
2026-01-03 17:15:01.866 | DEBUG    | androguard.core.axml:__init__:1833 - Config: <ARSCResTableConfig 'hu-v29'=(0, 30056, 0, 0, 0, 29, 0, 0, 0)>
2026-01-03 17:15:01.866 | DEBUG    | androguard.core.axml:__init__:1805 - Found a header: <ARSCHeader idx='0x0013f70c' type='513' header_size='84' size='3560'>
2026-01-03 17:15:01.866 | DEBUG    | androguard.core.axml:__init__:3125 - Skipping padding bytes!
2026-01-03 17:15:01.866 | DEBUG    | androguard.core.axml:__init__:2973 - Parsed <ARSCResType(start=0x13f714, id=0x14, flags=0x0, entryCount=365, entriesStart=0x608, mResId=0x7f140000, table:string)>
2026-01-03 17:15:01.866 | DEBUG    | androguard.core.axml:__init__:1833 - Config: <ARSCResTableConfig 'ru'=(0, 30066, 0, 0, 0, 0, 0, 0, 0)>
2026-01-03 17:15:01.867 | DEBUG    | androguard.core.axml:__init__:1805 - Found a header: <ARSCHeader idx='0x001404f4' type='513' header_size='84' size='1560'>
2026-01-03 17:15:01.867 | DEBUG    | androguard.core.axml:__init__:3125 - Skipping padding bytes!
2026-01-03 17:15:01.867 | DEBUG    | androguard.core.axml:__init__:2973 - Parsed <ARSCResType(start=0x1404fc, id=0x14, flags=0x0, entryCount=365, entriesStart=0x608, mResId=0x7f140000, table:string)>
2026-01-03 17:15:01.867 | DEBUG    | androguard.core.axml:__init__:1833 - Config: <ARSCResTableConfig 'ru-v29'=(0, 30066, 0, 0, 0, 29, 0, 0, 0)>
2026-01-03 17:15:01.867 | DEBUG    | androguard.core.axml:__init__:1805 - Found a header: <ARSCHeader idx='0x00140b0c' type='513' header_size='84' size='3560'>
2026-01-03 17:15:01.867 | DEBUG    | androguard.core.axml:__init__:3125 - Skipping padding bytes!
2026-01-03 17:15:01.867 | DEBUG    | androguard.core.axml:__init__:2973 - Parsed <ARSCResType(start=0x140b14, id=0x14, flags=0x0, entryCount=365, entriesStart=0x608, mResId=0x7f140000, table:string)>
2026-01-03 17:15:01.867 | DEBUG    | androguard.core.axml:__init__:1833 - Config: <ARSCResTableConfig 'zu'=(0, 30074, 0, 0, 0, 0, 0, 0, 0)>
2026-01-03 17:15:01.867 | DEBUG    | androguard.core.axml:__init__:1805 - Found a header: <ARSCHeader idx='0x001418f4' type='513' header_size='84' size='1560'>
2026-01-03 17:15:01.867 | DEBUG    | androguard.core.axml:__init__:3125 - Skipping padding bytes!
2026-01-03 17:15:01.867 | DEBUG    | androguard.core.axml:__init__:2973 - Parsed <ARSCResType(start=0x1418fc, id=0x14, flags=0x0, entryCount=365, entriesStart=0x608, mResId=0x7f140000, table:string)>
2026-01-03 17:15:01.867 | DEBUG    | androguard.core.axml:__init__:1833 - Config: <ARSCResTableConfig 'zu-v29'=(0, 30074, 0, 0, 0, 29, 0, 0, 0)>
2026-01-03 17:15:01.867 | DEBUG    | androguard.core.axml:__init__:1805 - Found a header: <ARSCHeader idx='0x00141f0c' type='513' header_size='84' size='3560'>
2026-01-03 17:15:01.867 | DEBUG    | androguard.core.axml:__init__:3125 - Skipping padding bytes!
2026-01-03 17:15:01.867 | DEBUG    | androguard.core.axml:__init__:2973 - Parsed <ARSCResType(start=0x141f14, id=0x14, flags=0x0, entryCount=365, entriesStart=0x608, mResId=0x7f140000, table:string)>
2026-01-03 17:15:01.867 | DEBUG    | androguard.core.axml:__init__:1833 - Config: <ARSCResTableConfig 'lv'=(0, 30316, 0, 0, 0, 0, 0, 0, 0)>
2026-01-03 17:15:01.868 | DEBUG    | androguard.core.axml:__init__:1805 - Found a header: <ARSCHeader idx='0x00142cf4' type='513' header_size='84' size='1560'>
2026-01-03 17:15:01.868 | DEBUG    | androguard.core.axml:__init__:3125 - Skipping padding bytes!
2026-01-03 17:15:01.868 | DEBUG    | androguard.core.axml:__init__:2973 - Parsed <ARSCResType(start=0x142cfc, id=0x14, flags=0x0, entryCount=365, entriesStart=0x608, mResId=0x7f140000, table:string)>
2026-01-03 17:15:01.868 | DEBUG    | androguard.core.axml:__init__:1833 - Config: <ARSCResTableConfig 'lv-v29'=(0, 30316, 0, 0, 0, 29, 0, 0, 0)>
2026-01-03 17:15:01.868 | DEBUG    | androguard.core.axml:__init__:1805 - Found a header: <ARSCHeader idx='0x0014330c' type='513' header_size='84' size='3560'>
2026-01-03 17:15:01.868 | DEBUG    | androguard.core.axml:__init__:3125 - Skipping padding bytes!
2026-01-03 17:15:01.868 | DEBUG    | androguard.core.axml:__init__:2973 - Parsed <ARSCResType(start=0x143314, id=0x14, flags=0x0, entryCount=365, entriesStart=0x608, mResId=0x7f140000, table:string)>
2026-01-03 17:15:01.868 | DEBUG    | androguard.core.axml:__init__:1833 - Config: <ARSCResTableConfig 'sv'=(0, 30323, 0, 0, 0, 0, 0, 0, 0)>
2026-01-03 17:15:01.868 | DEBUG    | androguard.core.axml:__init__:1805 - Found a header: <ARSCHeader idx='0x001440f4' type='513' header_size='84' size='1560'>
2026-01-03 17:15:01.868 | DEBUG    | androguard.core.axml:__init__:3125 - Skipping padding bytes!
2026-01-03 17:15:01.869 | DEBUG    | androguard.core.axml:__init__:2973 - Parsed <ARSCResType(start=0x1440fc, id=0x14, flags=0x0, entryCount=365, entriesStart=0x608, mResId=0x7f140000, table:string)>
2026-01-03 17:15:01.869 | DEBUG    | androguard.core.axml:__init__:1833 - Config: <ARSCResTableConfig 'sv-v29'=(0, 30323, 0, 0, 0, 29, 0, 0, 0)>
2026-01-03 17:15:01.869 | DEBUG    | androguard.core.axml:__init__:1805 - Found a header: <ARSCHeader idx='0x0014470c' type='513' header_size='84' size='3560'>
2026-01-03 17:15:01.869 | DEBUG    | androguard.core.axml:__init__:3125 - Skipping padding bytes!
2026-01-03 17:15:01.869 | DEBUG    | androguard.core.axml:__init__:2973 - Parsed <ARSCResType(start=0x144714, id=0x14, flags=0x0, entryCount=365, entriesStart=0x608, mResId=0x7f140000, table:string)>
2026-01-03 17:15:01.869 | DEBUG    | androguard.core.axml:__init__:1833 - Config: <ARSCResTableConfig 'iw'=(0, 30569, 0, 0, 0, 0, 0, 0, 0)>
2026-01-03 17:15:01.869 | DEBUG    | androguard.core.axml:__init__:1805 - Found a header: <ARSCHeader idx='0x001454f4' type='513' header_size='84' size='1560'>
2026-01-03 17:15:01.869 | DEBUG    | androguard.core.axml:__init__:3125 - Skipping padding bytes!
2026-01-03 17:15:01.869 | DEBUG    | androguard.core.axml:__init__:2973 - Parsed <ARSCResType(start=0x1454fc, id=0x14, flags=0x0, entryCount=365, entriesStart=0x608, mResId=0x7f140000, table:string)>
2026-01-03 17:15:01.869 | DEBUG    | androguard.core.axml:__init__:1833 - Config: <ARSCResTableConfig 'iw-v29'=(0, 30569, 0, 0, 0, 29, 0, 0, 0)>
2026-01-03 17:15:01.869 | DEBUG    | androguard.core.axml:__init__:1805 - Found a header: <ARSCHeader idx='0x00145b0c' type='513' header_size='84' size='3560'>
2026-01-03 17:15:01.869 | DEBUG    | androguard.core.axml:__init__:3125 - Skipping padding bytes!
2026-01-03 17:15:01.869 | DEBUG    | androguard.core.axml:__init__:2973 - Parsed <ARSCResType(start=0x145b14, id=0x14, flags=0x0, entryCount=365, entriesStart=0x608, mResId=0x7f140000, table:string)>
2026-01-03 17:15:01.869 | DEBUG    | androguard.core.axml:__init__:1833 - Config: <ARSCResTableConfig 'sw'=(0, 30579, 0, 0, 0, 0, 0, 0, 0)>
2026-01-03 17:15:01.870 | DEBUG    | androguard.core.axml:__init__:1805 - Found a header: <ARSCHeader idx='0x001468f4' type='513' header_size='84' size='1560'>
2026-01-03 17:15:01.870 | DEBUG    | androguard.core.axml:__init__:3125 - Skipping padding bytes!
2026-01-03 17:15:01.870 | DEBUG    | androguard.core.axml:__init__:2973 - Parsed <ARSCResType(start=0x1468fc, id=0x14, flags=0x0, entryCount=365, entriesStart=0x608, mResId=0x7f140000, table:string)>
2026-01-03 17:15:01.870 | DEBUG    | androguard.core.axml:__init__:1833 - Config: <ARSCResTableConfig 'sw-v29'=(0, 30579, 0, 0, 0, 29, 0, 0, 0)>
2026-01-03 17:15:01.870 | DEBUG    | androguard.core.axml:__init__:1805 - Found a header: <ARSCHeader idx='0x00146f0c' type='513' header_size='84' size='3544'>
2026-01-03 17:15:01.870 | DEBUG    | androguard.core.axml:__init__:3125 - Skipping padding bytes!
2026-01-03 17:15:01.870 | DEBUG    | androguard.core.axml:__init__:2973 - Parsed <ARSCResType(start=0x146f14, id=0x14, flags=0x0, entryCount=365, entriesStart=0x608, mResId=0x7f140000, table:string)>
2026-01-03 17:15:01.870 | DEBUG    | androguard.core.axml:__init__:1833 - Config: <ARSCResTableConfig 'hy'=(0, 31080, 0, 0, 0, 0, 0, 0, 0)>
2026-01-03 17:15:01.870 | DEBUG    | androguard.core.axml:__init__:1805 - Found a header: <ARSCHeader idx='0x00147ce4' type='513' header_size='84' size='1560'>
2026-01-03 17:15:01.870 | DEBUG    | androguard.core.axml:__init__:3125 - Skipping padding bytes!
2026-01-03 17:15:01.870 | DEBUG    | androguard.core.axml:__init__:2973 - Parsed <ARSCResType(start=0x147cec, id=0x14, flags=0x0, entryCount=365, entriesStart=0x608, mResId=0x7f140000, table:string)>
2026-01-03 17:15:01.870 | DEBUG    | androguard.core.axml:__init__:1833 - Config: <ARSCResTableConfig 'hy-v29'=(0, 31080, 0, 0, 0, 29, 0, 0, 0)>
2026-01-03 17:15:01.871 | DEBUG    | androguard.core.axml:__init__:1805 - Found a header: <ARSCHeader idx='0x001482fc' type='513' header_size='84' size='3544'>
2026-01-03 17:15:01.871 | DEBUG    | androguard.core.axml:__init__:3125 - Skipping padding bytes!
2026-01-03 17:15:01.871 | DEBUG    | androguard.core.axml:__init__:2973 - Parsed <ARSCResType(start=0x148304, id=0x14, flags=0x0, entryCount=365, entriesStart=0x608, mResId=0x7f140000, table:string)>
2026-01-03 17:15:01.871 | DEBUG    | androguard.core.axml:__init__:1833 - Config: <ARSCResTableConfig 'ky'=(0, 31083, 0, 0, 0, 0, 0, 0, 0)>
2026-01-03 17:15:01.871 | DEBUG    | androguard.core.axml:__init__:1805 - Found a header: <ARSCHeader idx='0x001490d4' type='513' header_size='84' size='1560'>
2026-01-03 17:15:01.871 | DEBUG    | androguard.core.axml:__init__:3125 - Skipping padding bytes!
2026-01-03 17:15:01.871 | DEBUG    | androguard.core.axml:__init__:2973 - Parsed <ARSCResType(start=0x1490dc, id=0x14, flags=0x0, entryCount=365, entriesStart=0x608, mResId=0x7f140000, table:string)>
2026-01-03 17:15:01.871 | DEBUG    | androguard.core.axml:__init__:1833 - Config: <ARSCResTableConfig 'ky-v29'=(0, 31083, 0, 0, 0, 29, 0, 0, 0)>
2026-01-03 17:15:01.871 | DEBUG    | androguard.core.axml:__init__:1805 - Found a header: <ARSCHeader idx='0x001496ec' type='513' header_size='84' size='3544'>
2026-01-03 17:15:01.871 | DEBUG    | androguard.core.axml:__init__:3125 - Skipping padding bytes!
2026-01-03 17:15:01.871 | DEBUG    | androguard.core.axml:__init__:2973 - Parsed <ARSCResType(start=0x1496f4, id=0x14, flags=0x0, entryCount=365, entriesStart=0x608, mResId=0x7f140000, table:string)>
2026-01-03 17:15:01.872 | DEBUG    | androguard.core.axml:__init__:1833 - Config: <ARSCResTableConfig 'my'=(0, 31085, 0, 0, 0, 0, 0, 0, 0)>
2026-01-03 17:15:01.872 | DEBUG    | androguard.core.axml:__init__:1805 - Found a header: <ARSCHeader idx='0x0014a4c4' type='513' header_size='84' size='1560'>
2026-01-03 17:15:01.872 | DEBUG    | androguard.core.axml:__init__:3125 - Skipping padding bytes!
2026-01-03 17:15:01.872 | DEBUG    | androguard.core.axml:__init__:2973 - Parsed <ARSCResType(start=0x14a4cc, id=0x14, flags=0x0, entryCount=365, entriesStart=0x608, mResId=0x7f140000, table:string)>
2026-01-03 17:15:01.872 | DEBUG    | androguard.core.axml:__init__:1833 - Config: <ARSCResTableConfig 'my-v29'=(0, 31085, 0, 0, 0, 29, 0, 0, 0)>
2026-01-03 17:15:01.872 | DEBUG    | androguard.core.axml:__init__:1805 - Found a header: <ARSCHeader idx='0x0014aadc' type='513' header_size='84' size='3544'>
2026-01-03 17:15:01.872 | DEBUG    | androguard.core.axml:__init__:3125 - Skipping padding bytes!
2026-01-03 17:15:01.872 | DEBUG    | androguard.core.axml:__init__:2973 - Parsed <ARSCResType(start=0x14aae4, id=0x14, flags=0x0, entryCount=365, entriesStart=0x608, mResId=0x7f140000, table:string)>
2026-01-03 17:15:01.872 | DEBUG    | androguard.core.axml:__init__:1833 - Config: <ARSCResTableConfig 'az'=(0, 31329, 0, 0, 0, 0, 0, 0, 0)>
2026-01-03 17:15:01.873 | DEBUG    | androguard.core.axml:__init__:1805 - Found a header: <ARSCHeader idx='0x0014b8b4' type='513' header_size='84' size='1560'>
2026-01-03 17:15:01.873 | DEBUG    | androguard.core.axml:__init__:3125 - Skipping padding bytes!
2026-01-03 17:15:01.873 | DEBUG    | androguard.core.axml:__init__:2973 - Parsed <ARSCResType(start=0x14b8bc, id=0x14, flags=0x0, entryCount=365, entriesStart=0x608, mResId=0x7f140000, table:string)>
2026-01-03 17:15:01.873 | DEBUG    | androguard.core.axml:__init__:1833 - Config: <ARSCResTableConfig 'az-v29'=(0, 31329, 0, 0, 0, 29, 0, 0, 0)>
2026-01-03 17:15:01.873 | DEBUG    | androguard.core.axml:__init__:1805 - Found a header: <ARSCHeader idx='0x0014becc' type='513' header_size='84' size='3544'>
2026-01-03 17:15:01.873 | DEBUG    | androguard.core.axml:__init__:3125 - Skipping padding bytes!
2026-01-03 17:15:01.873 | DEBUG    | androguard.core.axml:__init__:2973 - Parsed <ARSCResType(start=0x14bed4, id=0x14, flags=0x0, entryCount=365, entriesStart=0x608, mResId=0x7f140000, table:string)>
2026-01-03 17:15:01.873 | DEBUG    | androguard.core.axml:__init__:1833 - Config: <ARSCResTableConfig 'uz'=(0, 31349, 0, 0, 0, 0, 0, 0, 0)>
2026-01-03 17:15:01.873 | DEBUG    | androguard.core.axml:__init__:1805 - Found a header: <ARSCHeader idx='0x0014cca4' type='513' header_size='84' size='1560'>
2026-01-03 17:15:01.873 | DEBUG    | androguard.core.axml:__init__:3125 - Skipping padding bytes!
2026-01-03 17:15:01.873 | DEBUG    | androguard.core.axml:__init__:2973 - Parsed <ARSCResType(start=0x14ccac, id=0x14, flags=0x0, entryCount=365, entriesStart=0x608, mResId=0x7f140000, table:string)>
2026-01-03 17:15:01.873 | DEBUG    | androguard.core.axml:__init__:1833 - Config: <ARSCResTableConfig 'uz-v29'=(0, 31349, 0, 0, 0, 29, 0, 0, 0)>
2026-01-03 17:15:01.873 | DEBUG    | androguard.core.axml:__init__:1805 - Found a header: <ARSCHeader idx='0x0014d2bc' type='513' header_size='84' size='2952'>
2026-01-03 17:15:01.873 | DEBUG    | androguard.core.axml:__init__:3125 - Skipping padding bytes!
2026-01-03 17:15:01.873 | DEBUG    | androguard.core.axml:__init__:2973 - Parsed <ARSCResType(start=0x14d2c4, id=0x14, flags=0x0, entryCount=365, entriesStart=0x608, mResId=0x7f140000, table:string)>
2026-01-03 17:15:01.873 | DEBUG    | androguard.core.axml:__init__:1833 - Config: <ARSCResTableConfig 'es-r419'=(0, 614757221, 0, 0, 0, 0, 0, 0, 0)>
2026-01-03 17:15:01.874 | DEBUG    | androguard.core.axml:__init__:1805 - Found a header: <ARSCHeader idx='0x0014de44' type='513' header_size='84' size='1560'>
2026-01-03 17:15:01.874 | DEBUG    | androguard.core.axml:__init__:3125 - Skipping padding bytes!
2026-01-03 17:15:01.874 | DEBUG    | androguard.core.axml:__init__:2973 - Parsed <ARSCResType(start=0x14de4c, id=0x14, flags=0x0, entryCount=365, entriesStart=0x608, mResId=0x7f140000, table:string)>
2026-01-03 17:15:01.874 | DEBUG    | androguard.core.axml:__init__:1833 - Config: <ARSCResTableConfig 'es-r419-v29'=(0, 614757221, 0, 0, 0, 29, 0, 0, 0)>
2026-01-03 17:15:01.874 | DEBUG    | androguard.core.axml:__init__:1805 - Found a header: <ARSCHeader idx='0x0014e45c' type='513' header_size='84' size='1880'>
2026-01-03 17:15:01.874 | DEBUG    | androguard.core.axml:__init__:3125 - Skipping padding bytes!
2026-01-03 17:15:01.874 | DEBUG    | androguard.core.axml:__init__:2973 - Parsed <ARSCResType(start=0x14e464, id=0x14, flags=0x0, entryCount=365, entriesStart=0x608, mResId=0x7f140000, table:string)>
2026-01-03 17:15:01.874 | DEBUG    | androguard.core.axml:__init__:1833 - Config: <ARSCResTableConfig 'en-rCA'=(0, 1094938213, 0, 0, 0, 0, 0, 0, 0)>
2026-01-03 17:15:01.874 | DEBUG    | androguard.core.axml:__init__:1805 - Found a header: <ARSCHeader idx='0x0014ebb4' type='513' header_size='84' size='3544'>
2026-01-03 17:15:01.874 | DEBUG    | androguard.core.axml:__init__:3125 - Skipping padding bytes!
2026-01-03 17:15:01.874 | DEBUG    | androguard.core.axml:__init__:2973 - Parsed <ARSCResType(start=0x14ebbc, id=0x14, flags=0x0, entryCount=365, entriesStart=0x608, mResId=0x7f140000, table:string)>
2026-01-03 17:15:01.874 | DEBUG    | androguard.core.axml:__init__:1833 - Config: <ARSCResTableConfig 'fr-rCA'=(0, 1094939238, 0, 0, 0, 0, 0, 0, 0)>
2026-01-03 17:15:01.875 | DEBUG    | androguard.core.axml:__init__:1805 - Found a header: <ARSCHeader idx='0x0014f98c' type='513' header_size='84' size='1560'>
2026-01-03 17:15:01.875 | DEBUG    | androguard.core.axml:__init__:3125 - Skipping padding bytes!
2026-01-03 17:15:01.875 | DEBUG    | androguard.core.axml:__init__:2973 - Parsed <ARSCResType(start=0x14f994, id=0x14, flags=0x0, entryCount=365, entriesStart=0x608, mResId=0x7f140000, table:string)>
2026-01-03 17:15:01.875 | DEBUG    | androguard.core.axml:__init__:1833 - Config: <ARSCResTableConfig 'fr-rCA-v29'=(0, 1094939238, 0, 0, 0, 29, 0, 0, 0)>
2026-01-03 17:15:01.875 | DEBUG    | androguard.core.axml:__init__:1805 - Found a header: <ARSCHeader idx='0x0014ffa4' type='513' header_size='84' size='3560'>
2026-01-03 17:15:01.875 | DEBUG    | androguard.core.axml:__init__:3125 - Skipping padding bytes!
2026-01-03 17:15:01.875 | DEBUG    | androguard.core.axml:__init__:2973 - Parsed <ARSCResType(start=0x14ffac, id=0x14, flags=0x0, entryCount=365, entriesStart=0x608, mResId=0x7f140000, table:string)>
2026-01-03 17:15:01.875 | DEBUG    | androguard.core.axml:__init__:1833 - Config: <ARSCResTableConfig 'en-rGB'=(0, 1111977573, 0, 0, 0, 0, 0, 0, 0)>
2026-01-03 17:15:01.876 | DEBUG    | androguard.core.axml:__init__:1805 - Found a header: <ARSCHeader idx='0x00150d8c' type='513' header_size='84' size='1560'>
2026-01-03 17:15:01.876 | DEBUG    | androguard.core.axml:__init__:3125 - Skipping padding bytes!
2026-01-03 17:15:01.876 | DEBUG    | androguard.core.axml:__init__:2973 - Parsed <ARSCResType(start=0x150d94, id=0x14, flags=0x0, entryCount=365, entriesStart=0x608, mResId=0x7f140000, table:string)>
2026-01-03 17:15:01.876 | DEBUG    | androguard.core.axml:__init__:1833 - Config: <ARSCResTableConfig 'en-rGB-v29'=(0, 1111977573, 0, 0, 0, 29, 0, 0, 0)>
2026-01-03 17:15:01.876 | DEBUG    | androguard.core.axml:__init__:1805 - Found a header: <ARSCHeader idx='0x001513a4' type='513' header_size='84' size='1880'>
2026-01-03 17:15:01.876 | DEBUG    | androguard.core.axml:__init__:3125 - Skipping padding bytes!
2026-01-03 17:15:01.876 | DEBUG    | androguard.core.axml:__init__:2973 - Parsed <ARSCResType(start=0x1513ac, id=0x14, flags=0x0, entryCount=365, entriesStart=0x608, mResId=0x7f140000, table:string)>
2026-01-03 17:15:01.876 | DEBUG    | androguard.core.axml:__init__:1833 - Config: <ARSCResTableConfig 'en-rXC'=(0, 1129868901, 0, 0, 0, 0, 0, 0, 0)>
2026-01-03 17:15:01.876 | DEBUG    | androguard.core.axml:__init__:1805 - Found a header: <ARSCHeader idx='0x00151afc' type='513' header_size='84' size='3544'>
2026-01-03 17:15:01.876 | DEBUG    | androguard.core.axml:__init__:3125 - Skipping padding bytes!
2026-01-03 17:15:01.876 | DEBUG    | androguard.core.axml:__init__:2973 - Parsed <ARSCResType(start=0x151b04, id=0x14, flags=0x0, entryCount=365, entriesStart=0x608, mResId=0x7f140000, table:string)>
2026-01-03 17:15:01.876 | DEBUG    | androguard.core.axml:__init__:1833 - Config: <ARSCResTableConfig 'zh-rHK'=(0, 1263036538, 0, 0, 0, 0, 0, 0, 0)>
2026-01-03 17:15:01.877 | DEBUG    | androguard.core.axml:__init__:1805 - Found a header: <ARSCHeader idx='0x001528d4' type='513' header_size='84' size='1560'>
2026-01-03 17:15:01.877 | DEBUG    | androguard.core.axml:__init__:3125 - Skipping padding bytes!
2026-01-03 17:15:01.877 | DEBUG    | androguard.core.axml:__init__:2973 - Parsed <ARSCResType(start=0x1528dc, id=0x14, flags=0x0, entryCount=365, entriesStart=0x608, mResId=0x7f140000, table:string)>
2026-01-03 17:15:01.877 | DEBUG    | androguard.core.axml:__init__:1833 - Config: <ARSCResTableConfig 'zh-rHK-v29'=(0, 1263036538, 0, 0, 0, 29, 0, 0, 0)>
2026-01-03 17:15:01.877 | DEBUG    | androguard.core.axml:__init__:1805 - Found a header: <ARSCHeader idx='0x00152eec' type='513' header_size='84' size='2296'>
2026-01-03 17:15:01.877 | DEBUG    | androguard.core.axml:__init__:3125 - Skipping padding bytes!
2026-01-03 17:15:01.877 | DEBUG    | androguard.core.axml:__init__:2973 - Parsed <ARSCResType(start=0x152ef4, id=0x14, flags=0x0, entryCount=365, entriesStart=0x608, mResId=0x7f140000, table:string)>
2026-01-03 17:15:01.877 | DEBUG    | androguard.core.axml:__init__:1833 - Config: <ARSCResTableConfig 'zh-rCN'=(0, 1313040506, 0, 0, 0, 0, 0, 0, 0)>
2026-01-03 17:15:01.877 | DEBUG    | androguard.core.axml:__init__:1805 - Found a header: <ARSCHeader idx='0x001537e4' type='513' header_size='84' size='1880'>
2026-01-03 17:15:01.877 | DEBUG    | androguard.core.axml:__init__:3125 - Skipping padding bytes!
2026-01-03 17:15:01.877 | DEBUG    | androguard.core.axml:__init__:2973 - Parsed <ARSCResType(start=0x1537ec, id=0x14, flags=0x0, entryCount=365, entriesStart=0x608, mResId=0x7f140000, table:string)>
2026-01-03 17:15:01.877 | DEBUG    | androguard.core.axml:__init__:1833 - Config: <ARSCResTableConfig 'en-rIN'=(0, 1313435237, 0, 0, 0, 0, 0, 0, 0)>
2026-01-03 17:15:01.877 | DEBUG    | androguard.core.axml:__init__:1805 - Found a header: <ARSCHeader idx='0x00153f3c' type='513' header_size='84' size='3544'>
2026-01-03 17:15:01.877 | DEBUG    | androguard.core.axml:__init__:3125 - Skipping padding bytes!
2026-01-03 17:15:01.877 | DEBUG    | androguard.core.axml:__init__:2973 - Parsed <ARSCResType(start=0x153f44, id=0x14, flags=0x0, entryCount=365, entriesStart=0x608, mResId=0x7f140000, table:string)>
2026-01-03 17:15:01.877 | DEBUG    | androguard.core.axml:__init__:1833 - Config: <ARSCResTableConfig 'pt-rBR'=(0, 1380086896, 0, 0, 0, 0, 0, 0, 0)>
2026-01-03 17:15:01.878 | DEBUG    | androguard.core.axml:__init__:1805 - Found a header: <ARSCHeader idx='0x00154d14' type='513' header_size='84' size='1560'>
2026-01-03 17:15:01.878 | DEBUG    | androguard.core.axml:__init__:3125 - Skipping padding bytes!
2026-01-03 17:15:01.878 | DEBUG    | androguard.core.axml:__init__:2973 - Parsed <ARSCResType(start=0x154d1c, id=0x14, flags=0x0, entryCount=365, entriesStart=0x608, mResId=0x7f140000, table:string)>
2026-01-03 17:15:01.878 | DEBUG    | androguard.core.axml:__init__:1833 - Config: <ARSCResTableConfig 'pt-rBR-v29'=(0, 1380086896, 0, 0, 0, 29, 0, 0, 0)>
2026-01-03 17:15:01.878 | DEBUG    | androguard.core.axml:__init__:1805 - Found a header: <ARSCHeader idx='0x0015532c' type='513' header_size='84' size='2296'>
2026-01-03 17:15:01.878 | DEBUG    | androguard.core.axml:__init__:3125 - Skipping padding bytes!
2026-01-03 17:15:01.878 | DEBUG    | androguard.core.axml:__init__:2973 - Parsed <ARSCResType(start=0x155334, id=0x14, flags=0x0, entryCount=365, entriesStart=0x608, mResId=0x7f140000, table:string)>
2026-01-03 17:15:01.878 | DEBUG    | androguard.core.axml:__init__:1833 - Config: <ARSCResTableConfig 'es-rUS'=(0, 1398109029, 0, 0, 0, 0, 0, 0, 0)>
2026-01-03 17:15:01.878 | DEBUG    | androguard.core.axml:__init__:1805 - Found a header: <ARSCHeader idx='0x00155c24' type='513' header_size='84' size='3560'>
2026-01-03 17:15:01.878 | DEBUG    | androguard.core.axml:__init__:3125 - Skipping padding bytes!
2026-01-03 17:15:01.878 | DEBUG    | androguard.core.axml:__init__:2973 - Parsed <ARSCResType(start=0x155c2c, id=0x14, flags=0x0, entryCount=365, entriesStart=0x608, mResId=0x7f140000, table:string)>
2026-01-03 17:15:01.878 | DEBUG    | androguard.core.axml:__init__:1833 - Config: <ARSCResTableConfig 'pt-rPT'=(0, 1414558832, 0, 0, 0, 0, 0, 0, 0)>
2026-01-03 17:15:01.879 | DEBUG    | androguard.core.axml:__init__:1805 - Found a header: <ARSCHeader idx='0x00156a0c' type='513' header_size='84' size='1560'>
2026-01-03 17:15:01.879 | DEBUG    | androguard.core.axml:__init__:3125 - Skipping padding bytes!
2026-01-03 17:15:01.879 | DEBUG    | androguard.core.axml:__init__:2973 - Parsed <ARSCResType(start=0x156a14, id=0x14, flags=0x0, entryCount=365, entriesStart=0x608, mResId=0x7f140000, table:string)>
2026-01-03 17:15:01.879 | DEBUG    | androguard.core.axml:__init__:1833 - Config: <ARSCResTableConfig 'pt-rPT-v29'=(0, 1414558832, 0, 0, 0, 29, 0, 0, 0)>
2026-01-03 17:15:01.879 | DEBUG    | androguard.core.axml:__init__:1805 - Found a header: <ARSCHeader idx='0x00157024' type='513' header_size='84' size='1880'>
2026-01-03 17:15:01.879 | DEBUG    | androguard.core.axml:__init__:3125 - Skipping padding bytes!
2026-01-03 17:15:01.879 | DEBUG    | androguard.core.axml:__init__:2973 - Parsed <ARSCResType(start=0x15702c, id=0x14, flags=0x0, entryCount=365, entriesStart=0x608, mResId=0x7f140000, table:string)>
2026-01-03 17:15:01.879 | DEBUG    | androguard.core.axml:__init__:1833 - Config: <ARSCResTableConfig 'en-rAU'=(0, 1430351461, 0, 0, 0, 0, 0, 0, 0)>
2026-01-03 17:15:01.879 | DEBUG    | androguard.core.axml:__init__:1805 - Found a header: <ARSCHeader idx='0x0015777c' type='513' header_size='84' size='3560'>
2026-01-03 17:15:01.879 | DEBUG    | androguard.core.axml:__init__:3125 - Skipping padding bytes!
2026-01-03 17:15:01.879 | DEBUG    | androguard.core.axml:__init__:2973 - Parsed <ARSCResType(start=0x157784, id=0x14, flags=0x0, entryCount=365, entriesStart=0x608, mResId=0x7f140000, table:string)>
2026-01-03 17:15:01.879 | DEBUG    | androguard.core.axml:__init__:1833 - Config: <ARSCResTableConfig 'zh-rTW'=(0, 1465149562, 0, 0, 0, 0, 0, 0, 0)>
2026-01-03 17:15:01.880 | DEBUG    | androguard.core.axml:__init__:1805 - Found a header: <ARSCHeader idx='0x00158564' type='513' header_size='84' size='1560'>
2026-01-03 17:15:01.880 | DEBUG    | androguard.core.axml:__init__:3125 - Skipping padding bytes!
2026-01-03 17:15:01.880 | DEBUG    | androguard.core.axml:__init__:2973 - Parsed <ARSCResType(start=0x15856c, id=0x14, flags=0x0, entryCount=365, entriesStart=0x608, mResId=0x7f140000, table:string)>
2026-01-03 17:15:01.880 | DEBUG    | androguard.core.axml:__init__:1833 - Config: <ARSCResTableConfig 'zh-rTW-v29'=(0, 1465149562, 0, 0, 0, 29, 0, 0, 0)>
2026-01-03 17:15:01.880 | DEBUG    | androguard.core.axml:__init__:1805 - Found a header: <ARSCHeader idx='0x00158b7c' type='514' header_size='16' size='10420'>
2026-01-03 17:15:01.880 | WARNING  | androguard.core.axml:__init__:2935 - res1 must be zero!
2026-01-03 17:15:01.880 | DEBUG    | androguard.core.axml:__init__:1805 - Found a header: <ARSCHeader idx='0x0015b430' type='513' header_size='84' size='118164'>
2026-01-03 17:15:01.880 | DEBUG    | androguard.core.axml:__init__:3125 - Skipping padding bytes!
2026-01-03 17:15:01.880 | DEBUG    | androguard.core.axml:__init__:2973 - Parsed <ARSCResType(start=0x15b438, id=0x15, flags=0x0, entryCount=2601, entriesStart=0x28f8, mResId=0x7f150000, table:style)>
2026-01-03 17:15:01.880 | DEBUG    | androguard.core.axml:__init__:1833 - Config: <ARSCResTableConfig ''=(0, 0, 0, 0, 0, 0, 0, 0, 0)>
2026-01-03 17:15:01.932 | DEBUG    | androguard.core.axml:__init__:1805 - Found a header: <ARSCHeader idx='0x001781c4' type='513' header_size='84' size='10528'>
2026-01-03 17:15:01.932 | DEBUG    | androguard.core.axml:__init__:3125 - Skipping padding bytes!
2026-01-03 17:15:01.932 | DEBUG    | androguard.core.axml:__init__:2973 - Parsed <ARSCResType(start=0x1781cc, id=0x15, flags=0x0, entryCount=2601, entriesStart=0x28f8, mResId=0x7f150000, table:style)>
2026-01-03 17:15:01.932 | DEBUG    | androguard.core.axml:__init__:1833 - Config: <ARSCResTableConfig 'sw600dp'=(0, 0, 0, 0, 0, 0, 39321600, 0, 0)>
2026-01-03 17:15:01.933 | DEBUG    | androguard.core.axml:__init__:1805 - Found a header: <ARSCHeader idx='0x0017aae4' type='513' header_size='84' size='10516'>
2026-01-03 17:15:01.933 | DEBUG    | androguard.core.axml:__init__:3125 - Skipping padding bytes!
2026-01-03 17:15:01.933 | DEBUG    | androguard.core.axml:__init__:2973 - Parsed <ARSCResType(start=0x17aaec, id=0x15, flags=0x0, entryCount=2601, entriesStart=0x28f8, mResId=0x7f150000, table:style)>
2026-01-03 17:15:01.933 | DEBUG    | androguard.core.axml:__init__:1833 - Config: <ARSCResTableConfig 'sw800dp-w1200dp'=(0, 0, 0, 0, 0, 0, 52428800, 1200, 0)>
2026-01-03 17:15:01.933 | DEBUG    | androguard.core.axml:__init__:1805 - Found a header: <ARSCHeader idx='0x0017d3f8' type='513' header_size='84' size='10608'>
2026-01-03 17:15:01.934 | DEBUG    | androguard.core.axml:__init__:3125 - Skipping padding bytes!
2026-01-03 17:15:01.934 | DEBUG    | androguard.core.axml:__init__:2973 - Parsed <ARSCResType(start=0x17d400, id=0x15, flags=0x0, entryCount=2601, entriesStart=0x28f8, mResId=0x7f150000, table:style)>
2026-01-03 17:15:01.934 | DEBUG    | androguard.core.axml:__init__:1833 - Config: <ARSCResTableConfig 'watch'=(0, 0, 0, 0, 0, 0, 1536, 0, 0)>
2026-01-03 17:15:01.934 | DEBUG    | androguard.core.axml:__init__:1805 - Found a header: <ARSCHeader idx='0x0017fd68' type='513' header_size='84' size='10568'>
2026-01-03 17:15:01.934 | DEBUG    | androguard.core.axml:__init__:3125 - Skipping padding bytes!
2026-01-03 17:15:01.934 | DEBUG    | androguard.core.axml:__init__:2973 - Parsed <ARSCResType(start=0x17fd70, id=0x15, flags=0x0, entryCount=2601, entriesStart=0x28f8, mResId=0x7f150000, table:style)>
2026-01-03 17:15:01.934 | DEBUG    | androguard.core.axml:__init__:1833 - Config: <ARSCResTableConfig 'night'=(0, 0, 0, 0, 0, 0, 8192, 0, 0)>
2026-01-03 17:15:01.935 | DEBUG    | androguard.core.axml:__init__:1805 - Found a header: <ARSCHeader idx='0x001826b0' type='513' header_size='84' size='13032'>
2026-01-03 17:15:01.935 | DEBUG    | androguard.core.axml:__init__:3125 - Skipping padding bytes!
2026-01-03 17:15:01.935 | DEBUG    | androguard.core.axml:__init__:2973 - Parsed <ARSCResType(start=0x1826b8, id=0x15, flags=0x0, entryCount=2601, entriesStart=0x28f8, mResId=0x7f150000, table:style)>
2026-01-03 17:15:01.935 | DEBUG    | androguard.core.axml:__init__:1833 - Config: <ARSCResTableConfig 'v24'=(0, 0, 0, 0, 0, 24, 0, 0, 0)>
2026-01-03 17:15:01.936 | DEBUG    | androguard.core.axml:__init__:1805 - Found a header: <ARSCHeader idx='0x00185998' type='513' header_size='84' size='10552'>
2026-01-03 17:15:01.936 | DEBUG    | androguard.core.axml:__init__:3125 - Skipping padding bytes!
2026-01-03 17:15:01.936 | DEBUG    | androguard.core.axml:__init__:2973 - Parsed <ARSCResType(start=0x1859a0, id=0x15, flags=0x0, entryCount=2601, entriesStart=0x28f8, mResId=0x7f150000, table:style)>
2026-01-03 17:15:01.936 | DEBUG    | androguard.core.axml:__init__:1833 - Config: <ARSCResTableConfig 'v25'=(0, 0, 0, 0, 0, 25, 0, 0, 0)>
2026-01-03 17:15:01.936 | DEBUG    | androguard.core.axml:__init__:1805 - Found a header: <ARSCHeader idx='0x001882d0' type='513' header_size='84' size='10696'>
2026-01-03 17:15:01.936 | DEBUG    | androguard.core.axml:__init__:3125 - Skipping padding bytes!
2026-01-03 17:15:01.936 | DEBUG    | androguard.core.axml:__init__:2973 - Parsed <ARSCResType(start=0x1882d8, id=0x15, flags=0x0, entryCount=2601, entriesStart=0x28f8, mResId=0x7f150000, table:style)>
2026-01-03 17:15:01.936 | DEBUG    | androguard.core.axml:__init__:1833 - Config: <ARSCResTableConfig 'v26'=(0, 0, 0, 0, 0, 26, 0, 0, 0)>
2026-01-03 17:15:01.937 | DEBUG    | androguard.core.axml:__init__:1805 - Found a header: <ARSCHeader idx='0x0018ac98' type='513' header_size='84' size='11116'>
2026-01-03 17:15:01.937 | DEBUG    | androguard.core.axml:__init__:3125 - Skipping padding bytes!
2026-01-03 17:15:01.937 | DEBUG    | androguard.core.axml:__init__:2973 - Parsed <ARSCResType(start=0x18aca0, id=0x15, flags=0x0, entryCount=2601, entriesStart=0x28f8, mResId=0x7f150000, table:style)>
2026-01-03 17:15:01.937 | DEBUG    | androguard.core.axml:__init__:1833 - Config: <ARSCResTableConfig 'v27'=(0, 0, 0, 0, 0, 27, 0, 0, 0)>
2026-01-03 17:15:01.938 | DEBUG    | androguard.core.axml:__init__:1805 - Found a header: <ARSCHeader idx='0x0018d804' type='513' header_size='84' size='17676'>
2026-01-03 17:15:01.938 | DEBUG    | androguard.core.axml:__init__:3125 - Skipping padding bytes!
2026-01-03 17:15:01.938 | DEBUG    | androguard.core.axml:__init__:2973 - Parsed <ARSCResType(start=0x18d80c, id=0x15, flags=0x0, entryCount=2601, entriesStart=0x28f8, mResId=0x7f150000, table:style)>
2026-01-03 17:15:01.938 | DEBUG    | androguard.core.axml:__init__:1833 - Config: <ARSCResTableConfig 'v28'=(0, 0, 0, 0, 0, 28, 0, 0, 0)>
2026-01-03 17:15:01.939 | DEBUG    | androguard.core.axml:__init__:1805 - Found a header: <ARSCHeader idx='0x00191d10' type='513' header_size='84' size='17176'>
2026-01-03 17:15:01.939 | DEBUG    | androguard.core.axml:__init__:3125 - Skipping padding bytes!
2026-01-03 17:15:01.939 | DEBUG    | androguard.core.axml:__init__:2973 - Parsed <ARSCResType(start=0x191d18, id=0x15, flags=0x0, entryCount=2601, entriesStart=0x28f8, mResId=0x7f150000, table:style)>
2026-01-03 17:15:01.939 | DEBUG    | androguard.core.axml:__init__:1833 - Config: <ARSCResTableConfig 'v29'=(0, 0, 0, 0, 0, 29, 0, 0, 0)>
2026-01-03 17:15:01.940 | DEBUG    | androguard.core.axml:__init__:1805 - Found a header: <ARSCHeader idx='0x00196028' type='513' header_size='84' size='13992'>
2026-01-03 17:15:01.941 | DEBUG    | androguard.core.axml:__init__:3125 - Skipping padding bytes!
2026-01-03 17:15:01.941 | DEBUG    | androguard.core.axml:__init__:2973 - Parsed <ARSCResType(start=0x196030, id=0x15, flags=0x0, entryCount=2601, entriesStart=0x28f8, mResId=0x7f150000, table:style)>
2026-01-03 17:15:01.941 | DEBUG    | androguard.core.axml:__init__:1833 - Config: <ARSCResTableConfig 'v31'=(0, 0, 0, 0, 0, 31, 0, 0, 0)>
2026-01-03 17:15:01.942 | DEBUG    | androguard.core.axml:__init__:1805 - Found a header: <ARSCHeader idx='0x001996d0' type='513' header_size='84' size='10656'>
2026-01-03 17:15:01.942 | DEBUG    | androguard.core.axml:__init__:3125 - Skipping padding bytes!
2026-01-03 17:15:01.942 | DEBUG    | androguard.core.axml:__init__:2973 - Parsed <ARSCResType(start=0x1996d8, id=0x15, flags=0x0, entryCount=2601, entriesStart=0x28f8, mResId=0x7f150000, table:style)>
2026-01-03 17:15:01.942 | DEBUG    | androguard.core.axml:__init__:1833 - Config: <ARSCResTableConfig 'land'=(0, 0, 2, 0, 0, 0, 0, 0, 0)>
2026-01-03 17:15:01.943 | DEBUG    | androguard.core.axml:__init__:1805 - Found a header: <ARSCHeader idx='0x0019c070' type='513' header_size='84' size='10540'>
2026-01-03 17:15:01.943 | DEBUG    | androguard.core.axml:__init__:3125 - Skipping padding bytes!
2026-01-03 17:15:01.943 | DEBUG    | androguard.core.axml:__init__:2973 - Parsed <ARSCResType(start=0x19c078, id=0x15, flags=0x0, entryCount=2601, entriesStart=0x28f8, mResId=0x7f150000, table:style)>
2026-01-03 17:15:01.943 | DEBUG    | androguard.core.axml:__init__:1833 - Config: <ARSCResTableConfig 'hdpi'=(0, 0, 15728640, 0, 0, 0, 0, 0, 0)>
2026-01-03 17:15:01.943 | DEBUG    | androguard.core.axml:__init__:1805 - Found a header: <ARSCHeader idx='0x0019e99c' type='514' header_size='16' size='176'>
2026-01-03 17:15:01.943 | WARNING  | androguard.core.axml:__init__:2935 - res1 must be zero!
2026-01-03 17:15:01.943 | DEBUG    | androguard.core.axml:__init__:1805 - Found a header: <ARSCHeader idx='0x0019ea4c' type='513' header_size='84' size='740'>
2026-01-03 17:15:01.943 | DEBUG    | androguard.core.axml:__init__:3125 - Skipping padding bytes!
2026-01-03 17:15:01.943 | DEBUG    | androguard.core.axml:__init__:2973 - Parsed <ARSCResType(start=0x19ea54, id=0x17, flags=0x0, entryCount=40, entriesStart=0xf4, mResId=0x7f170000, table:xml)>
2026-01-03 17:15:01.943 | DEBUG    | androguard.core.axml:__init__:1833 - Config: <ARSCResTableConfig ''=(0, 0, 0, 0, 0, 0, 0, 0, 0)>
2026-01-03 17:15:01.943 | DEBUG    | androguard.core.axml:__init__:1805 - Found a header: <ARSCHeader idx='0x0019ed30' type='513' header_size='84' size='548'>
2026-01-03 17:15:01.943 | DEBUG    | androguard.core.axml:__init__:3125 - Skipping padding bytes!
2026-01-03 17:15:01.944 | DEBUG    | androguard.core.axml:__init__:2973 - Parsed <ARSCResType(start=0x19ed38, id=0x17, flags=0x0, entryCount=40, entriesStart=0xf4, mResId=0x7f170000, table:xml)>
2026-01-03 17:15:01.944 | DEBUG    | androguard.core.axml:__init__:1833 - Config: <ARSCResTableConfig 'h320dp'=(0, 0, 0, 0, 0, 0, 0, 20971520, 0)>
2026-01-03 17:15:01.944 | DEBUG    | androguard.core.axml:__init__:1805 - Found a header: <ARSCHeader idx='0x0019ef54' type='513' header_size='84' size='372'>
2026-01-03 17:15:01.944 | DEBUG    | androguard.core.axml:__init__:3125 - Skipping padding bytes!
2026-01-03 17:15:01.944 | DEBUG    | androguard.core.axml:__init__:2973 - Parsed <ARSCResType(start=0x19ef5c, id=0x17, flags=0x0, entryCount=40, entriesStart=0xf4, mResId=0x7f170000, table:xml)>
2026-01-03 17:15:01.944 | DEBUG    | androguard.core.axml:__init__:1833 - Config: <ARSCResTableConfig 'sw600dp'=(0, 0, 0, 0, 0, 0, 39321600, 0, 0)>
2026-01-03 17:15:01.944 | DEBUG    | androguard.core.axml:__init__:1805 - Found a header: <ARSCHeader idx='0x0019f0c8' type='513' header_size='84' size='356'>
2026-01-03 17:15:01.944 | DEBUG    | androguard.core.axml:__init__:3125 - Skipping padding bytes!
2026-01-03 17:15:01.944 | DEBUG    | androguard.core.axml:__init__:2973 - Parsed <ARSCResType(start=0x19f0d0, id=0x17, flags=0x0, entryCount=40, entriesStart=0xf4, mResId=0x7f170000, table:xml)>
2026-01-03 17:15:01.944 | DEBUG    | androguard.core.axml:__init__:1833 - Config: <ARSCResTableConfig 'sw800dp-w1200dp'=(0, 0, 0, 0, 0, 0, 52428800, 1200, 0)>
2026-01-03 17:15:01.944 | DEBUG    | androguard.core.axml:__init__:1805 - Found a header: <ARSCHeader idx='0x0019f22c' type='513' header_size='84' size='532'>
2026-01-03 17:15:01.944 | DEBUG    | androguard.core.axml:__init__:3125 - Skipping padding bytes!
2026-01-03 17:15:01.944 | DEBUG    | androguard.core.axml:__init__:2973 - Parsed <ARSCResType(start=0x19f234, id=0x17, flags=0x0, entryCount=40, entriesStart=0xf4, mResId=0x7f170000, table:xml)>
2026-01-03 17:15:01.944 | DEBUG    | androguard.core.axml:__init__:1833 - Config: <ARSCResTableConfig 'h320dp-land'=(0, 0, 2, 0, 0, 0, 0, 20971520, 0)>
2026-01-03 17:15:01.944 | DEBUG    | androguard.core.axml:__init__:1805 - Found a header: <ARSCHeader idx='0x0019f440' type='513' header_size='84' size='356'>
2026-01-03 17:15:01.944 | DEBUG    | androguard.core.axml:__init__:3125 - Skipping padding bytes!
2026-01-03 17:15:01.944 | DEBUG    | androguard.core.axml:__init__:2973 - Parsed <ARSCResType(start=0x19f448, id=0x17, flags=0x0, entryCount=40, entriesStart=0xf4, mResId=0x7f170000, table:xml)>
2026-01-03 17:15:01.944 | DEBUG    | androguard.core.axml:__init__:1833 - Config: <ARSCResTableConfig 'sw600dp-land'=(0, 0, 2, 0, 0, 0, 39321600, 0, 0)>
2026-01-03 17:15:01.956 | DEBUG    | androguard.core.axml:get_resource_dimen:2061 - Out of range dimension unit index for 65038.00399593472: 9
2026-01-03 17:15:01.957 | DEBUG    | androguard.core.axml:get_resource_dimen:2061 - Out of range dimension unit index for 65038.00399593472: 10
2026-01-03 17:15:01.957 | DEBUG    | androguard.core.axml:get_resource_dimen:2061 - Out of range dimension unit index for 32051.19728172544: 10
2026-01-03 17:15:01.957 | DEBUG    | androguard.core.axml:get_resource_dimen:2061 - Out of range dimension unit index for 4148428.0: 13
2026-01-03 17:15:01.957 | DEBUG    | androguard.core.axml:get_resource_dimen:2061 - Out of range dimension unit index for 4082892.0: 13
2026-01-03 17:15:01.957 | DEBUG    | androguard.core.axml:get_resource_dimen:2061 - Out of range dimension unit index for 4050124.0: 13
2026-01-03 17:15:01.957 | DEBUG    | androguard.core.axml:get_resource_dimen:2061 - Out of range dimension unit index for 4050124.0: 13
2026-01-03 17:15:01.957 | DEBUG    | androguard.core.axml:get_resource_dimen:2061 - Out of range dimension unit index for 32051.19728172544: 10
2026-01-03 17:15:01.958 | DEBUG    | androguard.core.axml:get_resource_dimen:2061 - Out of range dimension unit index for 4082892.0: 13
2026-01-03 17:15:01.958 | DEBUG    | androguard.core.axml:get_resource_dimen:2061 - Out of range dimension unit index for 4148428.0: 13
2026-01-03 17:15:01.958 | DEBUG    | androguard.core.axml:get_resource_dimen:2061 - Out of range dimension unit index for 32307.19729745408: 10
2026-01-03 17:15:01.958 | DEBUG    | androguard.core.axml:get_resource_dimen:2061 - Out of range dimension unit index for 4148428.0: 13
2026-01-03 17:15:01.958 | DEBUG    | androguard.core.axml:get_resource_dimen:2061 - Out of range dimension unit index for 126.7999989075456: 6
2026-01-03 17:15:01.958 | DEBUG    | androguard.core.axml:get_resource_dimen:2061 - Out of range dimension unit index for 126.7999989075456: 6
2026-01-03 17:15:01.958 | DEBUG    | androguard.core.axml:get_resource_dimen:2061 - Out of range dimension unit index for 126.7999989075456: 6
2026-01-03 17:15:01.958 | DEBUG    | androguard.core.axml:get_resource_dimen:2061 - Out of range dimension unit index for 3919052.0: 13
2026-01-03 17:15:01.958 | DEBUG    | androguard.core.axml:get_resource_dimen:2061 - Out of range dimension unit index for 3984588.0: 13
2026-01-03 17:15:01.958 | DEBUG    | androguard.core.axml:get_resource_dimen:2061 - Out of range dimension unit index for 4115660.0: 13
2026-01-03 17:15:01.958 | DEBUG    | androguard.core.axml:get_resource_dimen:2061 - Out of range dimension unit index for 4126146.0: 15
2026-01-03 17:15:01.958 | DEBUG    | androguard.core.axml:get_resource_dimen:2061 - Out of range dimension unit index for 4105175.0: 10
2026-01-03 17:15:01.958 | DEBUG    | androguard.core.axml:get_resource_dimen:2061 - Out of range dimension unit index for 4115660.0: 13
2026-01-03 17:15:01.958 | DEBUG    | androguard.core.axml:get_resource_dimen:2061 - Out of range dimension unit index for 0.488437427482368: 8
2026-01-03 17:15:01.958 | DEBUG    | androguard.core.axml:get_resource_dimen:2061 - Out of range dimension unit index for 32133.11916175872: 12
2026-01-03 17:15:01.958 | DEBUG    | androguard.core.axml:get_resource_dimen:2061 - Out of range dimension unit index for 0.9924015077240577: 11
2026-01-03 17:15:01.958 | DEBUG    | androguard.core.axml:get_resource_dimen:2061 - Out of range dimension unit index for 0.9924013885147649: 12
2026-01-03 17:15:01.958 | DEBUG    | androguard.core.axml:get_resource_dimen:2061 - Out of range dimension unit index for 0.9924013885147649: 7
2026-01-03 17:15:01.958 | DEBUG    | androguard.core.axml:get_resource_dimen:2061 - Out of range dimension unit index for 0.9924013885147649: 9
2026-01-03 17:15:01.959 | DEBUG    | androguard.core.axml:get_resource_dimen:2061 - Out of range dimension unit index for 0.9924015077240577: 9
2026-01-03 17:15:01.959 | DEBUG    | androguard.core.axml:get_resource_dimen:2061 - Out of range dimension unit index for 0.9924015077240577: 9
2026-01-03 17:15:01.959 | DEBUG    | androguard.core.axml:get_resource_dimen:2061 - Out of range dimension unit index for 0.9924015077240577: 8
2026-01-03 17:15:01.959 | DEBUG    | androguard.core.axml:get_resource_dimen:2061 - Out of range dimension unit index for 0.9924015077240577: 8
2026-01-03 17:15:01.959 | DEBUG    | androguard.core.axml:get_resource_dimen:2061 - Out of range dimension unit index for 0.9924015077240577: 10
2026-01-03 17:15:01.959 | DEBUG    | androguard.core.axml:get_resource_dimen:2061 - Out of range dimension unit index for 0.9924015077240577: 8
2026-01-03 17:15:01.959 | DEBUG    | androguard.core.axml:get_resource_dimen:2061 - Out of range dimension unit index for 0.9924015077240577: 10
2026-01-03 17:15:01.959 | DEBUG    | androguard.core.axml:get_resource_dimen:2061 - Out of range dimension unit index for 0.9924015077240577: 9
2026-01-03 17:15:01.959 | DEBUG    | androguard.core.axml:get_resource_dimen:2061 - Out of range dimension unit index for 0.9924015077240577: 8
2026-01-03 17:15:01.959 | DEBUG    | androguard.core.axml:get_resource_dimen:2061 - Out of range dimension unit index for 0.9924015077240577: 8
2026-01-03 17:15:01.959 | DEBUG    | androguard.core.axml:get_resource_dimen:2061 - Out of range dimension unit index for 0.9924015077240577: 8
2026-01-03 17:15:01.959 | DEBUG    | androguard.core.axml:get_resource_dimen:2061 - Out of range dimension unit index for 0.9924016269333504: 8
2026-01-03 17:15:01.959 | DEBUG    | androguard.core.axml:get_resource_dimen:2061 - Out of range dimension unit index for 0.9924016269333504: 9
2026-01-03 17:15:01.959 | DEBUG    | androguard.core.axml:get_resource_dimen:2061 - Out of range dimension unit index for 0.9924016269333504: 10
2026-01-03 17:15:01.959 | DEBUG    | androguard.core.axml:get_resource_dimen:2061 - Out of range dimension unit index for 32133.11916175872: 12
2026-01-03 17:15:01.959 | DEBUG    | androguard.core.axml:get_resource_dimen:2061 - Out of range dimension unit index for 0.9924015077240577: 9
2026-01-03 17:15:01.959 | DEBUG    | androguard.core.axml:get_resource_dimen:2061 - Out of range dimension unit index for 0.9924015077240577: 11
2026-01-03 17:15:01.959 | DEBUG    | androguard.core.axml:get_resource_dimen:2061 - Out of range dimension unit index for 0.9924016269333504: 8
2026-01-03 17:15:01.960 | DEBUG    | androguard.core.axml:get_resource_dimen:2061 - Out of range dimension unit index for 0.9924016269333504: 9
2026-01-03 17:15:01.960 | DEBUG    | androguard.core.axml:get_resource_dimen:2061 - Out of range dimension unit index for 0.9924016269333504: 10
2026-01-03 17:15:01.960 | DEBUG    | androguard.core.axml:get_resource_dimen:2061 - Out of range dimension unit index for 0.9924015077240577: 11
2026-01-03 17:15:01.960 | DEBUG    | androguard.core.axml:get_resource_dimen:2061 - Out of range dimension unit index for 0.9924016269333504: 8
2026-01-03 17:15:01.960 | DEBUG    | androguard.core.axml:get_resource_dimen:2061 - Out of range dimension unit index for 0.9924016269333504: 9
2026-01-03 17:15:01.960 | DEBUG    | androguard.core.axml:get_resource_dimen:2061 - Out of range dimension unit index for 0.9924016269333504: 10
2026-01-03 17:15:01.960 | DEBUG    | androguard.core.axml:get_resource_dimen:2061 - Out of range dimension unit index for 0.9924015077240577: 10
2026-01-03 17:15:01.960 | DEBUG    | androguard.core.axml:get_resource_dimen:2061 - Out of range dimension unit index for 0.9924015077240577: 8
2026-01-03 17:15:01.960 | DEBUG    | androguard.core.axml:get_resource_dimen:2061 - Out of range dimension unit index for 0.9924016269333504: 7
2026-01-03 17:15:01.960 | DEBUG    | androguard.core.axml:get_resource_dimen:2061 - Out of range dimension unit index for 0.9924016269333504: 8
2026-01-03 17:15:01.960 | DEBUG    | androguard.core.axml:get_resource_dimen:2061 - Out of range dimension unit index for 0.9924016269333504: 9
2026-01-03 17:15:01.960 | DEBUG    | androguard.core.axml:get_resource_dimen:2061 - Out of range dimension unit index for 0.9924016269333504: 10
2026-01-03 17:15:01.960 | DEBUG    | androguard.core.axml:get_resource_dimen:2061 - Out of range dimension unit index for 32133.11916175872: 12
2026-01-03 17:15:01.960 | DEBUG    | androguard.core.axml:get_resource_dimen:2061 - Out of range dimension unit index for 0.9924015077240577: 8
2026-01-03 17:15:01.960 | DEBUG    | androguard.core.axml:get_resource_dimen:2061 - Out of range dimension unit index for 0.9924015077240577: 10
2026-01-03 17:15:01.960 | DEBUG    | androguard.core.axml:get_resource_dimen:2061 - Out of range dimension unit index for 0.9924015077240577: 10
2026-01-03 17:15:01.960 | DEBUG    | androguard.core.axml:get_resource_dimen:2061 - Out of range dimension unit index for 0.9924015077240577: 8
2026-01-03 17:15:01.960 | DEBUG    | androguard.core.axml:get_resource_dimen:2061 - Out of range dimension unit index for 0.9924016269333504: 8
2026-01-03 17:15:01.960 | DEBUG    | androguard.core.axml:get_resource_dimen:2061 - Out of range dimension unit index for 0.9924016269333504: 9
2026-01-03 17:15:01.960 | DEBUG    | androguard.core.axml:get_resource_dimen:2061 - Out of range dimension unit index for 0.9924016269333504: 10
2026-01-03 17:15:01.960 | DEBUG    | androguard.core.axml:get_resource_dimen:2061 - Out of range dimension unit index for 0.9924016269333504: 8
2026-01-03 17:15:01.960 | DEBUG    | androguard.core.axml:get_resource_dimen:2061 - Out of range dimension unit index for 0.9924016269333504: 9
2026-01-03 17:15:01.960 | DEBUG    | androguard.core.axml:get_resource_dimen:2061 - Out of range dimension unit index for 0.9924015077240577: 9
2026-01-03 17:15:01.960 | DEBUG    | androguard.core.axml:get_resource_dimen:2061 - Out of range dimension unit index for 0.9924016269333504: 10
2026-01-03 17:15:01.961 | DEBUG    | androguard.core.axml:get_resource_dimen:2061 - Out of range dimension unit index for 0.9924015077240577: 8
2026-01-03 17:15:01.961 | DEBUG    | androguard.core.axml:get_resource_dimen:2061 - Out of range dimension unit index for 0.9924015077240577: 10
2026-01-03 17:15:01.961 | DEBUG    | androguard.core.axml:get_resource_dimen:2061 - Out of range dimension unit index for 0.9924015077240577: 8
2026-01-03 17:15:01.961 | DEBUG    | androguard.core.axml:get_resource_dimen:2061 - Out of range dimension unit index for 4060610.0: 15
2026-01-03 17:15:01.961 | DEBUG    | androguard.core.axml:get_resource_dimen:2061 - Out of range dimension unit index for 32133.11916175872: 12
2026-01-03 17:15:01.961 | DEBUG    | androguard.core.axml:get_resource_dimen:2061 - Out of range dimension unit index for 32133.11916175872: 12
2026-01-03 17:15:01.961 | DEBUG    | androguard.core.axml:get_resource_dimen:2061 - Out of range dimension unit index for 32133.11916175872: 12
2026-01-03 17:15:01.961 | DEBUG    | androguard.core.axml:get_resource_dimen:2061 - Out of range dimension unit index for 0.9924016269333504: 8
2026-01-03 17:15:01.961 | DEBUG    | androguard.core.axml:get_resource_dimen:2061 - Out of range dimension unit index for 0.9924016269333504: 9
2026-01-03 17:15:01.961 | DEBUG    | androguard.core.axml:get_resource_dimen:2061 - Out of range dimension unit index for 0.9924016269333504: 10
2026-01-03 17:15:01.961 | DEBUG    | androguard.core.axml:get_resource_dimen:2061 - Out of range dimension unit index for 0.9924016269333504: 8
2026-01-03 17:15:01.961 | DEBUG    | androguard.core.axml:get_resource_dimen:2061 - Out of range dimension unit index for 0.9924016269333504: 9
2026-01-03 17:15:01.961 | DEBUG    | androguard.core.axml:get_resource_dimen:2061 - Out of range dimension unit index for 0.9924016269333504: 10
2026-01-03 17:15:01.961 | DEBUG    | androguard.core.axml:get_resource_dimen:2061 - Out of range dimension unit index for 32133.11916175872: 12
2026-01-03 17:15:01.961 | DEBUG    | androguard.core.axml:get_resource_dimen:2061 - Out of range dimension unit index for 32133.11916175872: 12
2026-01-03 17:15:01.961 | DEBUG    | androguard.core.axml:get_resource_dimen:2061 - Out of range dimension unit index for 0.9924016269333504: 8
2026-01-03 17:15:01.961 | DEBUG    | androguard.core.axml:get_resource_dimen:2061 - Out of range dimension unit index for 0.9924016269333504: 9
2026-01-03 17:15:01.961 | DEBUG    | androguard.core.axml:get_resource_dimen:2061 - Out of range dimension unit index for 0.9924016269333504: 10
2026-01-03 17:15:01.961 | DEBUG    | androguard.core.axml:get_resource_dimen:2061 - Out of range dimension unit index for 0.9924016269333504: 8
2026-01-03 17:15:01.961 | DEBUG    | androguard.core.axml:get_resource_dimen:2061 - Out of range dimension unit index for 0.9924016269333504: 9
2026-01-03 17:15:01.961 | DEBUG    | androguard.core.axml:get_resource_dimen:2061 - Out of range dimension unit index for 0.9924016269333504: 10
2026-01-03 17:15:01.961 | DEBUG    | androguard.core.axml:get_resource_dimen:2061 - Out of range dimension unit index for 4105175.0: 10
2026-01-03 17:15:01.961 | DEBUG    | androguard.core.axml:get_resource_dimen:2061 - Out of range dimension unit index for 0.9924015077240577: 11
2026-01-03 17:15:01.961 | DEBUG    | androguard.core.axml:get_resource_dimen:2061 - Out of range dimension unit index for 0.9924015077240577: 11
2026-01-03 17:15:01.961 | DEBUG    | androguard.core.axml:get_resource_dimen:2061 - Out of range dimension unit index for 0.9924016269333504: 8
2026-01-03 17:15:01.961 | DEBUG    | androguard.core.axml:get_resource_dimen:2061 - Out of range dimension unit index for 0.9924016269333504: 9
2026-01-03 17:15:01.961 | DEBUG    | androguard.core.axml:get_resource_dimen:2061 - Out of range dimension unit index for 0.9924016269333504: 10
2026-01-03 17:15:01.961 | DEBUG    | androguard.core.axml:get_resource_dimen:2061 - Out of range dimension unit index for 0.9924015077240577: 9
2026-01-03 17:15:01.961 | DEBUG    | androguard.core.axml:get_resource_dimen:2061 - Out of range dimension unit index for 0.9924015077240577: 8
2026-01-03 17:15:01.961 | DEBUG    | androguard.core.axml:get_resource_dimen:2061 - Out of range dimension unit index for 32133.11916175872: 12
2026-01-03 17:15:01.962 | DEBUG    | androguard.core.axml:get_resource_dimen:2061 - Out of range dimension unit index for 32133.11916175872: 12
2026-01-03 17:15:01.962 | DEBUG    | androguard.core.axml:get_resource_dimen:2061 - Out of range dimension unit index for 4060610.0: 15
2026-01-03 17:15:01.962 | DEBUG    | androguard.core.axml:get_resource_dimen:2061 - Out of range dimension unit index for 0.9924015077240577: 11
2026-01-03 17:15:01.962 | DEBUG    | androguard.core.axml:get_resource_dimen:2061 - Out of range dimension unit index for 32133.11916175872: 12
2026-01-03 17:15:01.962 | DEBUG    | androguard.core.axml:get_resource_dimen:2061 - Out of range dimension unit index for 4060610.0: 15
2026-01-03 17:15:01.962 | DEBUG    | androguard.core.axml:get_resource_dimen:2061 - Out of range dimension unit index for 32133.11916175872: 12
2026-01-03 17:15:01.962 | DEBUG    | androguard.core.axml:get_resource_dimen:2061 - Out of range dimension unit index for 32133.11916175872: 12
2026-01-03 17:15:01.962 | DEBUG    | androguard.core.axml:get_resource_dimen:2061 - Out of range dimension unit index for 0.9924015077240577: 11
2026-01-03 17:15:01.962 | DEBUG    | androguard.core.axml:get_resource_dimen:2061 - Out of range dimension unit index for 0.9924016269333504: 8
2026-01-03 17:15:01.962 | DEBUG    | androguard.core.axml:get_resource_dimen:2061 - Out of range dimension unit index for 0.9924016269333504: 9
2026-01-03 17:15:01.962 | DEBUG    | androguard.core.axml:get_resource_dimen:2061 - Out of range dimension unit index for 0.9924016269333504: 10
2026-01-03 17:15:01.962 | DEBUG    | androguard.core.axml:get_resource_dimen:2061 - Out of range dimension unit index for 0.9924016269333504: 8
2026-01-03 17:15:01.962 | DEBUG    | androguard.core.axml:get_resource_dimen:2061 - Out of range dimension unit index for 0.9924016269333504: 9
2026-01-03 17:15:01.962 | DEBUG    | androguard.core.axml:get_resource_dimen:2061 - Out of range dimension unit index for 0.9924016269333504: 10
2026-01-03 17:15:01.962 | DEBUG    | androguard.core.axml:get_resource_dimen:2061 - Out of range dimension unit index for 0.9924015077240577: 11
2026-01-03 17:15:01.962 | DEBUG    | androguard.core.axml:get_resource_dimen:2061 - Out of range dimension unit index for 32133.11916175872: 12
2026-01-03 17:15:01.962 | DEBUG    | androguard.core.axml:get_resource_dimen:2061 - Out of range dimension unit index for 32133.11916175872: 12
2026-01-03 17:15:01.962 | DEBUG    | androguard.core.axml:get_resource_dimen:2061 - Out of range dimension unit index for 32133.11916175872: 12
2026-01-03 17:15:01.962 | DEBUG    | androguard.core.axml:get_resource_dimen:2061 - Out of range dimension unit index for 32133.11916175872: 12
2026-01-03 17:15:01.962 | DEBUG    | androguard.core.axml:get_resource_dimen:2061 - Out of range dimension unit index for 0.9924015077240577: 11
2026-01-03 17:15:01.962 | DEBUG    | androguard.core.axml:get_resource_dimen:2061 - Out of range dimension unit index for 0.9924016269333504: 7
2026-01-03 17:15:01.962 | DEBUG    | androguard.core.axml:get_resource_dimen:2061 - Out of range dimension unit index for 0.9924016269333504: 8
2026-01-03 17:15:01.962 | DEBUG    | androguard.core.axml:get_resource_dimen:2061 - Out of range dimension unit index for 0.9924016269333504: 9
2026-01-03 17:15:01.962 | DEBUG    | androguard.core.axml:get_resource_dimen:2061 - Out of range dimension unit index for 0.9924016269333504: 10
2026-01-03 17:15:01.962 | DEBUG    | androguard.core.axml:get_resource_dimen:2061 - Out of range dimension unit index for 0.9924016269333504: 10
2026-01-03 17:15:01.962 | DEBUG    | androguard.core.axml:get_resource_dimen:2061 - Out of range dimension unit index for 254.0548013217536: 8
2026-01-03 17:15:01.963 | DEBUG    | androguard.core.axml:get_resource_dimen:2061 - Out of range dimension unit index for 254.0548013217536: 10
2026-01-03 17:15:01.963 | DEBUG    | androguard.core.axml:get_resource_dimen:2061 - Out of range dimension unit index for 4039639.0: 10
2026-01-03 17:15:01.963 | DEBUG    | androguard.core.axml:get_resource_dimen:2061 - Out of range dimension unit index for 4060610.0: 15
2026-01-03 17:15:01.963 | DEBUG    | androguard.core.axml:get_resource_dimen:2061 - Out of range dimension unit index for 32051.19728172544: 10
2026-01-03 17:15:01.963 | DEBUG    | androguard.core.axml:get_resource_dimen:2061 - Out of range dimension unit index for 4148428.0: 13
2026-01-03 17:15:01.963 | DEBUG    | androguard.core.axml:get_resource_dimen:2061 - Out of range dimension unit index for 4082892.0: 13
2026-01-03 17:15:01.963 | DEBUG    | androguard.core.axml:get_resource_dimen:2061 - Out of range dimension unit index for 4050124.0: 13
2026-01-03 17:15:01.963 | DEBUG    | androguard.core.axml:get_resource_dimen:2061 - Out of range dimension unit index for 4050124.0: 13
2026-01-03 17:15:01.963 | DEBUG    | androguard.core.axml:get_resource_dimen:2061 - Out of range dimension unit index for 32051.19728172544: 10
2026-01-03 17:15:01.963 | DEBUG    | androguard.core.axml:get_resource_dimen:2061 - Out of range dimension unit index for 4082892.0: 13
2026-01-03 17:15:01.963 | DEBUG    | androguard.core.axml:get_resource_dimen:2061 - Out of range dimension unit index for 126.7999989075456: 6
2026-01-03 17:15:01.963 | DEBUG    | androguard.core.axml:get_resource_dimen:2061 - Out of range dimension unit index for 126.7999989075456: 6
2026-01-03 17:15:01.963 | DEBUG    | androguard.core.axml:get_resource_dimen:2061 - Out of range dimension unit index for 126.7999989075456: 6
2026-01-03 17:15:01.963 | DEBUG    | androguard.core.axml:get_resource_dimen:2061 - Out of range dimension unit index for 4105175.0: 10
2026-01-03 17:15:01.963 | DEBUG    | androguard.core.axml:get_resource_dimen:2061 - Out of range dimension unit index for 4082892.0: 13
2026-01-03 17:15:01.963 | DEBUG    | androguard.core.axml:get_resource_dimen:2061 - Out of range dimension unit index for 4072407.0: 10
2026-01-03 17:15:01.964 | DEBUG    | androguard.core.axml:get_resource_dimen:2061 - Out of range dimension unit index for 4082892.0: 13
2026-01-03 17:15:01.964 | DEBUG    | androguard.core.axml:get_resource_dimen:2061 - Out of range dimension unit index for 254.0547708041728: 9
2026-01-03 17:15:01.964 | DEBUG    | androguard.core.axml:get_resource_dimen:2061 - Out of range dimension unit index for 254.0547708041728: 7
2026-01-03 17:15:01.964 | DEBUG    | androguard.core.axml:get_resource_dimen:2061 - Out of range dimension unit index for 65038.01962093568: 15
2026-01-03 17:15:01.964 | DEBUG    | androguard.core.axml:get_resource_dimen:2061 - Out of range dimension unit index for 254.0547708041728: 8
2026-01-03 17:15:01.964 | DEBUG    | androguard.core.axml:get_resource_dimen:2061 - Out of range dimension unit index for 65038.01962093568: 14
2026-01-03 17:15:01.964 | DEBUG    | androguard.core.axml:get_resource_dimen:2061 - Out of range dimension unit index for 32133.11916175872: 12
2026-01-03 17:15:01.964 | DEBUG    | androguard.core.axml:get_resource_dimen:2061 - Out of range dimension unit index for 4060610.0: 15
2026-01-03 17:15:01.964 | DEBUG    | androguard.core.axml:get_resource_dimen:2061 - Out of range dimension unit index for 32307.19729745408: 10
2026-01-03 17:15:01.964 | DEBUG    | androguard.core.axml:get_resource_dimen:2061 - Out of range dimension unit index for 4126146.0: 15
2026-01-03 17:15:01.964 | DEBUG    | androguard.core.axml:get_resource_dimen:2061 - Out of range dimension unit index for 4126146.0: 15
2026-01-03 17:15:01.964 | DEBUG    | androguard.core.axml:get_resource_dimen:2061 - Out of range dimension unit index for 4072407.0: 10
2026-01-03 17:15:01.964 | DEBUG    | androguard.core.axml:get_resource_dimen:2061 - Out of range dimension unit index for 4126146.0: 15
2026-01-03 17:15:01.964 | DEBUG    | androguard.core.axml:get_resource_dimen:2061 - Out of range dimension unit index for 4093378.0: 15
2026-01-03 17:15:01.964 | DEBUG    | androguard.core.axml:get_resource_dimen:2061 - Out of range dimension unit index for 4093378.0: 15
2026-01-03 17:15:01.964 | DEBUG    | androguard.core.axml:get_resource_dimen:2061 - Out of range dimension unit index for 4039639.0: 10
2026-01-03 17:15:01.964 | DEBUG    | androguard.core.axml:get_resource_dimen:2061 - Out of range dimension unit index for 4093378.0: 15
2026-01-03 17:15:01.965 | DEBUG    | androguard.core.axml:get_resource_dimen:2061 - Out of range dimension unit index for 4148428.0: 13
2026-01-03 17:15:01.965 | DEBUG    | androguard.core.axml:get_resource_dimen:2061 - Out of range dimension unit index for 0.9924015077240577: 10
2026-01-03 17:15:01.965 | DEBUG    | androguard.core.axml:get_resource_dimen:2061 - Out of range dimension unit index for 0.9924015077240577: 11
2026-01-03 17:15:01.965 | DEBUG    | androguard.core.axml:get_resource_dimen:2061 - Out of range dimension unit index for 65038.00399593472: 15
2026-01-03 17:15:01.965 | DEBUG    | androguard.core.axml:get_resource_dimen:2061 - Out of range dimension unit index for 8324864.0: 8
2026-01-03 17:15:01.965 | DEBUG    | androguard.core.axml:get_resource_dimen:2061 - Out of range dimension unit index for 4082892.0: 13
2026-01-03 17:15:01.965 | DEBUG    | androguard.core.axml:get_resource_dimen:2061 - Out of range dimension unit index for 4115660.0: 13
2026-01-03 17:15:01.965 | DEBUG    | androguard.core.axml:get_resource_dimen:2061 - Out of range dimension unit index for 4148428.0: 13
2026-01-03 17:15:01.965 | DEBUG    | androguard.core.axml:get_resource_dimen:2061 - Out of range dimension unit index for 4082892.0: 13
2026-01-03 17:15:01.965 | DEBUG    | androguard.core.axml:get_resource_dimen:2061 - Out of range dimension unit index for 4072407.0: 10
2026-01-03 17:15:01.965 | DEBUG    | androguard.core.axml:get_resource_dimen:2061 - Out of range dimension unit index for 0.4857812060201984: 11
2026-01-03 17:15:01.965 | DEBUG    | androguard.core.axml:get_resource_dimen:2061 - Out of range dimension unit index for 4115660.0: 13
2026-01-03 17:15:01.965 | DEBUG    | androguard.core.axml:get_resource_dimen:2061 - Out of range dimension unit index for 4050124.0: 13
2026-01-03 17:15:01.965 | DEBUG    | androguard.core.axml:get_resource_dimen:2061 - Out of range dimension unit index for 4093378.0: 15
2026-01-03 17:15:01.965 | DEBUG    | androguard.core.axml:get_resource_dimen:2061 - Out of range dimension unit index for 4115660.0: 13
2026-01-03 17:15:01.965 | DEBUG    | androguard.core.axml:get_resource_dimen:2061 - Out of range dimension unit index for 4115660.0: 13
2026-01-03 17:15:01.965 | DEBUG    | androguard.core.axml:get_resource_dimen:2061 - Out of range dimension unit index for 4093378.0: 15
2026-01-03 17:15:01.965 | DEBUG    | androguard.core.axml:get_resource_dimen:2061 - Out of range dimension unit index for 4060610.0: 15
2026-01-03 17:15:01.965 | DEBUG    | androguard.core.axml:get_resource_dimen:2061 - Out of range dimension unit index for 4082892.0: 13
2026-01-03 17:15:01.965 | DEBUG    | androguard.core.axml:get_resource_dimen:2061 - Out of range dimension unit index for 4082892.0: 13
2026-01-03 17:15:01.965 | DEBUG    | androguard.core.axml:get_resource_dimen:2061 - Out of range dimension unit index for 4060610.0: 15
2026-01-03 17:15:01.972 | WARNING  | androguard.core.axml:_decode_bytes:341 - invalid decoded string length
127.0.0.1 - - [03/Jan/2026 17:15:02] "POST /upload HTTP/1.1" 200 -
2026-01-03 17:15:11.870 | INFO     | androguard.core.apk:_apk_analysis:410 - Starting analysis on AndroidManifest.xml
2026-01-03 17:15:11.871 | DEBUG    | androguard.core.axml:__init__:1129 - AXMLPrinter
2026-01-03 17:15:11.871 | DEBUG    | androguard.core.axml:__init__:449 - AXMLParser
2026-01-03 17:15:11.871 | DEBUG    | androguard.core.axml:__init__:482 - FIRST HEADER <ARSCHeader idx='0x00000000' type='3' header_size='8' size='4008'>
2026-01-03 17:15:11.871 | DEBUG    | androguard.core.axml:__init__:540 - STRING_POOL <ARSCHeader idx='0x00000008' type='1' header_size='28' size='2324'>
2026-01-03 17:15:11.871 | DEBUG    | androguard.core.axml:is_valid:575 - True
2026-01-03 17:15:11.871 | DEBUG    | androguard.core.axml:_do_next:593 - M_EVENT -1
2026-01-03 17:15:11.871 | DEBUG    | androguard.core.axml:_do_next:609 - NEXT HEADER <ARSCHeader idx='0x0000091c' type='384' header_size='8' size='88'>
2026-01-03 17:15:11.871 | DEBUG    | androguard.core.axml:_do_next:618 - AXML contains a RESOURCE MAP
2026-01-03 17:15:11.871 | DEBUG    | androguard.core.axml:_do_next:609 - NEXT HEADER <ARSCHeader idx='0x00000974' type='256' header_size='16' size='24'>
2026-01-03 17:15:11.871 | DEBUG    | androguard.core.axml:_do_next:686 - Start of Namespace mapping: prefix 24: 'android' --> uri 40: 'http://schemas.android.com/apk/res/android'
2026-01-03 17:15:11.871 | DEBUG    | androguard.core.axml:_do_next:609 - NEXT HEADER <ARSCHeader idx='0x0000098c' type='258' header_size='16' size='176'>
2026-01-03 17:15:11.871 | DEBUG    | androguard.core.axml:__init__:1139 - DEBUG ARSC TYPE 2
2026-01-03 17:15:11.871 | DEBUG    | androguard.core.axml:__init__:1160 - START_TAG: manifest (line=2)
2026-01-03 17:15:11.871 | DEBUG    | androguard.core.axml:getAttributeNamespace:977 - 0
2026-01-03 17:15:11.871 | DEBUG    | androguard.core.axml:getAttributeUri:964 - 0
2026-01-03 17:15:11.871 | DEBUG    | androguard.core.axml:getAttributeName:993 - 0
2026-01-03 17:15:11.871 | DEBUG    | androguard.core.axml:getAttributeValueType:1020 - 0
2026-01-03 17:15:11.871 | DEBUG    | androguard.core.axml:getAttributeValueData:1031 - 0
2026-01-03 17:15:11.871 | DEBUG    | androguard.core.axml:__init__:1188 - found an attribute: {http://schemas.android.com/apk/res/android}versionCode='b'5''
2026-01-03 17:15:11.871 | DEBUG    | androguard.core.axml:getAttributeNamespace:977 - 1
2026-01-03 17:15:11.871 | DEBUG    | androguard.core.axml:getAttributeUri:964 - 1
2026-01-03 17:15:11.871 | DEBUG    | androguard.core.axml:getAttributeName:993 - 1
2026-01-03 17:15:11.871 | DEBUG    | androguard.core.axml:getAttributeValueType:1020 - 1
2026-01-03 17:15:11.871 | DEBUG    | androguard.core.axml:getAttributeValueData:1031 - 1
2026-01-03 17:15:11.871 | DEBUG    | androguard.core.axml:getAttributeValue:1045 - 1
2026-01-03 17:15:11.871 | DEBUG    | androguard.core.axml:__init__:1188 - found an attribute: {http://schemas.android.com/apk/res/android}versionName='b'5.0.1''
2026-01-03 17:15:11.871 | DEBUG    | androguard.core.axml:getAttributeNamespace:977 - 2
2026-01-03 17:15:11.871 | DEBUG    | androguard.core.axml:getAttributeUri:964 - 2
2026-01-03 17:15:11.871 | DEBUG    | androguard.core.axml:getAttributeName:993 - 2
2026-01-03 17:15:11.871 | DEBUG    | androguard.core.axml:getAttributeValueType:1020 - 2
2026-01-03 17:15:11.871 | DEBUG    | androguard.core.axml:getAttributeValueData:1031 - 2
2026-01-03 17:15:11.871 | DEBUG    | androguard.core.axml:__init__:1188 - found an attribute: {http://schemas.android.com/apk/res/android}compileSdkVersion='b'33''
2026-01-03 17:15:11.871 | DEBUG    | androguard.core.axml:getAttributeNamespace:977 - 3
2026-01-03 17:15:11.871 | DEBUG    | androguard.core.axml:getAttributeUri:964 - 3
2026-01-03 17:15:11.871 | DEBUG    | androguard.core.axml:getAttributeName:993 - 3
2026-01-03 17:15:11.871 | DEBUG    | androguard.core.axml:getAttributeValueType:1020 - 3
2026-01-03 17:15:11.871 | DEBUG    | androguard.core.axml:getAttributeValueData:1031 - 3
2026-01-03 17:15:11.871 | DEBUG    | androguard.core.axml:getAttributeValue:1045 - 3
2026-01-03 17:15:11.871 | DEBUG    | androguard.core.axml:__init__:1188 - found an attribute: {http://schemas.android.com/apk/res/android}compileSdkVersionCodename='b'13''
2026-01-03 17:15:11.871 | DEBUG    | androguard.core.axml:getAttributeNamespace:977 - 4
2026-01-03 17:15:11.871 | DEBUG    | androguard.core.axml:getAttributeUri:964 - 4
2026-01-03 17:15:11.871 | DEBUG    | androguard.core.axml:getAttributeName:993 - 4
2026-01-03 17:15:11.872 | DEBUG    | androguard.core.axml:getAttributeValueType:1020 - 4
2026-01-03 17:15:11.872 | DEBUG    | androguard.core.axml:getAttributeValueData:1031 - 4
2026-01-03 17:15:11.872 | DEBUG    | androguard.core.axml:getAttributeValue:1045 - 4
2026-01-03 17:15:11.872 | DEBUG    | androguard.core.axml:__init__:1188 - found an attribute: package='b'com.example.phoneflashlight11''
2026-01-03 17:15:11.872 | DEBUG    | androguard.core.axml:getAttributeNamespace:977 - 5
2026-01-03 17:15:11.872 | DEBUG    | androguard.core.axml:getAttributeUri:964 - 5
2026-01-03 17:15:11.872 | DEBUG    | androguard.core.axml:getAttributeName:993 - 5
2026-01-03 17:15:11.872 | DEBUG    | androguard.core.axml:getAttributeValueType:1020 - 5
2026-01-03 17:15:11.872 | DEBUG    | androguard.core.axml:getAttributeValueData:1031 - 5
2026-01-03 17:15:11.872 | DEBUG    | androguard.core.axml:__init__:1188 - found an attribute: platformBuildVersionCode='b'33''
2026-01-03 17:15:11.872 | DEBUG    | androguard.core.axml:getAttributeNamespace:977 - 6
2026-01-03 17:15:11.872 | DEBUG    | androguard.core.axml:getAttributeUri:964 - 6
2026-01-03 17:15:11.872 | DEBUG    | androguard.core.axml:getAttributeName:993 - 6
2026-01-03 17:15:11.872 | DEBUG    | androguard.core.axml:getAttributeValueType:1020 - 6
2026-01-03 17:15:11.872 | DEBUG    | androguard.core.axml:getAttributeValueData:1031 - 6
2026-01-03 17:15:11.872 | DEBUG    | androguard.core.axml:__init__:1188 - found an attribute: platformBuildVersionName='b'13''
2026-01-03 17:15:11.872 | DEBUG    | androguard.core.axml:is_valid:575 - True
2026-01-03 17:15:11.872 | DEBUG    | androguard.core.axml:_do_next:593 - M_EVENT 2
2026-01-03 17:15:11.872 | DEBUG    | androguard.core.axml:_do_next:609 - NEXT HEADER <ARSCHeader idx='0x00000a3c' type='258' header_size='16' size='76'>
2026-01-03 17:15:11.872 | DEBUG    | androguard.core.axml:__init__:1139 - DEBUG ARSC TYPE 2
2026-01-03 17:15:11.872 | DEBUG    | androguard.core.axml:__init__:1160 - START_TAG: uses-sdk (line=7)
2026-01-03 17:15:11.872 | DEBUG    | androguard.core.axml:getAttributeNamespace:977 - 0
2026-01-03 17:15:11.872 | DEBUG    | androguard.core.axml:getAttributeUri:964 - 0
2026-01-03 17:15:11.872 | DEBUG    | androguard.core.axml:getAttributeName:993 - 0
2026-01-03 17:15:11.872 | DEBUG    | androguard.core.axml:getAttributeValueType:1020 - 0
2026-01-03 17:15:11.872 | DEBUG    | androguard.core.axml:getAttributeValueData:1031 - 0
2026-01-03 17:15:11.872 | DEBUG    | androguard.core.axml:__init__:1188 - found an attribute: {http://schemas.android.com/apk/res/android}minSdkVersion='b'21''
2026-01-03 17:15:11.872 | DEBUG    | androguard.core.axml:getAttributeNamespace:977 - 1
2026-01-03 17:15:11.872 | DEBUG    | androguard.core.axml:getAttributeUri:964 - 1
2026-01-03 17:15:11.872 | DEBUG    | androguard.core.axml:getAttributeName:993 - 1
2026-01-03 17:15:11.872 | DEBUG    | androguard.core.axml:getAttributeValueType:1020 - 1
2026-01-03 17:15:11.872 | DEBUG    | androguard.core.axml:getAttributeValueData:1031 - 1
2026-01-03 17:15:11.872 | DEBUG    | androguard.core.axml:__init__:1188 - found an attribute: {http://schemas.android.com/apk/res/android}targetSdkVersion='b'33''
2026-01-03 17:15:11.872 | DEBUG    | androguard.core.axml:is_valid:575 - True
2026-01-03 17:15:11.872 | DEBUG    | androguard.core.axml:_do_next:593 - M_EVENT 2
2026-01-03 17:15:11.872 | DEBUG    | androguard.core.axml:_do_next:609 - NEXT HEADER <ARSCHeader idx='0x00000a88' type='259' header_size='16' size='24'>
2026-01-03 17:15:11.872 | DEBUG    | androguard.core.axml:__init__:1139 - DEBUG ARSC TYPE 3
2026-01-03 17:15:11.872 | DEBUG    | androguard.core.axml:is_valid:575 - True
2026-01-03 17:15:11.872 | DEBUG    | androguard.core.axml:_do_next:593 - M_EVENT 3
2026-01-03 17:15:11.872 | DEBUG    | androguard.core.axml:_do_next:609 - NEXT HEADER <ARSCHeader idx='0x00000aa0' type='258' header_size='16' size='56'>
2026-01-03 17:15:11.872 | DEBUG    | androguard.core.axml:__init__:1139 - DEBUG ARSC TYPE 2
2026-01-03 17:15:11.872 | DEBUG    | androguard.core.axml:__init__:1160 - START_TAG: uses-permission (line=11)
2026-01-03 17:15:11.872 | DEBUG    | androguard.core.axml:getAttributeNamespace:977 - 0
2026-01-03 17:15:11.872 | DEBUG    | androguard.core.axml:getAttributeUri:964 - 0
2026-01-03 17:15:11.872 | DEBUG    | androguard.core.axml:getAttributeName:993 - 0
2026-01-03 17:15:11.872 | DEBUG    | androguard.core.axml:getAttributeValueType:1020 - 0
2026-01-03 17:15:11.872 | DEBUG    | androguard.core.axml:getAttributeValueData:1031 - 0
2026-01-03 17:15:11.872 | DEBUG    | androguard.core.axml:getAttributeValue:1045 - 0
2026-01-03 17:15:11.872 | DEBUG    | androguard.core.axml:__init__:1188 - found an attribute: {http://schemas.android.com/apk/res/android}name='b'android.permission.CAMERA''
2026-01-03 17:15:11.872 | DEBUG    | androguard.core.axml:is_valid:575 - True
2026-01-03 17:15:11.872 | DEBUG    | androguard.core.axml:_do_next:593 - M_EVENT 2
2026-01-03 17:15:11.872 | DEBUG    | androguard.core.axml:_do_next:609 - NEXT HEADER <ARSCHeader idx='0x00000ad8' type='259' header_size='16' size='24'>
2026-01-03 17:15:11.872 | DEBUG    | androguard.core.axml:__init__:1139 - DEBUG ARSC TYPE 3
2026-01-03 17:15:11.872 | DEBUG    | androguard.core.axml:is_valid:575 - True
2026-01-03 17:15:11.872 | DEBUG    | androguard.core.axml:_do_next:593 - M_EVENT 3
2026-01-03 17:15:11.872 | DEBUG    | androguard.core.axml:_do_next:609 - NEXT HEADER <ARSCHeader idx='0x00000af0' type='258' header_size='16' size='76'>
2026-01-03 17:15:11.872 | DEBUG    | androguard.core.axml:__init__:1139 - DEBUG ARSC TYPE 2
2026-01-03 17:15:11.873 | DEBUG    | androguard.core.axml:__init__:1160 - START_TAG: permission (line=13)
2026-01-03 17:15:11.873 | DEBUG    | androguard.core.axml:getAttributeNamespace:977 - 0
2026-01-03 17:15:11.873 | DEBUG    | androguard.core.axml:getAttributeUri:964 - 0
2026-01-03 17:15:11.873 | DEBUG    | androguard.core.axml:getAttributeName:993 - 0
2026-01-03 17:15:11.873 | DEBUG    | androguard.core.axml:getAttributeValueType:1020 - 0
2026-01-03 17:15:11.873 | DEBUG    | androguard.core.axml:getAttributeValueData:1031 - 0
2026-01-03 17:15:11.873 | DEBUG    | androguard.core.axml:getAttributeValue:1045 - 0
2026-01-03 17:15:11.873 | DEBUG    | androguard.core.axml:__init__:1188 - found an attribute: {http://schemas.android.com/apk/res/android}name='b'com.example.phoneflashlight11.DYNAMIC_RECEIVER_NOT_EXPORTED_PERMISSION''
2026-01-03 17:15:11.873 | DEBUG    | androguard.core.axml:getAttributeNamespace:977 - 1
2026-01-03 17:15:11.873 | DEBUG    | androguard.core.axml:getAttributeUri:964 - 1
2026-01-03 17:15:11.873 | DEBUG    | androguard.core.axml:getAttributeName:993 - 1
2026-01-03 17:15:11.873 | DEBUG    | androguard.core.axml:getAttributeValueType:1020 - 1
2026-01-03 17:15:11.873 | DEBUG    | androguard.core.axml:getAttributeValueData:1031 - 1
2026-01-03 17:15:11.873 | DEBUG    | androguard.core.axml:__init__:1188 - found an attribute: {http://schemas.android.com/apk/res/android}protectionLevel='b'0x00000002''
2026-01-03 17:15:11.873 | DEBUG    | androguard.core.axml:is_valid:575 - True
2026-01-03 17:15:11.873 | DEBUG    | androguard.core.axml:_do_next:593 - M_EVENT 2
2026-01-03 17:15:11.873 | DEBUG    | androguard.core.axml:_do_next:609 - NEXT HEADER <ARSCHeader idx='0x00000b3c' type='259' header_size='16' size='24'>
2026-01-03 17:15:11.873 | DEBUG    | androguard.core.axml:__init__:1139 - DEBUG ARSC TYPE 3
2026-01-03 17:15:11.873 | DEBUG    | androguard.core.axml:is_valid:575 - True
2026-01-03 17:15:11.873 | DEBUG    | androguard.core.axml:_do_next:593 - M_EVENT 3
2026-01-03 17:15:11.873 | DEBUG    | androguard.core.axml:_do_next:609 - NEXT HEADER <ARSCHeader idx='0x00000b54' type='258' header_size='16' size='56'>
2026-01-03 17:15:11.873 | DEBUG    | androguard.core.axml:__init__:1139 - DEBUG ARSC TYPE 2
2026-01-03 17:15:11.873 | DEBUG    | androguard.core.axml:__init__:1160 - START_TAG: uses-permission (line=17)
2026-01-03 17:15:11.873 | DEBUG    | androguard.core.axml:getAttributeNamespace:977 - 0
2026-01-03 17:15:11.873 | DEBUG    | androguard.core.axml:getAttributeUri:964 - 0
2026-01-03 17:15:11.873 | DEBUG    | androguard.core.axml:getAttributeName:993 - 0
2026-01-03 17:15:11.873 | DEBUG    | androguard.core.axml:getAttributeValueType:1020 - 0
2026-01-03 17:15:11.873 | DEBUG    | androguard.core.axml:getAttributeValueData:1031 - 0
2026-01-03 17:15:11.873 | DEBUG    | androguard.core.axml:getAttributeValue:1045 - 0
2026-01-03 17:15:11.873 | DEBUG    | androguard.core.axml:__init__:1188 - found an attribute: {http://schemas.android.com/apk/res/android}name='b'com.example.phoneflashlight11.DYNAMIC_RECEIVER_NOT_EXPORTED_PERMISSION''
2026-01-03 17:15:11.873 | DEBUG    | androguard.core.axml:is_valid:575 - True
2026-01-03 17:15:11.873 | DEBUG    | androguard.core.axml:_do_next:593 - M_EVENT 2
2026-01-03 17:15:11.873 | DEBUG    | androguard.core.axml:_do_next:609 - NEXT HEADER <ARSCHeader idx='0x00000b8c' type='259' header_size='16' size='24'>
2026-01-03 17:15:11.873 | DEBUG    | androguard.core.axml:__init__:1139 - DEBUG ARSC TYPE 3
2026-01-03 17:15:11.873 | DEBUG    | androguard.core.axml:is_valid:575 - True
2026-01-03 17:15:11.873 | DEBUG    | androguard.core.axml:_do_next:593 - M_EVENT 3
2026-01-03 17:15:11.873 | DEBUG    | androguard.core.axml:_do_next:609 - NEXT HEADER <ARSCHeader idx='0x00000ba4' type='258' header_size='16' size='196'>
2026-01-03 17:15:11.873 | DEBUG    | androguard.core.axml:__init__:1139 - DEBUG ARSC TYPE 2
2026-01-03 17:15:11.873 | DEBUG    | androguard.core.axml:__init__:1160 - START_TAG: application (line=19)
2026-01-03 17:15:11.873 | DEBUG    | androguard.core.axml:getAttributeNamespace:977 - 0
2026-01-03 17:15:11.873 | DEBUG    | androguard.core.axml:getAttributeUri:964 - 0
2026-01-03 17:15:11.873 | DEBUG    | androguard.core.axml:getAttributeName:993 - 0
2026-01-03 17:15:11.873 | DEBUG    | androguard.core.axml:getAttributeValueType:1020 - 0
2026-01-03 17:15:11.873 | DEBUG    | androguard.core.axml:getAttributeValueData:1031 - 0
2026-01-03 17:15:11.873 | DEBUG    | androguard.core.axml:__init__:1188 - found an attribute: {http://schemas.android.com/apk/res/android}theme='b'@7F100219''
2026-01-03 17:15:11.873 | DEBUG    | androguard.core.axml:getAttributeNamespace:977 - 1
2026-01-03 17:15:11.873 | DEBUG    | androguard.core.axml:getAttributeUri:964 - 1
2026-01-03 17:15:11.873 | DEBUG    | androguard.core.axml:getAttributeName:993 - 1
2026-01-03 17:15:11.873 | DEBUG    | androguard.core.axml:getAttributeValueType:1020 - 1
2026-01-03 17:15:11.873 | DEBUG    | androguard.core.axml:getAttributeValueData:1031 - 1
2026-01-03 17:15:11.873 | DEBUG    | androguard.core.axml:__init__:1188 - found an attribute: {http://schemas.android.com/apk/res/android}label='b'@7F0F001C''
2026-01-03 17:15:11.873 | DEBUG    | androguard.core.axml:getAttributeNamespace:977 - 2
2026-01-03 17:15:11.873 | DEBUG    | androguard.core.axml:getAttributeUri:964 - 2
2026-01-03 17:15:11.873 | DEBUG    | androguard.core.axml:getAttributeName:993 - 2
2026-01-03 17:15:11.873 | DEBUG    | androguard.core.axml:getAttributeValueType:1020 - 2
2026-01-03 17:15:11.873 | DEBUG    | androguard.core.axml:getAttributeValueData:1031 - 2
2026-01-03 17:15:11.873 | DEBUG    | androguard.core.axml:__init__:1188 - found an attribute: {http://schemas.android.com/apk/res/android}icon='b'@7F0D0000''
2026-01-03 17:15:11.874 | DEBUG    | androguard.core.axml:getAttributeNamespace:977 - 3
2026-01-03 17:15:11.874 | DEBUG    | androguard.core.axml:getAttributeUri:964 - 3
2026-01-03 17:15:11.874 | DEBUG    | androguard.core.axml:getAttributeName:993 - 3
2026-01-03 17:15:11.874 | DEBUG    | androguard.core.axml:getAttributeValueType:1020 - 3
2026-01-03 17:15:11.874 | DEBUG    | androguard.core.axml:getAttributeValueData:1031 - 3
2026-01-03 17:15:11.874 | DEBUG    | androguard.core.axml:__init__:1188 - found an attribute: {http://schemas.android.com/apk/res/android}allowBackup='b'true''
2026-01-03 17:15:11.874 | DEBUG    | androguard.core.axml:getAttributeNamespace:977 - 4
2026-01-03 17:15:11.874 | DEBUG    | androguard.core.axml:getAttributeUri:964 - 4
2026-01-03 17:15:11.874 | DEBUG    | androguard.core.axml:getAttributeName:993 - 4
2026-01-03 17:15:11.874 | DEBUG    | androguard.core.axml:getAttributeValueType:1020 - 4
2026-01-03 17:15:11.874 | DEBUG    | androguard.core.axml:getAttributeValueData:1031 - 4
2026-01-03 17:15:11.874 | DEBUG    | androguard.core.axml:__init__:1188 - found an attribute: {http://schemas.android.com/apk/res/android}supportsRtl='b'true''
2026-01-03 17:15:11.874 | DEBUG    | androguard.core.axml:getAttributeNamespace:977 - 5
2026-01-03 17:15:11.874 | DEBUG    | androguard.core.axml:getAttributeUri:964 - 5
2026-01-03 17:15:11.874 | DEBUG    | androguard.core.axml:getAttributeName:993 - 5
2026-01-03 17:15:11.874 | DEBUG    | androguard.core.axml:getAttributeValueType:1020 - 5
2026-01-03 17:15:11.874 | DEBUG    | androguard.core.axml:getAttributeValueData:1031 - 5
2026-01-03 17:15:11.874 | DEBUG    | androguard.core.axml:__init__:1188 - found an attribute: {http://schemas.android.com/apk/res/android}fullBackupContent='b'@7F120000''
2026-01-03 17:15:11.874 | DEBUG    | androguard.core.axml:getAttributeNamespace:977 - 6
2026-01-03 17:15:11.874 | DEBUG    | androguard.core.axml:getAttributeUri:964 - 6
2026-01-03 17:15:11.874 | DEBUG    | androguard.core.axml:getAttributeName:993 - 6
2026-01-03 17:15:11.874 | DEBUG    | androguard.core.axml:getAttributeValueType:1020 - 6
2026-01-03 17:15:11.874 | DEBUG    | androguard.core.axml:getAttributeValueData:1031 - 6
2026-01-03 17:15:11.874 | DEBUG    | androguard.core.axml:getAttributeValue:1045 - 6
2026-01-03 17:15:11.874 | DEBUG    | androguard.core.axml:__init__:1188 - found an attribute: {http://schemas.android.com/apk/res/android}appComponentFactory='b'androidx.core.app.CoreComponentFactory''
2026-01-03 17:15:11.874 | DEBUG    | androguard.core.axml:getAttributeNamespace:977 - 7
2026-01-03 17:15:11.874 | DEBUG    | androguard.core.axml:getAttributeUri:964 - 7
2026-01-03 17:15:11.874 | DEBUG    | androguard.core.axml:getAttributeName:993 - 7
2026-01-03 17:15:11.874 | DEBUG    | androguard.core.axml:getAttributeValueType:1020 - 7
2026-01-03 17:15:11.874 | DEBUG    | androguard.core.axml:getAttributeValueData:1031 - 7
2026-01-03 17:15:11.874 | DEBUG    | androguard.core.axml:__init__:1188 - found an attribute: {http://schemas.android.com/apk/res/android}dataExtractionRules='b'@7F120001''
2026-01-03 17:15:11.874 | DEBUG    | androguard.core.axml:is_valid:575 - True
2026-01-03 17:15:11.874 | DEBUG    | androguard.core.axml:_do_next:593 - M_EVENT 2
2026-01-03 17:15:11.874 | DEBUG    | androguard.core.axml:_do_next:609 - NEXT HEADER <ARSCHeader idx='0x00000c68' type='258' header_size='16' size='96'>
2026-01-03 17:15:11.874 | DEBUG    | androguard.core.axml:__init__:1139 - DEBUG ARSC TYPE 2
2026-01-03 17:15:11.874 | DEBUG    | androguard.core.axml:__init__:1160 - START_TAG: activity (line=28)
2026-01-03 17:15:11.874 | DEBUG    | androguard.core.axml:getAttributeNamespace:977 - 0
2026-01-03 17:15:11.874 | DEBUG    | androguard.core.axml:getAttributeUri:964 - 0
2026-01-03 17:15:11.874 | DEBUG    | androguard.core.axml:getAttributeName:993 - 0
2026-01-03 17:15:11.874 | DEBUG    | androguard.core.axml:getAttributeValueType:1020 - 0
2026-01-03 17:15:11.874 | DEBUG    | androguard.core.axml:getAttributeValueData:1031 - 0
2026-01-03 17:15:11.874 | DEBUG    | androguard.core.axml:getAttributeValue:1045 - 0
2026-01-03 17:15:11.874 | DEBUG    | androguard.core.axml:__init__:1188 - found an attribute: {http://schemas.android.com/apk/res/android}name='b'com.example.phoneflashlight11.MainActivity''
2026-01-03 17:15:11.874 | DEBUG    | androguard.core.axml:getAttributeNamespace:977 - 1
2026-01-03 17:15:11.874 | DEBUG    | androguard.core.axml:getAttributeUri:964 - 1
2026-01-03 17:15:11.874 | DEBUG    | androguard.core.axml:getAttributeName:993 - 1
2026-01-03 17:15:11.874 | DEBUG    | androguard.core.axml:getAttributeValueType:1020 - 1
2026-01-03 17:15:11.874 | DEBUG    | androguard.core.axml:getAttributeValueData:1031 - 1
2026-01-03 17:15:11.874 | DEBUG    | androguard.core.axml:__init__:1188 - found an attribute: {http://schemas.android.com/apk/res/android}exported='b'true''
2026-01-03 17:15:11.874 | DEBUG    | androguard.core.axml:getAttributeNamespace:977 - 2
2026-01-03 17:15:11.874 | DEBUG    | androguard.core.axml:getAttributeUri:964 - 2
2026-01-03 17:15:11.874 | DEBUG    | androguard.core.axml:getAttributeName:993 - 2
2026-01-03 17:15:11.874 | DEBUG    | androguard.core.axml:getAttributeValueType:1020 - 2
2026-01-03 17:15:11.874 | DEBUG    | androguard.core.axml:getAttributeValueData:1031 - 2
2026-01-03 17:15:11.874 | DEBUG    | androguard.core.axml:__init__:1188 - found an attribute: {http://schemas.android.com/apk/res/android}screenOrientation='b'1''
2026-01-03 17:15:11.874 | DEBUG    | androguard.core.axml:is_valid:575 - True
2026-01-03 17:15:11.874 | DEBUG    | androguard.core.axml:_do_next:593 - M_EVENT 2
2026-01-03 17:15:11.874 | DEBUG    | androguard.core.axml:_do_next:609 - NEXT HEADER <ARSCHeader idx='0x00000cc8' type='258' header_size='16' size='36'>
2026-01-03 17:15:11.874 | DEBUG    | androguard.core.axml:__init__:1139 - DEBUG ARSC TYPE 2
2026-01-03 17:15:11.875 | DEBUG    | androguard.core.axml:__init__:1160 - START_TAG: intent-filter (line=32)
2026-01-03 17:15:11.875 | DEBUG    | androguard.core.axml:is_valid:575 - True
2026-01-03 17:15:11.875 | DEBUG    | androguard.core.axml:_do_next:593 - M_EVENT 2
2026-01-03 17:15:11.875 | DEBUG    | androguard.core.axml:_do_next:609 - NEXT HEADER <ARSCHeader idx='0x00000cec' type='258' header_size='16' size='56'>
2026-01-03 17:15:11.875 | DEBUG    | androguard.core.axml:__init__:1139 - DEBUG ARSC TYPE 2
2026-01-03 17:15:11.875 | DEBUG    | androguard.core.axml:__init__:1160 - START_TAG: action (line=33)
2026-01-03 17:15:11.875 | DEBUG    | androguard.core.axml:getAttributeNamespace:977 - 0
2026-01-03 17:15:11.875 | DEBUG    | androguard.core.axml:getAttributeUri:964 - 0
2026-01-03 17:15:11.875 | DEBUG    | androguard.core.axml:getAttributeName:993 - 0
2026-01-03 17:15:11.875 | DEBUG    | androguard.core.axml:getAttributeValueType:1020 - 0
2026-01-03 17:15:11.875 | DEBUG    | androguard.core.axml:getAttributeValueData:1031 - 0
2026-01-03 17:15:11.875 | DEBUG    | androguard.core.axml:getAttributeValue:1045 - 0
2026-01-03 17:15:11.875 | DEBUG    | androguard.core.axml:__init__:1188 - found an attribute: {http://schemas.android.com/apk/res/android}name='b'android.intent.action.MAIN''
2026-01-03 17:15:11.875 | DEBUG    | androguard.core.axml:is_valid:575 - True
2026-01-03 17:15:11.875 | DEBUG    | androguard.core.axml:_do_next:593 - M_EVENT 2
2026-01-03 17:15:11.875 | DEBUG    | androguard.core.axml:_do_next:609 - NEXT HEADER <ARSCHeader idx='0x00000d24' type='259' header_size='16' size='24'>
2026-01-03 17:15:11.875 | DEBUG    | androguard.core.axml:__init__:1139 - DEBUG ARSC TYPE 3
2026-01-03 17:15:11.875 | DEBUG    | androguard.core.axml:is_valid:575 - True
2026-01-03 17:15:11.875 | DEBUG    | androguard.core.axml:_do_next:593 - M_EVENT 3
2026-01-03 17:15:11.875 | DEBUG    | androguard.core.axml:_do_next:609 - NEXT HEADER <ARSCHeader idx='0x00000d3c' type='258' header_size='16' size='56'>
2026-01-03 17:15:11.875 | DEBUG    | androguard.core.axml:__init__:1139 - DEBUG ARSC TYPE 2
2026-01-03 17:15:11.875 | DEBUG    | androguard.core.axml:__init__:1160 - START_TAG: category (line=35)
2026-01-03 17:15:11.875 | DEBUG    | androguard.core.axml:getAttributeNamespace:977 - 0
2026-01-03 17:15:11.875 | DEBUG    | androguard.core.axml:getAttributeUri:964 - 0
2026-01-03 17:15:11.875 | DEBUG    | androguard.core.axml:getAttributeName:993 - 0
2026-01-03 17:15:11.875 | DEBUG    | androguard.core.axml:getAttributeValueType:1020 - 0
2026-01-03 17:15:11.875 | DEBUG    | androguard.core.axml:getAttributeValueData:1031 - 0
2026-01-03 17:15:11.875 | DEBUG    | androguard.core.axml:getAttributeValue:1045 - 0
2026-01-03 17:15:11.875 | DEBUG    | androguard.core.axml:__init__:1188 - found an attribute: {http://schemas.android.com/apk/res/android}name='b'android.intent.category.LAUNCHER''
2026-01-03 17:15:11.875 | DEBUG    | androguard.core.axml:is_valid:575 - True
2026-01-03 17:15:11.875 | DEBUG    | androguard.core.axml:_do_next:593 - M_EVENT 2
2026-01-03 17:15:11.875 | DEBUG    | androguard.core.axml:_do_next:609 - NEXT HEADER <ARSCHeader idx='0x00000d74' type='259' header_size='16' size='24'>
2026-01-03 17:15:11.875 | DEBUG    | androguard.core.axml:__init__:1139 - DEBUG ARSC TYPE 3
2026-01-03 17:15:11.875 | DEBUG    | androguard.core.axml:is_valid:575 - True
2026-01-03 17:15:11.875 | DEBUG    | androguard.core.axml:_do_next:593 - M_EVENT 3
2026-01-03 17:15:11.875 | DEBUG    | androguard.core.axml:_do_next:609 - NEXT HEADER <ARSCHeader idx='0x00000d8c' type='259' header_size='16' size='24'>
2026-01-03 17:15:11.875 | DEBUG    | androguard.core.axml:__init__:1139 - DEBUG ARSC TYPE 3
2026-01-03 17:15:11.875 | DEBUG    | androguard.core.axml:is_valid:575 - True
2026-01-03 17:15:11.875 | DEBUG    | androguard.core.axml:_do_next:593 - M_EVENT 3
2026-01-03 17:15:11.875 | DEBUG    | androguard.core.axml:_do_next:609 - NEXT HEADER <ARSCHeader idx='0x00000da4' type='259' header_size='16' size='24'>
2026-01-03 17:15:11.875 | DEBUG    | androguard.core.axml:__init__:1139 - DEBUG ARSC TYPE 3
2026-01-03 17:15:11.875 | DEBUG    | androguard.core.axml:is_valid:575 - True
2026-01-03 17:15:11.875 | DEBUG    | androguard.core.axml:_do_next:593 - M_EVENT 3
2026-01-03 17:15:11.875 | DEBUG    | androguard.core.axml:_do_next:609 - NEXT HEADER <ARSCHeader idx='0x00000dbc' type='258' header_size='16' size='76'>
2026-01-03 17:15:11.875 | DEBUG    | androguard.core.axml:__init__:1139 - DEBUG ARSC TYPE 2
2026-01-03 17:15:11.875 | DEBUG    | androguard.core.axml:__init__:1160 - START_TAG: activity (line=38)
2026-01-03 17:15:11.875 | DEBUG    | androguard.core.axml:getAttributeNamespace:977 - 0
2026-01-03 17:15:11.875 | DEBUG    | androguard.core.axml:getAttributeUri:964 - 0
2026-01-03 17:15:11.875 | DEBUG    | androguard.core.axml:getAttributeName:993 - 0
2026-01-03 17:15:11.875 | DEBUG    | androguard.core.axml:getAttributeValueType:1020 - 0
2026-01-03 17:15:11.875 | DEBUG    | androguard.core.axml:getAttributeValueData:1031 - 0
2026-01-03 17:15:11.875 | DEBUG    | androguard.core.axml:__init__:1188 - found an attribute: {http://schemas.android.com/apk/res/android}theme='b'@7F10011C''
2026-01-03 17:15:11.875 | DEBUG    | androguard.core.axml:getAttributeNamespace:977 - 1
2026-01-03 17:15:11.875 | DEBUG    | androguard.core.axml:getAttributeUri:964 - 1
2026-01-03 17:15:11.875 | DEBUG    | androguard.core.axml:getAttributeName:993 - 1
2026-01-03 17:15:11.875 | DEBUG    | androguard.core.axml:getAttributeValueType:1020 - 1
2026-01-03 17:15:11.875 | DEBUG    | androguard.core.axml:getAttributeValueData:1031 - 1
2026-01-03 17:15:11.875 | DEBUG    | androguard.core.axml:getAttributeValue:1045 - 1
2026-01-03 17:15:11.876 | DEBUG    | androguard.core.axml:__init__:1188 - found an attribute: {http://schemas.android.com/apk/res/android}name='b'com.karumi.dexter.DexterActivity''
2026-01-03 17:15:11.876 | DEBUG    | androguard.core.axml:is_valid:575 - True
2026-01-03 17:15:11.876 | DEBUG    | androguard.core.axml:_do_next:593 - M_EVENT 2
2026-01-03 17:15:11.876 | DEBUG    | androguard.core.axml:_do_next:609 - NEXT HEADER <ARSCHeader idx='0x00000e08' type='259' header_size='16' size='24'>
2026-01-03 17:15:11.876 | DEBUG    | androguard.core.axml:__init__:1139 - DEBUG ARSC TYPE 3
2026-01-03 17:15:11.876 | DEBUG    | androguard.core.axml:is_valid:575 - True
2026-01-03 17:15:11.876 | DEBUG    | androguard.core.axml:_do_next:593 - M_EVENT 3
2026-01-03 17:15:11.876 | DEBUG    | androguard.core.axml:_do_next:609 - NEXT HEADER <ARSCHeader idx='0x00000e20' type='258' header_size='16' size='96'>
2026-01-03 17:15:11.876 | DEBUG    | androguard.core.axml:__init__:1139 - DEBUG ARSC TYPE 2
2026-01-03 17:15:11.876 | DEBUG    | androguard.core.axml:__init__:1160 - START_TAG: provider (line=42)
2026-01-03 17:15:11.876 | DEBUG    | androguard.core.axml:getAttributeNamespace:977 - 0
2026-01-03 17:15:11.876 | DEBUG    | androguard.core.axml:getAttributeUri:964 - 0
2026-01-03 17:15:11.876 | DEBUG    | androguard.core.axml:getAttributeName:993 - 0
2026-01-03 17:15:11.876 | DEBUG    | androguard.core.axml:getAttributeValueType:1020 - 0
2026-01-03 17:15:11.876 | DEBUG    | androguard.core.axml:getAttributeValueData:1031 - 0
2026-01-03 17:15:11.876 | DEBUG    | androguard.core.axml:getAttributeValue:1045 - 0
2026-01-03 17:15:11.876 | DEBUG    | androguard.core.axml:__init__:1188 - found an attribute: {http://schemas.android.com/apk/res/android}name='b'androidx.startup.InitializationProvider''
2026-01-03 17:15:11.876 | DEBUG    | androguard.core.axml:getAttributeNamespace:977 - 1
2026-01-03 17:15:11.876 | DEBUG    | androguard.core.axml:getAttributeUri:964 - 1
2026-01-03 17:15:11.876 | DEBUG    | androguard.core.axml:getAttributeName:993 - 1
2026-01-03 17:15:11.876 | DEBUG    | androguard.core.axml:getAttributeValueType:1020 - 1
2026-01-03 17:15:11.876 | DEBUG    | androguard.core.axml:getAttributeValueData:1031 - 1
2026-01-03 17:15:11.876 | DEBUG    | androguard.core.axml:__init__:1188 - found an attribute: {http://schemas.android.com/apk/res/android}exported='b'false''
2026-01-03 17:15:11.876 | DEBUG    | androguard.core.axml:getAttributeNamespace:977 - 2
2026-01-03 17:15:11.876 | DEBUG    | androguard.core.axml:getAttributeUri:964 - 2
2026-01-03 17:15:11.876 | DEBUG    | androguard.core.axml:getAttributeName:993 - 2
2026-01-03 17:15:11.876 | DEBUG    | androguard.core.axml:getAttributeValueType:1020 - 2
2026-01-03 17:15:11.876 | DEBUG    | androguard.core.axml:getAttributeValueData:1031 - 2
2026-01-03 17:15:11.876 | DEBUG    | androguard.core.axml:getAttributeValue:1045 - 2
2026-01-03 17:15:11.876 | DEBUG    | androguard.core.axml:__init__:1188 - found an attribute: {http://schemas.android.com/apk/res/android}authorities='b'com.example.phoneflashlight11.androidx-startup''
2026-01-03 17:15:11.876 | DEBUG    | androguard.core.axml:is_valid:575 - True
2026-01-03 17:15:11.876 | DEBUG    | androguard.core.axml:_do_next:593 - M_EVENT 2
2026-01-03 17:15:11.876 | DEBUG    | androguard.core.axml:_do_next:609 - NEXT HEADER <ARSCHeader idx='0x00000e80' type='258' header_size='16' size='76'>
2026-01-03 17:15:11.876 | DEBUG    | androguard.core.axml:__init__:1139 - DEBUG ARSC TYPE 2
2026-01-03 17:15:11.876 | DEBUG    | androguard.core.axml:__init__:1160 - START_TAG: meta-data (line=46)
2026-01-03 17:15:11.876 | DEBUG    | androguard.core.axml:getAttributeNamespace:977 - 0
2026-01-03 17:15:11.876 | DEBUG    | androguard.core.axml:getAttributeUri:964 - 0
2026-01-03 17:15:11.876 | DEBUG    | androguard.core.axml:getAttributeName:993 - 0
2026-01-03 17:15:11.876 | DEBUG    | androguard.core.axml:getAttributeValueType:1020 - 0
2026-01-03 17:15:11.876 | DEBUG    | androguard.core.axml:getAttributeValueData:1031 - 0
2026-01-03 17:15:11.876 | DEBUG    | androguard.core.axml:getAttributeValue:1045 - 0
2026-01-03 17:15:11.876 | DEBUG    | androguard.core.axml:__init__:1188 - found an attribute: {http://schemas.android.com/apk/res/android}name='b'androidx.emoji2.text.EmojiCompatInitializer''
2026-01-03 17:15:11.876 | DEBUG    | androguard.core.axml:getAttributeNamespace:977 - 1
2026-01-03 17:15:11.876 | DEBUG    | androguard.core.axml:getAttributeUri:964 - 1
2026-01-03 17:15:11.876 | DEBUG    | androguard.core.axml:getAttributeName:993 - 1
2026-01-03 17:15:11.876 | DEBUG    | androguard.core.axml:getAttributeValueType:1020 - 1
2026-01-03 17:15:11.876 | DEBUG    | androguard.core.axml:getAttributeValueData:1031 - 1
2026-01-03 17:15:11.876 | DEBUG    | androguard.core.axml:getAttributeValue:1045 - 1
2026-01-03 17:15:11.876 | DEBUG    | androguard.core.axml:__init__:1188 - found an attribute: {http://schemas.android.com/apk/res/android}value='b'androidx.startup''
2026-01-03 17:15:11.876 | DEBUG    | androguard.core.axml:is_valid:575 - True
2026-01-03 17:15:11.876 | DEBUG    | androguard.core.axml:_do_next:593 - M_EVENT 2
2026-01-03 17:15:11.876 | DEBUG    | androguard.core.axml:_do_next:609 - NEXT HEADER <ARSCHeader idx='0x00000ecc' type='259' header_size='16' size='24'>
2026-01-03 17:15:11.876 | DEBUG    | androguard.core.axml:__init__:1139 - DEBUG ARSC TYPE 3
2026-01-03 17:15:11.876 | DEBUG    | androguard.core.axml:is_valid:575 - True
2026-01-03 17:15:11.876 | DEBUG    | androguard.core.axml:_do_next:593 - M_EVENT 3
2026-01-03 17:15:11.876 | DEBUG    | androguard.core.axml:_do_next:609 - NEXT HEADER <ARSCHeader idx='0x00000ee4' type='258' header_size='16' size='76'>
2026-01-03 17:15:11.876 | DEBUG    | androguard.core.axml:__init__:1139 - DEBUG ARSC TYPE 2
2026-01-03 17:15:11.876 | DEBUG    | androguard.core.axml:__init__:1160 - START_TAG: meta-data (line=49)
2026-01-03 17:15:11.877 | DEBUG    | androguard.core.axml:getAttributeNamespace:977 - 0
2026-01-03 17:15:11.877 | DEBUG    | androguard.core.axml:getAttributeUri:964 - 0
2026-01-03 17:15:11.877 | DEBUG    | androguard.core.axml:getAttributeName:993 - 0
2026-01-03 17:15:11.877 | DEBUG    | androguard.core.axml:getAttributeValueType:1020 - 0
2026-01-03 17:15:11.877 | DEBUG    | androguard.core.axml:getAttributeValueData:1031 - 0
2026-01-03 17:15:11.877 | DEBUG    | androguard.core.axml:getAttributeValue:1045 - 0
2026-01-03 17:15:11.877 | DEBUG    | androguard.core.axml:__init__:1188 - found an attribute: {http://schemas.android.com/apk/res/android}name='b'androidx.lifecycle.ProcessLifecycleInitializer''
2026-01-03 17:15:11.877 | DEBUG    | androguard.core.axml:getAttributeNamespace:977 - 1
2026-01-03 17:15:11.877 | DEBUG    | androguard.core.axml:getAttributeUri:964 - 1
2026-01-03 17:15:11.877 | DEBUG    | androguard.core.axml:getAttributeName:993 - 1
2026-01-03 17:15:11.877 | DEBUG    | androguard.core.axml:getAttributeValueType:1020 - 1
2026-01-03 17:15:11.877 | DEBUG    | androguard.core.axml:getAttributeValueData:1031 - 1
2026-01-03 17:15:11.877 | DEBUG    | androguard.core.axml:getAttributeValue:1045 - 1
2026-01-03 17:15:11.877 | DEBUG    | androguard.core.axml:__init__:1188 - found an attribute: {http://schemas.android.com/apk/res/android}value='b'androidx.startup''
2026-01-03 17:15:11.877 | DEBUG    | androguard.core.axml:is_valid:575 - True
2026-01-03 17:15:11.877 | DEBUG    | androguard.core.axml:_do_next:593 - M_EVENT 2
2026-01-03 17:15:11.877 | DEBUG    | androguard.core.axml:_do_next:609 - NEXT HEADER <ARSCHeader idx='0x00000f30' type='259' header_size='16' size='24'>
2026-01-03 17:15:11.877 | DEBUG    | androguard.core.axml:__init__:1139 - DEBUG ARSC TYPE 3
2026-01-03 17:15:11.877 | DEBUG    | androguard.core.axml:is_valid:575 - True
2026-01-03 17:15:11.877 | DEBUG    | androguard.core.axml:_do_next:593 - M_EVENT 3
2026-01-03 17:15:11.877 | DEBUG    | androguard.core.axml:_do_next:609 - NEXT HEADER <ARSCHeader idx='0x00000f48' type='259' header_size='16' size='24'>
2026-01-03 17:15:11.877 | DEBUG    | androguard.core.axml:__init__:1139 - DEBUG ARSC TYPE 3
2026-01-03 17:15:11.877 | DEBUG    | androguard.core.axml:is_valid:575 - True
2026-01-03 17:15:11.877 | DEBUG    | androguard.core.axml:_do_next:593 - M_EVENT 3
2026-01-03 17:15:11.877 | DEBUG    | androguard.core.axml:_do_next:609 - NEXT HEADER <ARSCHeader idx='0x00000f60' type='259' header_size='16' size='24'>
2026-01-03 17:15:11.877 | DEBUG    | androguard.core.axml:__init__:1139 - DEBUG ARSC TYPE 3
2026-01-03 17:15:11.877 | DEBUG    | androguard.core.axml:is_valid:575 - True
2026-01-03 17:15:11.877 | DEBUG    | androguard.core.axml:_do_next:593 - M_EVENT 3
2026-01-03 17:15:11.877 | DEBUG    | androguard.core.axml:_do_next:609 - NEXT HEADER <ARSCHeader idx='0x00000f78' type='259' header_size='16' size='24'>
2026-01-03 17:15:11.877 | DEBUG    | androguard.core.axml:__init__:1139 - DEBUG ARSC TYPE 3
2026-01-03 17:15:11.877 | DEBUG    | androguard.core.axml:is_valid:575 - True
2026-01-03 17:15:11.877 | DEBUG    | androguard.core.axml:_do_next:593 - M_EVENT 3
2026-01-03 17:15:11.877 | DEBUG    | androguard.core.axml:_do_next:609 - NEXT HEADER <ARSCHeader idx='0x00000f90' type='257' header_size='16' size='24'>
2026-01-03 17:15:11.877 | DEBUG    | androguard.core.axml:__init__:1139 - DEBUG ARSC TYPE 1
2026-01-03 17:15:11.877 | DEBUG    | androguard.core.axml:is_valid:575 - True
2026-01-03 17:15:11.877 | INFO     | androguard.core.apk:_apk_analysis:496 - APK file was successfully validated!
2026-01-03 17:15:11.877 | DEBUG    | androguard.core.api_specific_resources:load_permissions:56 - Available API levels: 4, 5, 6, 7, 8, 9, 10, 13, 14, 15, 16, 17, 18, 19, 21, 22, 23, 24, 25, 26, 27, 28, 29, 30, 31, 32, 33, 34
2026-01-03 17:15:11.879 | DEBUG    | androguard.core.api_specific_resources:load_permissions:56 - Available API levels: 4, 5, 6, 7, 8, 9, 10, 13, 14, 15, 16, 17, 18, 19, 21, 22, 23, 24, 25, 26, 27, 28, 29, 30, 31, 32, 33, 34
2026-01-03 17:15:11.882 | DEBUG    | androguard.core.axml:__init__:1695 - Parsed ResTable_header with 1 package(s) inside.
2026-01-03 17:15:11.883 | DEBUG    | androguard.core.axml:__init__:1725 - Found the main string pool: %s
2026-01-03 17:15:11.884 | DEBUG    | androguard.core.axml:__init__:1769 - Constructed a PackageContext: %s
2026-01-03 17:15:11.884 | DEBUG    | androguard.core.axml:__init__:1805 - Found a header: <ARSCHeader idx='0x00061890' type='514' header_size='16' size='184'>
2026-01-03 17:15:11.884 | DEBUG    | androguard.core.axml:__init__:1805 - Found a header: <ARSCHeader idx='0x00061948' type='513' header_size='84' size='924'>
2026-01-03 17:15:11.884 | DEBUG    | androguard.core.axml:__init__:3125 - Skipping padding bytes!
2026-01-03 17:15:11.884 | DEBUG    | androguard.core.axml:__init__:2973 - Parsed <ARSCResType(start=0x61950, id=0x1, flags=0x0, entryCount=42, entriesStart=0xfc, mResId=0x7f010000, table:anim)>
2026-01-03 17:15:11.884 | DEBUG    | androguard.core.axml:__init__:1833 - Config: <ARSCResTableConfig ''=(0, 0, 0, 0, 0, 0, 0, 0, 0)>
2026-01-03 17:15:11.884 | DEBUG    | androguard.core.axml:__init__:1805 - Found a header: <ARSCHeader idx='0x00061ce4' type='514' header_size='16' size='148'>
2026-01-03 17:15:11.884 | DEBUG    | androguard.core.axml:__init__:1805 - Found a header: <ARSCHeader idx='0x00061d78' type='513' header_size='84' size='744'>
2026-01-03 17:15:11.884 | DEBUG    | androguard.core.axml:__init__:3125 - Skipping padding bytes!
2026-01-03 17:15:11.884 | DEBUG    | androguard.core.axml:__init__:2973 - Parsed <ARSCResType(start=0x61d80, id=0x2, flags=0x0, entryCount=33, entriesStart=0xd8, mResId=0x7f020000, table:animator)>
2026-01-03 17:15:11.884 | DEBUG    | androguard.core.axml:__init__:1833 - Config: <ARSCResTableConfig ''=(0, 0, 0, 0, 0, 0, 0, 0, 0)>
2026-01-03 17:15:11.884 | DEBUG    | androguard.core.axml:__init__:1805 - Found a header: <ARSCHeader idx='0x00062060' type='514' header_size='16' size='4792'>
2026-01-03 17:15:11.884 | DEBUG    | androguard.core.axml:__init__:1805 - Found a header: <ARSCHeader idx='0x00063318' type='513' header_size='84' size='45000'>
2026-01-03 17:15:11.884 | DEBUG    | androguard.core.axml:__init__:3125 - Skipping padding bytes!
2026-01-03 17:15:11.885 | DEBUG    | androguard.core.axml:__init__:2973 - Parsed <ARSCResType(start=0x63320, id=0x3, flags=0x0, entryCount=1194, entriesStart=0x12fc, mResId=0x7f030000, table:attr)>
2026-01-03 17:15:11.885 | DEBUG    | androguard.core.axml:__init__:1833 - Config: <ARSCResTableConfig ''=(0, 0, 0, 0, 0, 0, 0, 0, 0)>
2026-01-03 17:15:11.890 | DEBUG    | androguard.core.axml:__init__:1805 - Found a header: <ARSCHeader idx='0x0006e2e0' type='514' header_size='16' size='28'>
2026-01-03 17:15:11.890 | DEBUG    | androguard.core.axml:__init__:1805 - Found a header: <ARSCHeader idx='0x0006e2fc' type='513' header_size='84' size='144'>
2026-01-03 17:15:11.890 | DEBUG    | androguard.core.axml:__init__:3125 - Skipping padding bytes!
2026-01-03 17:15:11.890 | DEBUG    | androguard.core.axml:__init__:2973 - Parsed <ARSCResType(start=0x6e304, id=0x4, flags=0x0, entryCount=3, entriesStart=0x60, mResId=0x7f040000, table:bool)>
2026-01-03 17:15:11.890 | DEBUG    | androguard.core.axml:__init__:1833 - Config: <ARSCResTableConfig ''=(0, 0, 0, 0, 0, 0, 0, 0, 0)>
2026-01-03 17:15:11.890 | DEBUG    | androguard.core.axml:__init__:1805 - Found a header: <ARSCHeader idx='0x0006e38c' type='513' header_size='84' size='112'>
2026-01-03 17:15:11.890 | DEBUG    | androguard.core.axml:__init__:3125 - Skipping padding bytes!
2026-01-03 17:15:11.890 | DEBUG    | androguard.core.axml:__init__:2973 - Parsed <ARSCResType(start=0x6e394, id=0x4, flags=0x0, entryCount=3, entriesStart=0x60, mResId=0x7f040000, table:bool)>
2026-01-03 17:15:11.890 | DEBUG    | androguard.core.axml:__init__:1833 - Config: <ARSCResTableConfig 'port'=(0, 0, 1, 0, 0, 0, 0, 0, 0)>
2026-01-03 17:15:11.890 | DEBUG    | androguard.core.axml:__init__:1805 - Found a header: <ARSCHeader idx='0x0006e3fc' type='514' header_size='16' size='2596'>
2026-01-03 17:15:11.890 | DEBUG    | androguard.core.axml:__init__:1805 - Found a header: <ARSCHeader idx='0x0006ee20' type='513' header_size='84' size='9992'>
2026-01-03 17:15:11.890 | DEBUG    | androguard.core.axml:__init__:3125 - Skipping padding bytes!
2026-01-03 17:15:11.890 | DEBUG    | androguard.core.axml:__init__:2973 - Parsed <ARSCResType(start=0x6ee28, id=0x5, flags=0x0, entryCount=645, entriesStart=0xa68, mResId=0x7f050000, table:color)>
2026-01-03 17:15:11.890 | DEBUG    | androguard.core.axml:__init__:1833 - Config: <ARSCResTableConfig ''=(0, 0, 0, 0, 0, 0, 0, 0, 0)>
2026-01-03 17:15:11.891 | DEBUG    | androguard.core.axml:__init__:1805 - Found a header: <ARSCHeader idx='0x00071528' type='513' header_size='84' size='2712'>
2026-01-03 17:15:11.891 | DEBUG    | androguard.core.axml:__init__:3125 - Skipping padding bytes!
2026-01-03 17:15:11.891 | DEBUG    | androguard.core.axml:__init__:2973 - Parsed <ARSCResType(start=0x71530, id=0x5, flags=0x0, entryCount=645, entriesStart=0xa68, mResId=0x7f050000, table:color)>
2026-01-03 17:15:11.891 | DEBUG    | androguard.core.axml:__init__:1833 - Config: <ARSCResTableConfig 'night'=(0, 0, 0, 0, 0, 0, 8192, 0, 0)>
2026-01-03 17:15:11.892 | DEBUG    | androguard.core.axml:__init__:1805 - Found a header: <ARSCHeader idx='0x00071fc0' type='513' header_size='84' size='2808'>
2026-01-03 17:15:11.892 | DEBUG    | androguard.core.axml:__init__:3125 - Skipping padding bytes!
2026-01-03 17:15:11.892 | DEBUG    | androguard.core.axml:__init__:2973 - Parsed <ARSCResType(start=0x71fc8, id=0x5, flags=0x0, entryCount=645, entriesStart=0xa68, mResId=0x7f050000, table:color)>
2026-01-03 17:15:11.892 | DEBUG    | androguard.core.axml:__init__:1833 - Config: <ARSCResTableConfig 'v23'=(0, 0, 0, 0, 0, 23, 0, 0, 0)>
2026-01-03 17:15:11.892 | DEBUG    | androguard.core.axml:__init__:1805 - Found a header: <ARSCHeader idx='0x00072ab8' type='513' header_size='84' size='5640'>
2026-01-03 17:15:11.892 | DEBUG    | androguard.core.axml:__init__:3125 - Skipping padding bytes!
2026-01-03 17:15:11.892 | DEBUG    | androguard.core.axml:__init__:2973 - Parsed <ARSCResType(start=0x72ac0, id=0x5, flags=0x0, entryCount=645, entriesStart=0xa68, mResId=0x7f050000, table:color)>
2026-01-03 17:15:11.892 | DEBUG    | androguard.core.axml:__init__:1833 - Config: <ARSCResTableConfig 'v31'=(0, 0, 0, 0, 0, 31, 0, 0, 0)>
2026-01-03 17:15:11.892 | DEBUG    | androguard.core.axml:__init__:1805 - Found a header: <ARSCHeader idx='0x000740c0' type='514' header_size='16' size='2840'>
2026-01-03 17:15:11.893 | DEBUG    | androguard.core.axml:__init__:1805 - Found a header: <ARSCHeader idx='0x00074bd8' type='513' header_size='84' size='14204'>
2026-01-03 17:15:11.893 | DEBUG    | androguard.core.axml:__init__:3125 - Skipping padding bytes!
2026-01-03 17:15:11.893 | DEBUG    | androguard.core.axml:__init__:2973 - Parsed <ARSCResType(start=0x74be0, id=0x6, flags=0x0, entryCount=706, entriesStart=0xb5c, mResId=0x7f060000, table:dimen)>
2026-01-03 17:15:11.893 | DEBUG    | androguard.core.axml:__init__:1833 - Config: <ARSCResTableConfig ''=(0, 0, 0, 0, 0, 0, 0, 0, 0)>
2026-01-03 17:15:11.894 | DEBUG    | androguard.core.axml:__init__:1805 - Found a header: <ARSCHeader idx='0x00078354' type='513' header_size='84' size='2924'>
2026-01-03 17:15:11.895 | DEBUG    | androguard.core.axml:__init__:3125 - Skipping padding bytes!
2026-01-03 17:15:11.895 | DEBUG    | androguard.core.axml:__init__:2973 - Parsed <ARSCResType(start=0x7835c, id=0x6, flags=0x0, entryCount=706, entriesStart=0xb5c, mResId=0x7f060000, table:dimen)>
2026-01-03 17:15:11.895 | DEBUG    | androguard.core.axml:__init__:1833 - Config: <ARSCResTableConfig 'h720dp'=(0, 0, 0, 0, 0, 0, 0, 47185920, 0)>
2026-01-03 17:15:11.895 | DEBUG    | androguard.core.axml:__init__:1805 - Found a header: <ARSCHeader idx='0x00078ec0' type='513' header_size='84' size='3196'>
2026-01-03 17:15:11.895 | DEBUG    | androguard.core.axml:__init__:3125 - Skipping padding bytes!
2026-01-03 17:15:11.895 | DEBUG    | androguard.core.axml:__init__:2973 - Parsed <ARSCResType(start=0x78ec8, id=0x6, flags=0x0, entryCount=706, entriesStart=0xb5c, mResId=0x7f060000, table:dimen)>
2026-01-03 17:15:11.895 | DEBUG    | androguard.core.axml:__init__:1833 - Config: <ARSCResTableConfig 'sw600dp'=(0, 0, 0, 0, 0, 0, 39321600, 0, 0)>
2026-01-03 17:15:11.895 | DEBUG    | androguard.core.axml:__init__:1805 - Found a header: <ARSCHeader idx='0x00079b3c' type='513' header_size='84' size='2940'>
2026-01-03 17:15:11.895 | DEBUG    | androguard.core.axml:__init__:3125 - Skipping padding bytes!
2026-01-03 17:15:11.895 | DEBUG    | androguard.core.axml:__init__:2973 - Parsed <ARSCResType(start=0x79b44, id=0x6, flags=0x0, entryCount=706, entriesStart=0xb5c, mResId=0x7f060000, table:dimen)>
2026-01-03 17:15:11.895 | DEBUG    | androguard.core.axml:__init__:1833 - Config: <ARSCResTableConfig 'small'=(0, 0, 0, 0, 0, 0, 1, 0, 0)>
2026-01-03 17:15:11.895 | DEBUG    | androguard.core.axml:__init__:1805 - Found a header: <ARSCHeader idx='0x0007a6b8' type='513' header_size='84' size='3020'>
2026-01-03 17:15:11.895 | DEBUG    | androguard.core.axml:__init__:3125 - Skipping padding bytes!
2026-01-03 17:15:11.895 | DEBUG    | androguard.core.axml:__init__:2973 - Parsed <ARSCResType(start=0x7a6c0, id=0x6, flags=0x0, entryCount=706, entriesStart=0xb5c, mResId=0x7f060000, table:dimen)>
2026-01-03 17:15:11.895 | DEBUG    | androguard.core.axml:__init__:1833 - Config: <ARSCResTableConfig 'large'=(0, 0, 0, 0, 0, 0, 3, 0, 0)>
2026-01-03 17:15:11.896 | DEBUG    | androguard.core.axml:__init__:1805 - Found a header: <ARSCHeader idx='0x0007b284' type='513' header_size='84' size='2972'>
2026-01-03 17:15:11.896 | DEBUG    | androguard.core.axml:__init__:3125 - Skipping padding bytes!
2026-01-03 17:15:11.896 | DEBUG    | androguard.core.axml:__init__:2973 - Parsed <ARSCResType(start=0x7b28c, id=0x6, flags=0x0, entryCount=706, entriesStart=0xb5c, mResId=0x7f060000, table:dimen)>
2026-01-03 17:15:11.896 | DEBUG    | androguard.core.axml:__init__:1833 - Config: <ARSCResTableConfig 'xlarge'=(0, 0, 0, 0, 0, 0, 4, 0, 0)>
2026-01-03 17:15:11.896 | DEBUG    | androguard.core.axml:__init__:1805 - Found a header: <ARSCHeader idx='0x0007be20' type='513' header_size='84' size='3100'>
2026-01-03 17:15:11.896 | DEBUG    | androguard.core.axml:__init__:3125 - Skipping padding bytes!
2026-01-03 17:15:11.896 | DEBUG    | androguard.core.axml:__init__:2973 - Parsed <ARSCResType(start=0x7be28, id=0x6, flags=0x0, entryCount=706, entriesStart=0xb5c, mResId=0x7f060000, table:dimen)>
2026-01-03 17:15:11.896 | DEBUG    | androguard.core.axml:__init__:1833 - Config: <ARSCResTableConfig 'v28'=(0, 0, 0, 0, 0, 28, 0, 0, 0)>
2026-01-03 17:15:11.896 | DEBUG    | androguard.core.axml:__init__:1805 - Found a header: <ARSCHeader idx='0x0007ca3c' type='513' header_size='84' size='3036'>
2026-01-03 17:15:11.896 | DEBUG    | androguard.core.axml:__init__:3125 - Skipping padding bytes!
2026-01-03 17:15:11.896 | DEBUG    | androguard.core.axml:__init__:2973 - Parsed <ARSCResType(start=0x7ca44, id=0x6, flags=0x0, entryCount=706, entriesStart=0xb5c, mResId=0x7f060000, table:dimen)>
2026-01-03 17:15:11.896 | DEBUG    | androguard.core.axml:__init__:1833 - Config: <ARSCResTableConfig 'w360dp-port'=(0, 0, 1, 0, 0, 0, 0, 360, 0)>
2026-01-03 17:15:11.896 | DEBUG    | androguard.core.axml:__init__:1805 - Found a header: <ARSCHeader idx='0x0007d618' type='513' header_size='84' size='3004'>
2026-01-03 17:15:11.896 | DEBUG    | androguard.core.axml:__init__:3125 - Skipping padding bytes!
2026-01-03 17:15:11.896 | DEBUG    | androguard.core.axml:__init__:2973 - Parsed <ARSCResType(start=0x7d620, id=0x6, flags=0x0, entryCount=706, entriesStart=0xb5c, mResId=0x7f060000, table:dimen)>
2026-01-03 17:15:11.896 | DEBUG    | androguard.core.axml:__init__:1833 - Config: <ARSCResTableConfig 'w480dp-port'=(0, 0, 1, 0, 0, 0, 0, 480, 0)>
2026-01-03 17:15:11.897 | DEBUG    | androguard.core.axml:__init__:1805 - Found a header: <ARSCHeader idx='0x0007e1d4' type='513' header_size='84' size='2924'>
2026-01-03 17:15:11.897 | DEBUG    | androguard.core.axml:__init__:3125 - Skipping padding bytes!
2026-01-03 17:15:11.897 | DEBUG    | androguard.core.axml:__init__:2973 - Parsed <ARSCResType(start=0x7e1dc, id=0x6, flags=0x0, entryCount=706, entriesStart=0xb5c, mResId=0x7f060000, table:dimen)>
2026-01-03 17:15:11.897 | DEBUG    | androguard.core.axml:__init__:1833 - Config: <ARSCResTableConfig 'h320dp-port'=(0, 0, 1, 0, 0, 0, 0, 20971520, 0)>
2026-01-03 17:15:11.897 | DEBUG    | androguard.core.axml:__init__:1805 - Found a header: <ARSCHeader idx='0x0007ed40' type='513' header_size='84' size='2924'>
2026-01-03 17:15:11.897 | DEBUG    | androguard.core.axml:__init__:3125 - Skipping padding bytes!
2026-01-03 17:15:11.897 | DEBUG    | androguard.core.axml:__init__:2973 - Parsed <ARSCResType(start=0x7ed48, id=0x6, flags=0x0, entryCount=706, entriesStart=0xb5c, mResId=0x7f060000, table:dimen)>
2026-01-03 17:15:11.897 | DEBUG    | androguard.core.axml:__init__:1833 - Config: <ARSCResTableConfig 'h550dp-port'=(0, 0, 1, 0, 0, 0, 0, 36044800, 0)>
2026-01-03 17:15:11.897 | DEBUG    | androguard.core.axml:__init__:1805 - Found a header: <ARSCHeader idx='0x0007f8ac' type='513' header_size='84' size='3212'>
2026-01-03 17:15:11.897 | DEBUG    | androguard.core.axml:__init__:3125 - Skipping padding bytes!
2026-01-03 17:15:11.897 | DEBUG    | androguard.core.axml:__init__:2973 - Parsed <ARSCResType(start=0x7f8b4, id=0x6, flags=0x0, entryCount=706, entriesStart=0xb5c, mResId=0x7f060000, table:dimen)>
2026-01-03 17:15:11.897 | DEBUG    | androguard.core.axml:__init__:1833 - Config: <ARSCResTableConfig 'land'=(0, 0, 2, 0, 0, 0, 0, 0, 0)>
2026-01-03 17:15:11.897 | DEBUG    | androguard.core.axml:__init__:1805 - Found a header: <ARSCHeader idx='0x00080538' type='513' header_size='84' size='2940'>
2026-01-03 17:15:11.897 | DEBUG    | androguard.core.axml:__init__:3125 - Skipping padding bytes!
2026-01-03 17:15:11.897 | DEBUG    | androguard.core.axml:__init__:2973 - Parsed <ARSCResType(start=0x80540, id=0x6, flags=0x0, entryCount=706, entriesStart=0xb5c, mResId=0x7f060000, table:dimen)>
2026-01-03 17:15:11.897 | DEBUG    | androguard.core.axml:__init__:1833 - Config: <ARSCResTableConfig 'w320dp-land'=(0, 0, 2, 0, 0, 0, 0, 320, 0)>
2026-01-03 17:15:11.898 | DEBUG    | androguard.core.axml:__init__:1805 - Found a header: <ARSCHeader idx='0x000810b4' type='513' header_size='84' size='2924'>
2026-01-03 17:15:11.898 | DEBUG    | androguard.core.axml:__init__:3125 - Skipping padding bytes!
2026-01-03 17:15:11.898 | DEBUG    | androguard.core.axml:__init__:2973 - Parsed <ARSCResType(start=0x810bc, id=0x6, flags=0x0, entryCount=706, entriesStart=0xb5c, mResId=0x7f060000, table:dimen)>
2026-01-03 17:15:11.898 | DEBUG    | androguard.core.axml:__init__:1833 - Config: <ARSCResTableConfig 'w600dp-land'=(0, 0, 2, 0, 0, 0, 0, 600, 0)>
2026-01-03 17:15:11.898 | DEBUG    | androguard.core.axml:__init__:1805 - Found a header: <ARSCHeader idx='0x00081c20' type='513' header_size='84' size='3052'>
2026-01-03 17:15:11.898 | DEBUG    | androguard.core.axml:__init__:3125 - Skipping padding bytes!
2026-01-03 17:15:11.898 | DEBUG    | androguard.core.axml:__init__:2973 - Parsed <ARSCResType(start=0x81c28, id=0x6, flags=0x0, entryCount=706, entriesStart=0xb5c, mResId=0x7f060000, table:dimen)>
2026-01-03 17:15:11.898 | DEBUG    | androguard.core.axml:__init__:1833 - Config: <ARSCResTableConfig 'h360dp-land'=(0, 0, 2, 0, 0, 0, 0, 23592960, 0)>
2026-01-03 17:15:11.898 | DEBUG    | androguard.core.axml:__init__:1805 - Found a header: <ARSCHeader idx='0x0008280c' type='513' header_size='84' size='3004'>
2026-01-03 17:15:11.898 | DEBUG    | androguard.core.axml:__init__:3125 - Skipping padding bytes!
2026-01-03 17:15:11.898 | DEBUG    | androguard.core.axml:__init__:2973 - Parsed <ARSCResType(start=0x82814, id=0x6, flags=0x0, entryCount=706, entriesStart=0xb5c, mResId=0x7f060000, table:dimen)>
2026-01-03 17:15:11.898 | DEBUG    | androguard.core.axml:__init__:1833 - Config: <ARSCResTableConfig 'h480dp-land'=(0, 0, 2, 0, 0, 0, 0, 31457280, 0)>
2026-01-03 17:15:11.898 | DEBUG    | androguard.core.axml:__init__:1805 - Found a header: <ARSCHeader idx='0x000833c8' type='514' header_size='16' size='916'>
2026-01-03 17:15:11.898 | DEBUG    | androguard.core.axml:__init__:1805 - Found a header: <ARSCHeader idx='0x0008375c' type='513' header_size='84' size='3864'>
2026-01-03 17:15:11.898 | DEBUG    | androguard.core.axml:__init__:3125 - Skipping padding bytes!
2026-01-03 17:15:11.898 | DEBUG    | androguard.core.axml:__init__:2973 - Parsed <ARSCResType(start=0x83764, id=0x7, flags=0x0, entryCount=225, entriesStart=0x3d8, mResId=0x7f070000, table:drawable)>
2026-01-03 17:15:11.898 | DEBUG    | androguard.core.axml:__init__:1833 - Config: <ARSCResTableConfig ''=(0, 0, 0, 0, 0, 0, 0, 0, 0)>
2026-01-03 17:15:11.899 | DEBUG    | androguard.core.axml:__init__:1805 - Found a header: <ARSCHeader idx='0x00084674' type='513' header_size='84' size='1000'>
2026-01-03 17:15:11.899 | DEBUG    | androguard.core.axml:__init__:3125 - Skipping padding bytes!
2026-01-03 17:15:11.899 | DEBUG    | androguard.core.axml:__init__:2973 - Parsed <ARSCResType(start=0x8467c, id=0x7, flags=0x0, entryCount=225, entriesStart=0x3d8, mResId=0x7f070000, table:drawable)>
2026-01-03 17:15:11.899 | DEBUG    | androguard.core.axml:__init__:1833 - Config: <ARSCResTableConfig 'watch'=(0, 0, 0, 0, 0, 0, 1536, 0, 0)>
2026-01-03 17:15:11.899 | DEBUG    | androguard.core.axml:__init__:1805 - Found a header: <ARSCHeader idx='0x00084a5c' type='513' header_size='84' size='1016'>
2026-01-03 17:15:11.899 | DEBUG    | androguard.core.axml:__init__:3125 - Skipping padding bytes!
2026-01-03 17:15:11.899 | DEBUG    | androguard.core.axml:__init__:2973 - Parsed <ARSCResType(start=0x84a64, id=0x7, flags=0x0, entryCount=225, entriesStart=0x3d8, mResId=0x7f070000, table:drawable)>
2026-01-03 17:15:11.899 | DEBUG    | androguard.core.axml:__init__:1833 - Config: <ARSCResTableConfig 'ldrtl'=(0, 0, 0, 0, 0, 0, 128, 0, 0)>
2026-01-03 17:15:11.899 | DEBUG    | androguard.core.axml:__init__:1805 - Found a header: <ARSCHeader idx='0x00084e54' type='513' header_size='84' size='1112'>
2026-01-03 17:15:11.899 | DEBUG    | androguard.core.axml:__init__:3125 - Skipping padding bytes!
2026-01-03 17:15:11.899 | DEBUG    | androguard.core.axml:__init__:2973 - Parsed <ARSCResType(start=0x84e5c, id=0x7, flags=0x0, entryCount=225, entriesStart=0x3d8, mResId=0x7f070000, table:drawable)>
2026-01-03 17:15:11.899 | DEBUG    | androguard.core.axml:__init__:1833 - Config: <ARSCResTableConfig 'v23'=(0, 0, 0, 0, 0, 23, 0, 0, 0)>
2026-01-03 17:15:11.899 | DEBUG    | androguard.core.axml:__init__:1805 - Found a header: <ARSCHeader idx='0x000852ac' type='513' header_size='84' size='1592'>
2026-01-03 17:15:11.899 | DEBUG    | androguard.core.axml:__init__:3125 - Skipping padding bytes!
2026-01-03 17:15:11.899 | DEBUG    | androguard.core.axml:__init__:2973 - Parsed <ARSCResType(start=0x852b4, id=0x7, flags=0x0, entryCount=225, entriesStart=0x3d8, mResId=0x7f070000, table:drawable)>
2026-01-03 17:15:11.899 | DEBUG    | androguard.core.axml:__init__:1833 - Config: <ARSCResTableConfig 'mdpi'=(0, 0, 10485760, 0, 0, 0, 0, 0, 0)>
2026-01-03 17:15:11.900 | DEBUG    | androguard.core.axml:__init__:1805 - Found a header: <ARSCHeader idx='0x000858e4' type='513' header_size='84' size='1000'>
2026-01-03 17:15:11.900 | DEBUG    | androguard.core.axml:__init__:3125 - Skipping padding bytes!
2026-01-03 17:15:11.900 | DEBUG    | androguard.core.axml:__init__:2973 - Parsed <ARSCResType(start=0x858ec, id=0x7, flags=0x0, entryCount=225, entriesStart=0x3d8, mResId=0x7f070000, table:drawable)>
2026-01-03 17:15:11.900 | DEBUG    | androguard.core.axml:__init__:1833 - Config: <ARSCResTableConfig 'ldrtl-mdpi'=(0, 0, 10485760, 0, 0, 0, 128, 0, 0)>
2026-01-03 17:15:11.900 | DEBUG    | androguard.core.axml:__init__:1805 - Found a header: <ARSCHeader idx='0x00085ccc' type='513' header_size='84' size='1592'>
2026-01-03 17:15:11.900 | DEBUG    | androguard.core.axml:__init__:3125 - Skipping padding bytes!
2026-01-03 17:15:11.900 | DEBUG    | androguard.core.axml:__init__:2973 - Parsed <ARSCResType(start=0x85cd4, id=0x7, flags=0x0, entryCount=225, entriesStart=0x3d8, mResId=0x7f070000, table:drawable)>
2026-01-03 17:15:11.900 | DEBUG    | androguard.core.axml:__init__:1833 - Config: <ARSCResTableConfig 'hdpi'=(0, 0, 15728640, 0, 0, 0, 0, 0, 0)>
2026-01-03 17:15:11.900 | DEBUG    | androguard.core.axml:__init__:1805 - Found a header: <ARSCHeader idx='0x00086304' type='513' header_size='84' size='1000'>
2026-01-03 17:15:11.900 | DEBUG    | androguard.core.axml:__init__:3125 - Skipping padding bytes!
2026-01-03 17:15:11.900 | DEBUG    | androguard.core.axml:__init__:2973 - Parsed <ARSCResType(start=0x8630c, id=0x7, flags=0x0, entryCount=225, entriesStart=0x3d8, mResId=0x7f070000, table:drawable)>
2026-01-03 17:15:11.900 | DEBUG    | androguard.core.axml:__init__:1833 - Config: <ARSCResTableConfig 'ldrtl-hdpi'=(0, 0, 15728640, 0, 0, 0, 128, 0, 0)>
2026-01-03 17:15:11.900 | DEBUG    | androguard.core.axml:__init__:1805 - Found a header: <ARSCHeader idx='0x000866ec' type='513' header_size='84' size='1592'>
2026-01-03 17:15:11.900 | DEBUG    | androguard.core.axml:__init__:3125 - Skipping padding bytes!
2026-01-03 17:15:11.900 | DEBUG    | androguard.core.axml:__init__:2973 - Parsed <ARSCResType(start=0x866f4, id=0x7, flags=0x0, entryCount=225, entriesStart=0x3d8, mResId=0x7f070000, table:drawable)>
2026-01-03 17:15:11.900 | DEBUG    | androguard.core.axml:__init__:1833 - Config: <ARSCResTableConfig 'xhdpi'=(0, 0, 20971520, 0, 0, 0, 0, 0, 0)>
2026-01-03 17:15:11.900 | DEBUG    | androguard.core.axml:__init__:1805 - Found a header: <ARSCHeader idx='0x00086d24' type='513' header_size='84' size='1000'>
2026-01-03 17:15:11.900 | DEBUG    | androguard.core.axml:__init__:3125 - Skipping padding bytes!
2026-01-03 17:15:11.900 | DEBUG    | androguard.core.axml:__init__:2973 - Parsed <ARSCResType(start=0x86d2c, id=0x7, flags=0x0, entryCount=225, entriesStart=0x3d8, mResId=0x7f070000, table:drawable)>
2026-01-03 17:15:11.900 | DEBUG    | androguard.core.axml:__init__:1833 - Config: <ARSCResTableConfig 'ldrtl-xhdpi'=(0, 0, 20971520, 0, 0, 0, 128, 0, 0)>
2026-01-03 17:15:11.900 | DEBUG    | androguard.core.axml:__init__:1805 - Found a header: <ARSCHeader idx='0x0008710c' type='513' header_size='84' size='1512'>
2026-01-03 17:15:11.900 | DEBUG    | androguard.core.axml:__init__:3125 - Skipping padding bytes!
2026-01-03 17:15:11.900 | DEBUG    | androguard.core.axml:__init__:2973 - Parsed <ARSCResType(start=0x87114, id=0x7, flags=0x0, entryCount=225, entriesStart=0x3d8, mResId=0x7f070000, table:drawable)>
2026-01-03 17:15:11.900 | DEBUG    | androguard.core.axml:__init__:1833 - Config: <ARSCResTableConfig 'xxhdpi'=(0, 0, 31457280, 0, 0, 0, 0, 0, 0)>
2026-01-03 17:15:11.901 | DEBUG    | androguard.core.axml:__init__:1805 - Found a header: <ARSCHeader idx='0x000876f4' type='513' header_size='84' size='1000'>
2026-01-03 17:15:11.901 | DEBUG    | androguard.core.axml:__init__:3125 - Skipping padding bytes!
2026-01-03 17:15:11.901 | DEBUG    | androguard.core.axml:__init__:2973 - Parsed <ARSCResType(start=0x876fc, id=0x7, flags=0x0, entryCount=225, entriesStart=0x3d8, mResId=0x7f070000, table:drawable)>
2026-01-03 17:15:11.901 | DEBUG    | androguard.core.axml:__init__:1833 - Config: <ARSCResTableConfig 'ldrtl-xxhdpi'=(0, 0, 31457280, 0, 0, 0, 128, 0, 0)>
2026-01-03 17:15:11.901 | DEBUG    | androguard.core.axml:__init__:1805 - Found a header: <ARSCHeader idx='0x00087adc' type='513' header_size='84' size='1192'>
2026-01-03 17:15:11.901 | DEBUG    | androguard.core.axml:__init__:3125 - Skipping padding bytes!
2026-01-03 17:15:11.901 | DEBUG    | androguard.core.axml:__init__:2973 - Parsed <ARSCResType(start=0x87ae4, id=0x7, flags=0x0, entryCount=225, entriesStart=0x3d8, mResId=0x7f070000, table:drawable)>
2026-01-03 17:15:11.901 | DEBUG    | androguard.core.axml:__init__:1833 - Config: <ARSCResTableConfig 'xxxhdpi'=(0, 0, 41943040, 0, 0, 0, 0, 0, 0)>
2026-01-03 17:15:11.901 | DEBUG    | androguard.core.axml:__init__:1805 - Found a header: <ARSCHeader idx='0x00087f84' type='513' header_size='84' size='1000'>
2026-01-03 17:15:11.901 | DEBUG    | androguard.core.axml:__init__:3125 - Skipping padding bytes!
2026-01-03 17:15:11.901 | DEBUG    | androguard.core.axml:__init__:2973 - Parsed <ARSCResType(start=0x87f8c, id=0x7, flags=0x0, entryCount=225, entriesStart=0x3d8, mResId=0x7f070000, table:drawable)>
2026-01-03 17:15:11.901 | DEBUG    | androguard.core.axml:__init__:1833 - Config: <ARSCResTableConfig 'ldrtl-xxxhdpi'=(0, 0, 41943040, 0, 0, 0, 128, 0, 0)>
2026-01-03 17:15:11.901 | DEBUG    | androguard.core.axml:__init__:1805 - Found a header: <ARSCHeader idx='0x0008836c' type='513' header_size='84' size='1016'>
2026-01-03 17:15:11.901 | DEBUG    | androguard.core.axml:__init__:3125 - Skipping padding bytes!
2026-01-03 17:15:11.901 | DEBUG    | androguard.core.axml:__init__:2973 - Parsed <ARSCResType(start=0x88374, id=0x7, flags=0x0, entryCount=225, entriesStart=0x3d8, mResId=0x7f070000, table:drawable)>
2026-01-03 17:15:11.901 | DEBUG    | androguard.core.axml:__init__:1833 - Config: <ARSCResTableConfig 'anydpi-v24'=(0, 0, 4294836224, 0, 0, 24, 0, 0, 0)>
2026-01-03 17:15:11.901 | DEBUG    | androguard.core.axml:__init__:1805 - Found a header: <ARSCHeader idx='0x00088764' type='514' header_size='16' size='1988'>
2026-01-03 17:15:11.901 | DEBUG    | androguard.core.axml:__init__:1805 - Found a header: <ARSCHeader idx='0x00088f28' type='513' header_size='84' size='9944'>
2026-01-03 17:15:11.901 | DEBUG    | androguard.core.axml:__init__:3125 - Skipping padding bytes!
2026-01-03 17:15:11.901 | DEBUG    | androguard.core.axml:__init__:2973 - Parsed <ARSCResType(start=0x88f30, id=0x8, flags=0x0, entryCount=493, entriesStart=0x808, mResId=0x7f080000, table:id)>
2026-01-03 17:15:11.901 | DEBUG    | androguard.core.axml:__init__:1833 - Config: <ARSCResTableConfig ''=(0, 0, 0, 0, 0, 0, 0, 0, 0)>
2026-01-03 17:15:11.901 | DEBUG    | androguard.core.axml:__init__:3581 - Parsed <ARSCResTableEntry idx='0x00089730' mResId='0x7f080000' flags='0x04' holding=<ARSCResStringPoolRef idx='0x00089738' size='8' type='int_boolean' data='0x00000000'>>
2026-01-03 17:15:11.902 | DEBUG    | androguard.core.axml:__init__:3581 - Parsed <ARSCResTableEntry idx='0x00089740' mResId='0x7f080001' flags='0x04' holding=<ARSCResStringPoolRef idx='0x00089748' size='8' type='int_boolean' data='0x00000000'>>
2026-01-03 17:15:11.902 | DEBUG    | androguard.core.axml:__init__:3581 - Parsed <ARSCResTableEntry idx='0x00089750' mResId='0x7f080002' flags='0x04' holding=<ARSCResStringPoolRef idx='0x00089758' size='8' type='int_boolean' data='0x00000000'>>
2026-01-03 17:15:11.902 | DEBUG    | androguard.core.axml:__init__:3581 - Parsed <ARSCResTableEntry idx='0x00089760' mResId='0x7f080003' flags='0x04' holding=<ARSCResStringPoolRef idx='0x00089768' size='8' type='int_boolean' data='0x00000000'>>
2026-01-03 17:15:11.902 | DEBUG    | androguard.core.axml:__init__:3581 - Parsed <ARSCResTableEntry idx='0x00089770' mResId='0x7f080004' flags='0x04' holding=<ARSCResStringPoolRef idx='0x00089778' size='8' type='int_boolean' data='0x00000000'>>
2026-01-03 17:15:11.902 | DEBUG    | androguard.core.axml:__init__:3581 - Parsed <ARSCResTableEntry idx='0x00089780' mResId='0x7f080005' flags='0x04' holding=<ARSCResStringPoolRef idx='0x00089788' size='8' type='int_boolean' data='0x00000000'>>
2026-01-03 17:15:11.902 | DEBUG    | androguard.core.axml:__init__:3581 - Parsed <ARSCResTableEntry idx='0x00089790' mResId='0x7f080006' flags='0x04' holding=<ARSCResStringPoolRef idx='0x00089798' size='8' type='int_boolean' data='0x00000000'>>
2026-01-03 17:15:11.902 | DEBUG    | androguard.core.axml:__init__:3581 - Parsed <ARSCResTableEntry idx='0x000897a0' mResId='0x7f080007' flags='0x04' holding=<ARSCResStringPoolRef idx='0x000897a8' size='8' type='int_boolean' data='0x00000000'>>
2026-01-03 17:15:11.902 | DEBUG    | androguard.core.axml:__init__:3581 - Parsed <ARSCResTableEntry idx='0x000897b0' mResId='0x7f080008' flags='0x04' holding=<ARSCResStringPoolRef idx='0x000897b8' size='8' type='int_boolean' data='0x00000000'>>
2026-01-03 17:15:11.902 | DEBUG    | androguard.core.axml:__init__:3581 - Parsed <ARSCResTableEntry idx='0x000897c0' mResId='0x7f080009' flags='0x04' holding=<ARSCResStringPoolRef idx='0x000897c8' size='8' type='int_boolean' data='0x00000000'>>
2026-01-03 17:15:11.902 | DEBUG    | androguard.core.axml:__init__:3581 - Parsed <ARSCResTableEntry idx='0x000897d0' mResId='0x7f08000a' flags='0x04' holding=<ARSCResStringPoolRef idx='0x000897d8' size='8' type='int_boolean' data='0x00000000'>>
2026-01-03 17:15:11.902 | DEBUG    | androguard.core.axml:__init__:3581 - Parsed <ARSCResTableEntry idx='0x000897e0' mResId='0x7f08000b' flags='0x04' holding=<ARSCResStringPoolRef idx='0x000897e8' size='8' type='int_boolean' data='0x00000000'>>
2026-01-03 17:15:11.902 | DEBUG    | androguard.core.axml:__init__:3581 - Parsed <ARSCResTableEntry idx='0x000897f0' mResId='0x7f08000c' flags='0x04' holding=<ARSCResStringPoolRef idx='0x000897f8' size='8' type='int_boolean' data='0x00000000'>>
2026-01-03 17:15:11.902 | DEBUG    | androguard.core.axml:__init__:3581 - Parsed <ARSCResTableEntry idx='0x00089800' mResId='0x7f08000d' flags='0x04' holding=<ARSCResStringPoolRef idx='0x00089808' size='8' type='int_boolean' data='0x00000000'>>
2026-01-03 17:15:11.902 | DEBUG    | androguard.core.axml:__init__:3581 - Parsed <ARSCResTableEntry idx='0x00089810' mResId='0x7f08000e' flags='0x04' holding=<ARSCResStringPoolRef idx='0x00089818' size='8' type='int_boolean' data='0x00000000'>>
2026-01-03 17:15:11.902 | DEBUG    | androguard.core.axml:__init__:3581 - Parsed <ARSCResTableEntry idx='0x00089820' mResId='0x7f08000f' flags='0x04' holding=<ARSCResStringPoolRef idx='0x00089828' size='8' type='int_boolean' data='0x00000000'>>
2026-01-03 17:15:11.902 | DEBUG    | androguard.core.axml:__init__:3581 - Parsed <ARSCResTableEntry idx='0x00089830' mResId='0x7f080010' flags='0x04' holding=<ARSCResStringPoolRef idx='0x00089838' size='8' type='int_boolean' data='0x00000000'>>
2026-01-03 17:15:11.902 | DEBUG    | androguard.core.axml:__init__:3581 - Parsed <ARSCResTableEntry idx='0x00089840' mResId='0x7f080011' flags='0x04' holding=<ARSCResStringPoolRef idx='0x00089848' size='8' type='int_boolean' data='0x00000000'>>
2026-01-03 17:15:11.902 | DEBUG    | androguard.core.axml:__init__:3581 - Parsed <ARSCResTableEntry idx='0x00089850' mResId='0x7f080012' flags='0x04' holding=<ARSCResStringPoolRef idx='0x00089858' size='8' type='int_boolean' data='0x00000000'>>
2026-01-03 17:15:11.902 | DEBUG    | androguard.core.axml:__init__:3581 - Parsed <ARSCResTableEntry idx='0x00089860' mResId='0x7f080013' flags='0x04' holding=<ARSCResStringPoolRef idx='0x00089868' size='8' type='int_boolean' data='0x00000000'>>
2026-01-03 17:15:11.902 | DEBUG    | androguard.core.axml:__init__:3581 - Parsed <ARSCResTableEntry idx='0x00089870' mResId='0x7f080014' flags='0x04' holding=<ARSCResStringPoolRef idx='0x00089878' size='8' type='int_boolean' data='0x00000000'>>
2026-01-03 17:15:11.902 | DEBUG    | androguard.core.axml:__init__:3581 - Parsed <ARSCResTableEntry idx='0x00089880' mResId='0x7f080015' flags='0x04' holding=<ARSCResStringPoolRef idx='0x00089888' size='8' type='int_boolean' data='0x00000000'>>
2026-01-03 17:15:11.902 | DEBUG    | androguard.core.axml:__init__:3581 - Parsed <ARSCResTableEntry idx='0x00089890' mResId='0x7f080016' flags='0x04' holding=<ARSCResStringPoolRef idx='0x00089898' size='8' type='int_boolean' data='0x00000000'>>
2026-01-03 17:15:11.902 | DEBUG    | androguard.core.axml:__init__:3581 - Parsed <ARSCResTableEntry idx='0x000898a0' mResId='0x7f080017' flags='0x04' holding=<ARSCResStringPoolRef idx='0x000898a8' size='8' type='int_boolean' data='0x00000000'>>
2026-01-03 17:15:11.902 | DEBUG    | androguard.core.axml:__init__:3581 - Parsed <ARSCResTableEntry idx='0x000898b0' mResId='0x7f080018' flags='0x04' holding=<ARSCResStringPoolRef idx='0x000898b8' size='8' type='int_boolean' data='0x00000000'>>
2026-01-03 17:15:11.902 | DEBUG    | androguard.core.axml:__init__:3581 - Parsed <ARSCResTableEntry idx='0x000898c0' mResId='0x7f080019' flags='0x04' holding=<ARSCResStringPoolRef idx='0x000898c8' size='8' type='int_boolean' data='0x00000000'>>
2026-01-03 17:15:11.902 | DEBUG    | androguard.core.axml:__init__:3581 - Parsed <ARSCResTableEntry idx='0x000898d0' mResId='0x7f08001a' flags='0x04' holding=<ARSCResStringPoolRef idx='0x000898d8' size='8' type='int_boolean' data='0x00000000'>>
2026-01-03 17:15:11.902 | DEBUG    | androguard.core.axml:__init__:3581 - Parsed <ARSCResTableEntry idx='0x000898e0' mResId='0x7f08001b' flags='0x04' holding=<ARSCResStringPoolRef idx='0x000898e8' size='8' type='int_boolean' data='0x00000000'>>
2026-01-03 17:15:11.902 | DEBUG    | androguard.core.axml:__init__:3581 - Parsed <ARSCResTableEntry idx='0x000898f0' mResId='0x7f08001c' flags='0x04' holding=<ARSCResStringPoolRef idx='0x000898f8' size='8' type='int_boolean' data='0x00000000'>>
2026-01-03 17:15:11.902 | DEBUG    | androguard.core.axml:__init__:3581 - Parsed <ARSCResTableEntry idx='0x00089900' mResId='0x7f08001d' flags='0x04' holding=<ARSCResStringPoolRef idx='0x00089908' size='8' type='int_boolean' data='0x00000000'>>
2026-01-03 17:15:11.902 | DEBUG    | androguard.core.axml:__init__:3581 - Parsed <ARSCResTableEntry idx='0x00089910' mResId='0x7f08001e' flags='0x04' holding=<ARSCResStringPoolRef idx='0x00089918' size='8' type='int_boolean' data='0x00000000'>>
2026-01-03 17:15:11.902 | DEBUG    | androguard.core.axml:__init__:3581 - Parsed <ARSCResTableEntry idx='0x00089920' mResId='0x7f08001f' flags='0x04' holding=<ARSCResStringPoolRef idx='0x00089928' size='8' type='int_boolean' data='0x00000000'>>
2026-01-03 17:15:11.902 | DEBUG    | androguard.core.axml:__init__:3581 - Parsed <ARSCResTableEntry idx='0x00089930' mResId='0x7f080020' flags='0x04' holding=<ARSCResStringPoolRef idx='0x00089938' size='8' type='int_boolean' data='0x00000000'>>
2026-01-03 17:15:11.902 | DEBUG    | androguard.core.axml:__init__:3581 - Parsed <ARSCResTableEntry idx='0x00089940' mResId='0x7f080021' flags='0x04' holding=<ARSCResStringPoolRef idx='0x00089948' size='8' type='int_boolean' data='0x00000000'>>
2026-01-03 17:15:11.902 | DEBUG    | androguard.core.axml:__init__:3581 - Parsed <ARSCResTableEntry idx='0x00089950' mResId='0x7f080022' flags='0x04' holding=<ARSCResStringPoolRef idx='0x00089958' size='8' type='int_boolean' data='0x00000000'>>
2026-01-03 17:15:11.902 | DEBUG    | androguard.core.axml:__init__:3581 - Parsed <ARSCResTableEntry idx='0x00089960' mResId='0x7f080023' flags='0x04' holding=<ARSCResStringPoolRef idx='0x00089968' size='8' type='int_boolean' data='0x00000000'>>
2026-01-03 17:15:11.902 | DEBUG    | androguard.core.axml:__init__:3581 - Parsed <ARSCResTableEntry idx='0x00089970' mResId='0x7f080024' flags='0x04' holding=<ARSCResStringPoolRef idx='0x00089978' size='8' type='int_boolean' data='0x00000000'>>
2026-01-03 17:15:11.902 | DEBUG    | androguard.core.axml:__init__:3581 - Parsed <ARSCResTableEntry idx='0x00089980' mResId='0x7f080025' flags='0x04' holding=<ARSCResStringPoolRef idx='0x00089988' size='8' type='int_boolean' data='0x00000000'>>
2026-01-03 17:15:11.902 | DEBUG    | androguard.core.axml:__init__:3581 - Parsed <ARSCResTableEntry idx='0x00089990' mResId='0x7f080026' flags='0x04' holding=<ARSCResStringPoolRef idx='0x00089998' size='8' type='int_boolean' data='0x00000000'>>
2026-01-03 17:15:11.902 | DEBUG    | androguard.core.axml:__init__:3581 - Parsed <ARSCResTableEntry idx='0x000899a0' mResId='0x7f080027' flags='0x04' holding=<ARSCResStringPoolRef idx='0x000899a8' size='8' type='int_boolean' data='0x00000000'>>
2026-01-03 17:15:11.902 | DEBUG    | androguard.core.axml:__init__:3581 - Parsed <ARSCResTableEntry idx='0x000899b0' mResId='0x7f080028' flags='0x04' holding=<ARSCResStringPoolRef idx='0x000899b8' size='8' type='int_boolean' data='0x00000000'>>
2026-01-03 17:15:11.902 | DEBUG    | androguard.core.axml:__init__:3581 - Parsed <ARSCResTableEntry idx='0x000899c0' mResId='0x7f080029' flags='0x04' holding=<ARSCResStringPoolRef idx='0x000899c8' size='8' type='int_boolean' data='0x00000000'>>
2026-01-03 17:15:11.902 | DEBUG    | androguard.core.axml:__init__:3581 - Parsed <ARSCResTableEntry idx='0x000899d0' mResId='0x7f08002a' flags='0x04' holding=<ARSCResStringPoolRef idx='0x000899d8' size='8' type='int_boolean' data='0x00000000'>>
2026-01-03 17:15:11.902 | DEBUG    | androguard.core.axml:__init__:3581 - Parsed <ARSCResTableEntry idx='0x000899e0' mResId='0x7f08002b' flags='0x04' holding=<ARSCResStringPoolRef idx='0x000899e8' size='8' type='int_boolean' data='0x00000000'>>
2026-01-03 17:15:11.902 | DEBUG    | androguard.core.axml:__init__:3581 - Parsed <ARSCResTableEntry idx='0x000899f0' mResId='0x7f08002c' flags='0x04' holding=<ARSCResStringPoolRef idx='0x000899f8' size='8' type='int_boolean' data='0x00000000'>>
2026-01-03 17:15:11.902 | DEBUG    | androguard.core.axml:__init__:3581 - Parsed <ARSCResTableEntry idx='0x00089a00' mResId='0x7f08002d' flags='0x04' holding=<ARSCResStringPoolRef idx='0x00089a08' size='8' type='int_boolean' data='0x00000000'>>
2026-01-03 17:15:11.902 | DEBUG    | androguard.core.axml:__init__:3581 - Parsed <ARSCResTableEntry idx='0x00089a10' mResId='0x7f08002e' flags='0x04' holding=<ARSCResStringPoolRef idx='0x00089a18' size='8' type='int_boolean' data='0x00000000'>>
2026-01-03 17:15:11.902 | DEBUG    | androguard.core.axml:__init__:3581 - Parsed <ARSCResTableEntry idx='0x00089a20' mResId='0x7f08002f' flags='0x04' holding=<ARSCResStringPoolRef idx='0x00089a28' size='8' type='int_boolean' data='0x00000000'>>
2026-01-03 17:15:11.902 | DEBUG    | androguard.core.axml:__init__:3581 - Parsed <ARSCResTableEntry idx='0x00089a30' mResId='0x7f080030' flags='0x04' holding=<ARSCResStringPoolRef idx='0x00089a38' size='8' type='int_boolean' data='0x00000000'>>
2026-01-03 17:15:11.902 | DEBUG    | androguard.core.axml:__init__:3581 - Parsed <ARSCResTableEntry idx='0x00089a40' mResId='0x7f080031' flags='0x04' holding=<ARSCResStringPoolRef idx='0x00089a48' size='8' type='int_boolean' data='0x00000000'>>
2026-01-03 17:15:11.902 | DEBUG    | androguard.core.axml:__init__:3581 - Parsed <ARSCResTableEntry idx='0x00089a50' mResId='0x7f080032' flags='0x04' holding=<ARSCResStringPoolRef idx='0x00089a58' size='8' type='int_boolean' data='0x00000000'>>
2026-01-03 17:15:11.902 | DEBUG    | androguard.core.axml:__init__:3581 - Parsed <ARSCResTableEntry idx='0x00089a60' mResId='0x7f080033' flags='0x04' holding=<ARSCResStringPoolRef idx='0x00089a68' size='8' type='int_boolean' data='0x00000000'>>
2026-01-03 17:15:11.902 | DEBUG    | androguard.core.axml:__init__:3581 - Parsed <ARSCResTableEntry idx='0x00089a70' mResId='0x7f080034' flags='0x04' holding=<ARSCResStringPoolRef idx='0x00089a78' size='8' type='int_boolean' data='0x00000000'>>
2026-01-03 17:15:11.902 | DEBUG    | androguard.core.axml:__init__:3581 - Parsed <ARSCResTableEntry idx='0x00089a80' mResId='0x7f080035' flags='0x04' holding=<ARSCResStringPoolRef idx='0x00089a88' size='8' type='int_boolean' data='0x00000000'>>
2026-01-03 17:15:11.903 | DEBUG    | androguard.core.axml:__init__:3581 - Parsed <ARSCResTableEntry idx='0x00089a90' mResId='0x7f080036' flags='0x04' holding=<ARSCResStringPoolRef idx='0x00089a98' size='8' type='int_boolean' data='0x00000000'>>
2026-01-03 17:15:11.903 | DEBUG    | androguard.core.axml:__init__:3581 - Parsed <ARSCResTableEntry idx='0x00089aa0' mResId='0x7f080037' flags='0x04' holding=<ARSCResStringPoolRef idx='0x00089aa8' size='8' type='int_boolean' data='0x00000000'>>
2026-01-03 17:15:11.903 | DEBUG    | androguard.core.axml:__init__:3581 - Parsed <ARSCResTableEntry idx='0x00089ab0' mResId='0x7f080038' flags='0x04' holding=<ARSCResStringPoolRef idx='0x00089ab8' size='8' type='int_boolean' data='0x00000000'>>
2026-01-03 17:15:11.903 | DEBUG    | androguard.core.axml:__init__:3581 - Parsed <ARSCResTableEntry idx='0x00089ac0' mResId='0x7f080039' flags='0x04' holding=<ARSCResStringPoolRef idx='0x00089ac8' size='8' type='int_boolean' data='0x00000000'>>
2026-01-03 17:15:11.903 | DEBUG    | androguard.core.axml:__init__:3581 - Parsed <ARSCResTableEntry idx='0x00089ad0' mResId='0x7f08003a' flags='0x04' holding=<ARSCResStringPoolRef idx='0x00089ad8' size='8' type='int_boolean' data='0x00000000'>>
2026-01-03 17:15:11.903 | DEBUG    | androguard.core.axml:__init__:3581 - Parsed <ARSCResTableEntry idx='0x00089ae0' mResId='0x7f08003b' flags='0x04' holding=<ARSCResStringPoolRef idx='0x00089ae8' size='8' type='int_boolean' data='0x00000000'>>
2026-01-03 17:15:11.903 | DEBUG    | androguard.core.axml:__init__:3581 - Parsed <ARSCResTableEntry idx='0x00089af0' mResId='0x7f08003c' flags='0x04' holding=<ARSCResStringPoolRef idx='0x00089af8' size='8' type='int_boolean' data='0x00000000'>>
2026-01-03 17:15:11.903 | DEBUG    | androguard.core.axml:__init__:3581 - Parsed <ARSCResTableEntry idx='0x00089b00' mResId='0x7f08003d' flags='0x04' holding=<ARSCResStringPoolRef idx='0x00089b08' size='8' type='int_boolean' data='0x00000000'>>
2026-01-03 17:15:11.903 | DEBUG    | androguard.core.axml:__init__:3581 - Parsed <ARSCResTableEntry idx='0x00089b10' mResId='0x7f08003e' flags='0x04' holding=<ARSCResStringPoolRef idx='0x00089b18' size='8' type='int_boolean' data='0x00000000'>>
2026-01-03 17:15:11.903 | DEBUG    | androguard.core.axml:__init__:3581 - Parsed <ARSCResTableEntry idx='0x00089b20' mResId='0x7f08003f' flags='0x04' holding=<ARSCResStringPoolRef idx='0x00089b28' size='8' type='int_boolean' data='0x00000000'>>
2026-01-03 17:15:11.903 | DEBUG    | androguard.core.axml:__init__:3581 - Parsed <ARSCResTableEntry idx='0x00089b30' mResId='0x7f080040' flags='0x04' holding=<ARSCResStringPoolRef idx='0x00089b38' size='8' type='int_boolean' data='0x00000000'>>
2026-01-03 17:15:11.903 | DEBUG    | androguard.core.axml:__init__:3581 - Parsed <ARSCResTableEntry idx='0x00089b40' mResId='0x7f080041' flags='0x04' holding=<ARSCResStringPoolRef idx='0x00089b48' size='8' type='int_boolean' data='0x00000000'>>
2026-01-03 17:15:11.903 | DEBUG    | androguard.core.axml:__init__:3581 - Parsed <ARSCResTableEntry idx='0x00089b50' mResId='0x7f080042' flags='0x04' holding=<ARSCResStringPoolRef idx='0x00089b58' size='8' type='int_boolean' data='0x00000000'>>
2026-01-03 17:15:11.903 | DEBUG    | androguard.core.axml:__init__:3581 - Parsed <ARSCResTableEntry idx='0x00089b60' mResId='0x7f080043' flags='0x04' holding=<ARSCResStringPoolRef idx='0x00089b68' size='8' type='int_boolean' data='0x00000000'>>
2026-01-03 17:15:11.903 | DEBUG    | androguard.core.axml:__init__:3581 - Parsed <ARSCResTableEntry idx='0x00089b70' mResId='0x7f080044' flags='0x04' holding=<ARSCResStringPoolRef idx='0x00089b78' size='8' type='int_boolean' data='0x00000000'>>
2026-01-03 17:15:11.903 | DEBUG    | androguard.core.axml:__init__:3581 - Parsed <ARSCResTableEntry idx='0x00089b80' mResId='0x7f080045' flags='0x04' holding=<ARSCResStringPoolRef idx='0x00089b88' size='8' type='int_boolean' data='0x00000000'>>
2026-01-03 17:15:11.903 | DEBUG    | androguard.core.axml:__init__:3581 - Parsed <ARSCResTableEntry idx='0x00089b90' mResId='0x7f080046' flags='0x04' holding=<ARSCResStringPoolRef idx='0x00089b98' size='8' type='int_boolean' data='0x00000000'>>
2026-01-03 17:15:11.903 | DEBUG    | androguard.core.axml:__init__:3581 - Parsed <ARSCResTableEntry idx='0x00089ba0' mResId='0x7f080047' flags='0x04' holding=<ARSCResStringPoolRef idx='0x00089ba8' size='8' type='int_boolean' data='0x00000000'>>
2026-01-03 17:15:11.903 | DEBUG    | androguard.core.axml:__init__:3581 - Parsed <ARSCResTableEntry idx='0x00089bb0' mResId='0x7f080048' flags='0x04' holding=<ARSCResStringPoolRef idx='0x00089bb8' size='8' type='int_boolean' data='0x00000000'>>
2026-01-03 17:15:11.903 | DEBUG    | androguard.core.axml:__init__:3581 - Parsed <ARSCResTableEntry idx='0x00089bc0' mResId='0x7f080049' flags='0x04' holding=<ARSCResStringPoolRef idx='0x00089bc8' size='8' type='int_boolean' data='0x00000000'>>
2026-01-03 17:15:11.903 | DEBUG    | androguard.core.axml:__init__:3581 - Parsed <ARSCResTableEntry idx='0x00089bd0' mResId='0x7f08004a' flags='0x04' holding=<ARSCResStringPoolRef idx='0x00089bd8' size='8' type='int_boolean' data='0x00000000'>>
2026-01-03 17:15:11.903 | DEBUG    | androguard.core.axml:__init__:3581 - Parsed <ARSCResTableEntry idx='0x00089be0' mResId='0x7f08004b' flags='0x04' holding=<ARSCResStringPoolRef idx='0x00089be8' size='8' type='int_boolean' data='0x00000000'>>
2026-01-03 17:15:11.903 | DEBUG    | androguard.core.axml:__init__:3581 - Parsed <ARSCResTableEntry idx='0x00089bf0' mResId='0x7f08004c' flags='0x04' holding=<ARSCResStringPoolRef idx='0x00089bf8' size='8' type='int_boolean' data='0x00000000'>>
2026-01-03 17:15:11.903 | DEBUG    | androguard.core.axml:__init__:3581 - Parsed <ARSCResTableEntry idx='0x00089c00' mResId='0x7f08004d' flags='0x04' holding=<ARSCResStringPoolRef idx='0x00089c08' size='8' type='int_boolean' data='0x00000000'>>
2026-01-03 17:15:11.903 | DEBUG    | androguard.core.axml:__init__:3581 - Parsed <ARSCResTableEntry idx='0x00089c10' mResId='0x7f08004e' flags='0x04' holding=<ARSCResStringPoolRef idx='0x00089c18' size='8' type='int_boolean' data='0x00000000'>>
2026-01-03 17:15:11.903 | DEBUG    | androguard.core.axml:__init__:3581 - Parsed <ARSCResTableEntry idx='0x00089c20' mResId='0x7f08004f' flags='0x04' holding=<ARSCResStringPoolRef idx='0x00089c28' size='8' type='int_boolean' data='0x00000000'>>
2026-01-03 17:15:11.903 | DEBUG    | androguard.core.axml:__init__:3581 - Parsed <ARSCResTableEntry idx='0x00089c30' mResId='0x7f080050' flags='0x04' holding=<ARSCResStringPoolRef idx='0x00089c38' size='8' type='int_boolean' data='0x00000000'>>
2026-01-03 17:15:11.903 | DEBUG    | androguard.core.axml:__init__:3581 - Parsed <ARSCResTableEntry idx='0x00089c40' mResId='0x7f080051' flags='0x04' holding=<ARSCResStringPoolRef idx='0x00089c48' size='8' type='int_boolean' data='0x00000000'>>
2026-01-03 17:15:11.903 | DEBUG    | androguard.core.axml:__init__:3581 - Parsed <ARSCResTableEntry idx='0x00089c50' mResId='0x7f080052' flags='0x04' holding=<ARSCResStringPoolRef idx='0x00089c58' size='8' type='int_boolean' data='0x00000000'>>
2026-01-03 17:15:11.903 | DEBUG    | androguard.core.axml:__init__:3581 - Parsed <ARSCResTableEntry idx='0x00089c60' mResId='0x7f080053' flags='0x04' holding=<ARSCResStringPoolRef idx='0x00089c68' size='8' type='int_boolean' data='0x00000000'>>
2026-01-03 17:15:11.903 | DEBUG    | androguard.core.axml:__init__:3581 - Parsed <ARSCResTableEntry idx='0x00089c70' mResId='0x7f080054' flags='0x04' holding=<ARSCResStringPoolRef idx='0x00089c78' size='8' type='int_boolean' data='0x00000000'>>
2026-01-03 17:15:11.903 | DEBUG    | androguard.core.axml:__init__:3581 - Parsed <ARSCResTableEntry idx='0x00089c80' mResId='0x7f080055' flags='0x04' holding=<ARSCResStringPoolRef idx='0x00089c88' size='8' type='int_boolean' data='0x00000000'>>
2026-01-03 17:15:11.903 | DEBUG    | androguard.core.axml:__init__:3581 - Parsed <ARSCResTableEntry idx='0x00089c90' mResId='0x7f080056' flags='0x04' holding=<ARSCResStringPoolRef idx='0x00089c98' size='8' type='int_boolean' data='0x00000000'>>
2026-01-03 17:15:11.903 | DEBUG    | androguard.core.axml:__init__:3581 - Parsed <ARSCResTableEntry idx='0x00089ca0' mResId='0x7f080057' flags='0x04' holding=<ARSCResStringPoolRef idx='0x00089ca8' size='8' type='int_boolean' data='0x00000000'>>
2026-01-03 17:15:11.903 | DEBUG    | androguard.core.axml:__init__:3581 - Parsed <ARSCResTableEntry idx='0x00089cb0' mResId='0x7f080058' flags='0x04' holding=<ARSCResStringPoolRef idx='0x00089cb8' size='8' type='int_boolean' data='0x00000000'>>
2026-01-03 17:15:11.903 | DEBUG    | androguard.core.axml:__init__:3581 - Parsed <ARSCResTableEntry idx='0x00089cc0' mResId='0x7f080059' flags='0x04' holding=<ARSCResStringPoolRef idx='0x00089cc8' size='8' type='int_boolean' data='0x00000000'>>
2026-01-03 17:15:11.903 | DEBUG    | androguard.core.axml:__init__:3581 - Parsed <ARSCResTableEntry idx='0x00089cd0' mResId='0x7f08005a' flags='0x04' holding=<ARSCResStringPoolRef idx='0x00089cd8' size='8' type='int_boolean' data='0x00000000'>>
2026-01-03 17:15:11.903 | DEBUG    | androguard.core.axml:__init__:3581 - Parsed <ARSCResTableEntry idx='0x00089ce0' mResId='0x7f08005b' flags='0x04' holding=<ARSCResStringPoolRef idx='0x00089ce8' size='8' type='int_boolean' data='0x00000000'>>
2026-01-03 17:15:11.903 | DEBUG    | androguard.core.axml:__init__:3581 - Parsed <ARSCResTableEntry idx='0x00089cf0' mResId='0x7f08005c' flags='0x04' holding=<ARSCResStringPoolRef idx='0x00089cf8' size='8' type='int_boolean' data='0x00000000'>>
2026-01-03 17:15:11.903 | DEBUG    | androguard.core.axml:__init__:3581 - Parsed <ARSCResTableEntry idx='0x00089d00' mResId='0x7f08005d' flags='0x04' holding=<ARSCResStringPoolRef idx='0x00089d08' size='8' type='int_boolean' data='0x00000000'>>
2026-01-03 17:15:11.903 | DEBUG    | androguard.core.axml:__init__:3581 - Parsed <ARSCResTableEntry idx='0x00089d10' mResId='0x7f08005e' flags='0x04' holding=<ARSCResStringPoolRef idx='0x00089d18' size='8' type='int_boolean' data='0x00000000'>>
2026-01-03 17:15:11.903 | DEBUG    | androguard.core.axml:__init__:3581 - Parsed <ARSCResTableEntry idx='0x00089d20' mResId='0x7f08005f' flags='0x04' holding=<ARSCResStringPoolRef idx='0x00089d28' size='8' type='int_boolean' data='0x00000000'>>
2026-01-03 17:15:11.903 | DEBUG    | androguard.core.axml:__init__:3581 - Parsed <ARSCResTableEntry idx='0x00089d30' mResId='0x7f080060' flags='0x04' holding=<ARSCResStringPoolRef idx='0x00089d38' size='8' type='int_boolean' data='0x00000000'>>
2026-01-03 17:15:11.903 | DEBUG    | androguard.core.axml:__init__:3581 - Parsed <ARSCResTableEntry idx='0x00089d40' mResId='0x7f080061' flags='0x04' holding=<ARSCResStringPoolRef idx='0x00089d48' size='8' type='int_boolean' data='0x00000000'>>
2026-01-03 17:15:11.903 | DEBUG    | androguard.core.axml:__init__:3581 - Parsed <ARSCResTableEntry idx='0x00089d50' mResId='0x7f080062' flags='0x04' holding=<ARSCResStringPoolRef idx='0x00089d58' size='8' type='int_boolean' data='0x00000000'>>
2026-01-03 17:15:11.903 | DEBUG    | androguard.core.axml:__init__:3581 - Parsed <ARSCResTableEntry idx='0x00089d60' mResId='0x7f080063' flags='0x04' holding=<ARSCResStringPoolRef idx='0x00089d68' size='8' type='int_boolean' data='0x00000000'>>
2026-01-03 17:15:11.903 | DEBUG    | androguard.core.axml:__init__:3581 - Parsed <ARSCResTableEntry idx='0x00089d70' mResId='0x7f080064' flags='0x04' holding=<ARSCResStringPoolRef idx='0x00089d78' size='8' type='int_boolean' data='0x00000000'>>
2026-01-03 17:15:11.903 | DEBUG    | androguard.core.axml:__init__:3581 - Parsed <ARSCResTableEntry idx='0x00089d80' mResId='0x7f080065' flags='0x04' holding=<ARSCResStringPoolRef idx='0x00089d88' size='8' type='int_boolean' data='0x00000000'>>
2026-01-03 17:15:11.903 | DEBUG    | androguard.core.axml:__init__:3581 - Parsed <ARSCResTableEntry idx='0x00089d90' mResId='0x7f080066' flags='0x04' holding=<ARSCResStringPoolRef idx='0x00089d98' size='8' type='int_boolean' data='0x00000000'>>
2026-01-03 17:15:11.903 | DEBUG    | androguard.core.axml:__init__:3581 - Parsed <ARSCResTableEntry idx='0x00089da0' mResId='0x7f080067' flags='0x04' holding=<ARSCResStringPoolRef idx='0x00089da8' size='8' type='int_boolean' data='0x00000000'>>
2026-01-03 17:15:11.903 | DEBUG    | androguard.core.axml:__init__:3581 - Parsed <ARSCResTableEntry idx='0x00089db0' mResId='0x7f080068' flags='0x04' holding=<ARSCResStringPoolRef idx='0x00089db8' size='8' type='int_boolean' data='0x00000000'>>
2026-01-03 17:15:11.903 | DEBUG    | androguard.core.axml:__init__:3581 - Parsed <ARSCResTableEntry idx='0x00089dc0' mResId='0x7f080069' flags='0x04' holding=<ARSCResStringPoolRef idx='0x00089dc8' size='8' type='int_boolean' data='0x00000000'>>
2026-01-03 17:15:11.904 | DEBUG    | androguard.core.axml:__init__:3581 - Parsed <ARSCResTableEntry idx='0x00089dd0' mResId='0x7f08006a' flags='0x04' holding=<ARSCResStringPoolRef idx='0x00089dd8' size='8' type='int_boolean' data='0x00000000'>>
2026-01-03 17:15:11.904 | DEBUG    | androguard.core.axml:__init__:3581 - Parsed <ARSCResTableEntry idx='0x00089de0' mResId='0x7f08006b' flags='0x04' holding=<ARSCResStringPoolRef idx='0x00089de8' size='8' type='int_boolean' data='0x00000000'>>
2026-01-03 17:15:11.904 | DEBUG    | androguard.core.axml:__init__:3581 - Parsed <ARSCResTableEntry idx='0x00089df0' mResId='0x7f08006c' flags='0x04' holding=<ARSCResStringPoolRef idx='0x00089df8' size='8' type='int_boolean' data='0x00000000'>>
2026-01-03 17:15:11.904 | DEBUG    | androguard.core.axml:__init__:3581 - Parsed <ARSCResTableEntry idx='0x00089e00' mResId='0x7f08006d' flags='0x04' holding=<ARSCResStringPoolRef idx='0x00089e08' size='8' type='int_boolean' data='0x00000000'>>
2026-01-03 17:15:11.904 | DEBUG    | androguard.core.axml:__init__:3581 - Parsed <ARSCResTableEntry idx='0x00089e10' mResId='0x7f08006e' flags='0x04' holding=<ARSCResStringPoolRef idx='0x00089e18' size='8' type='int_boolean' data='0x00000000'>>
2026-01-03 17:15:11.904 | DEBUG    | androguard.core.axml:__init__:3581 - Parsed <ARSCResTableEntry idx='0x00089e20' mResId='0x7f08006f' flags='0x04' holding=<ARSCResStringPoolRef idx='0x00089e28' size='8' type='int_boolean' data='0x00000000'>>
2026-01-03 17:15:11.904 | DEBUG    | androguard.core.axml:__init__:3581 - Parsed <ARSCResTableEntry idx='0x00089e30' mResId='0x7f080070' flags='0x04' holding=<ARSCResStringPoolRef idx='0x00089e38' size='8' type='int_boolean' data='0x00000000'>>
2026-01-03 17:15:11.904 | DEBUG    | androguard.core.axml:__init__:3581 - Parsed <ARSCResTableEntry idx='0x00089e40' mResId='0x7f080071' flags='0x04' holding=<ARSCResStringPoolRef idx='0x00089e48' size='8' type='int_boolean' data='0x00000000'>>
2026-01-03 17:15:11.904 | DEBUG    | androguard.core.axml:__init__:3581 - Parsed <ARSCResTableEntry idx='0x00089e50' mResId='0x7f080072' flags='0x04' holding=<ARSCResStringPoolRef idx='0x00089e58' size='8' type='int_boolean' data='0x00000000'>>
2026-01-03 17:15:11.904 | DEBUG    | androguard.core.axml:__init__:3581 - Parsed <ARSCResTableEntry idx='0x00089e60' mResId='0x7f080073' flags='0x04' holding=<ARSCResStringPoolRef idx='0x00089e68' size='8' type='int_boolean' data='0x00000000'>>
2026-01-03 17:15:11.904 | DEBUG    | androguard.core.axml:__init__:3581 - Parsed <ARSCResTableEntry idx='0x00089e70' mResId='0x7f080074' flags='0x04' holding=<ARSCResStringPoolRef idx='0x00089e78' size='8' type='int_boolean' data='0x00000000'>>
2026-01-03 17:15:11.904 | DEBUG    | androguard.core.axml:__init__:3581 - Parsed <ARSCResTableEntry idx='0x00089e80' mResId='0x7f080075' flags='0x04' holding=<ARSCResStringPoolRef idx='0x00089e88' size='8' type='int_boolean' data='0x00000000'>>
2026-01-03 17:15:11.904 | DEBUG    | androguard.core.axml:__init__:3581 - Parsed <ARSCResTableEntry idx='0x00089e90' mResId='0x7f080076' flags='0x04' holding=<ARSCResStringPoolRef idx='0x00089e98' size='8' type='int_boolean' data='0x00000000'>>
2026-01-03 17:15:11.904 | DEBUG    | androguard.core.axml:__init__:3581 - Parsed <ARSCResTableEntry idx='0x00089ea0' mResId='0x7f080077' flags='0x04' holding=<ARSCResStringPoolRef idx='0x00089ea8' size='8' type='int_boolean' data='0x00000000'>>
2026-01-03 17:15:11.904 | DEBUG    | androguard.core.axml:__init__:3581 - Parsed <ARSCResTableEntry idx='0x00089eb0' mResId='0x7f080078' flags='0x04' holding=<ARSCResStringPoolRef idx='0x00089eb8' size='8' type='int_boolean' data='0x00000000'>>
2026-01-03 17:15:11.904 | DEBUG    | androguard.core.axml:__init__:3581 - Parsed <ARSCResTableEntry idx='0x00089ec0' mResId='0x7f080079' flags='0x04' holding=<ARSCResStringPoolRef idx='0x00089ec8' size='8' type='int_boolean' data='0x00000000'>>
2026-01-03 17:15:11.904 | DEBUG    | androguard.core.axml:__init__:3581 - Parsed <ARSCResTableEntry idx='0x00089ed0' mResId='0x7f08007a' flags='0x04' holding=<ARSCResStringPoolRef idx='0x00089ed8' size='8' type='int_boolean' data='0x00000000'>>
2026-01-03 17:15:11.904 | DEBUG    | androguard.core.axml:__init__:3581 - Parsed <ARSCResTableEntry idx='0x00089ee0' mResId='0x7f08007b' flags='0x04' holding=<ARSCResStringPoolRef idx='0x00089ee8' size='8' type='int_boolean' data='0x00000000'>>
2026-01-03 17:15:11.904 | DEBUG    | androguard.core.axml:__init__:3581 - Parsed <ARSCResTableEntry idx='0x00089ef0' mResId='0x7f08007c' flags='0x04' holding=<ARSCResStringPoolRef idx='0x00089ef8' size='8' type='int_boolean' data='0x00000000'>>
2026-01-03 17:15:11.904 | DEBUG    | androguard.core.axml:__init__:3581 - Parsed <ARSCResTableEntry idx='0x00089f00' mResId='0x7f08007d' flags='0x04' holding=<ARSCResStringPoolRef idx='0x00089f08' size='8' type='int_boolean' data='0x00000000'>>
2026-01-03 17:15:11.904 | DEBUG    | androguard.core.axml:__init__:3581 - Parsed <ARSCResTableEntry idx='0x00089f10' mResId='0x7f08007e' flags='0x04' holding=<ARSCResStringPoolRef idx='0x00089f18' size='8' type='int_boolean' data='0x00000000'>>
2026-01-03 17:15:11.904 | DEBUG    | androguard.core.axml:__init__:3581 - Parsed <ARSCResTableEntry idx='0x00089f20' mResId='0x7f08007f' flags='0x04' holding=<ARSCResStringPoolRef idx='0x00089f28' size='8' type='int_boolean' data='0x00000000'>>
2026-01-03 17:15:11.904 | DEBUG    | androguard.core.axml:__init__:3581 - Parsed <ARSCResTableEntry idx='0x00089f30' mResId='0x7f080080' flags='0x04' holding=<ARSCResStringPoolRef idx='0x00089f38' size='8' type='int_boolean' data='0x00000000'>>
2026-01-03 17:15:11.904 | DEBUG    | androguard.core.axml:__init__:3581 - Parsed <ARSCResTableEntry idx='0x00089f40' mResId='0x7f080081' flags='0x04' holding=<ARSCResStringPoolRef idx='0x00089f48' size='8' type='int_boolean' data='0x00000000'>>
2026-01-03 17:15:11.904 | DEBUG    | androguard.core.axml:__init__:3581 - Parsed <ARSCResTableEntry idx='0x00089f50' mResId='0x7f080082' flags='0x04' holding=<ARSCResStringPoolRef idx='0x00089f58' size='8' type='int_boolean' data='0x00000000'>>
2026-01-03 17:15:11.904 | DEBUG    | androguard.core.axml:__init__:3581 - Parsed <ARSCResTableEntry idx='0x00089f60' mResId='0x7f080083' flags='0x04' holding=<ARSCResStringPoolRef idx='0x00089f68' size='8' type='int_boolean' data='0x00000000'>>
2026-01-03 17:15:11.904 | DEBUG    | androguard.core.axml:__init__:3581 - Parsed <ARSCResTableEntry idx='0x00089f70' mResId='0x7f080084' flags='0x04' holding=<ARSCResStringPoolRef idx='0x00089f78' size='8' type='int_boolean' data='0x00000000'>>
2026-01-03 17:15:11.904 | DEBUG    | androguard.core.axml:__init__:3581 - Parsed <ARSCResTableEntry idx='0x00089f80' mResId='0x7f080085' flags='0x04' holding=<ARSCResStringPoolRef idx='0x00089f88' size='8' type='int_boolean' data='0x00000000'>>
2026-01-03 17:15:11.904 | DEBUG    | androguard.core.axml:__init__:3581 - Parsed <ARSCResTableEntry idx='0x00089f90' mResId='0x7f080086' flags='0x04' holding=<ARSCResStringPoolRef idx='0x00089f98' size='8' type='int_boolean' data='0x00000000'>>
2026-01-03 17:15:11.904 | DEBUG    | androguard.core.axml:__init__:3581 - Parsed <ARSCResTableEntry idx='0x00089fa0' mResId='0x7f080087' flags='0x04' holding=<ARSCResStringPoolRef idx='0x00089fa8' size='8' type='int_boolean' data='0x00000000'>>
2026-01-03 17:15:11.904 | DEBUG    | androguard.core.axml:__init__:3581 - Parsed <ARSCResTableEntry idx='0x00089fb0' mResId='0x7f080088' flags='0x04' holding=<ARSCResStringPoolRef idx='0x00089fb8' size='8' type='int_boolean' data='0x00000000'>>
2026-01-03 17:15:11.904 | DEBUG    | androguard.core.axml:__init__:3581 - Parsed <ARSCResTableEntry idx='0x00089fc0' mResId='0x7f080089' flags='0x04' holding=<ARSCResStringPoolRef idx='0x00089fc8' size='8' type='int_boolean' data='0x00000000'>>
2026-01-03 17:15:11.904 | DEBUG    | androguard.core.axml:__init__:3581 - Parsed <ARSCResTableEntry idx='0x00089fd0' mResId='0x7f08008a' flags='0x04' holding=<ARSCResStringPoolRef idx='0x00089fd8' size='8' type='int_boolean' data='0x00000000'>>
2026-01-03 17:15:11.904 | DEBUG    | androguard.core.axml:__init__:3581 - Parsed <ARSCResTableEntry idx='0x00089fe0' mResId='0x7f08008b' flags='0x04' holding=<ARSCResStringPoolRef idx='0x00089fe8' size='8' type='int_boolean' data='0x00000000'>>
2026-01-03 17:15:11.904 | DEBUG    | androguard.core.axml:__init__:3581 - Parsed <ARSCResTableEntry idx='0x00089ff0' mResId='0x7f08008c' flags='0x04' holding=<ARSCResStringPoolRef idx='0x00089ff8' size='8' type='int_boolean' data='0x00000000'>>
2026-01-03 17:15:11.904 | DEBUG    | androguard.core.axml:__init__:3581 - Parsed <ARSCResTableEntry idx='0x0008a000' mResId='0x7f08008d' flags='0x04' holding=<ARSCResStringPoolRef idx='0x0008a008' size='8' type='int_boolean' data='0x00000000'>>
2026-01-03 17:15:11.904 | DEBUG    | androguard.core.axml:__init__:3581 - Parsed <ARSCResTableEntry idx='0x0008a010' mResId='0x7f08008e' flags='0x04' holding=<ARSCResStringPoolRef idx='0x0008a018' size='8' type='int_boolean' data='0x00000000'>>
2026-01-03 17:15:11.904 | DEBUG    | androguard.core.axml:__init__:3581 - Parsed <ARSCResTableEntry idx='0x0008a020' mResId='0x7f08008f' flags='0x04' holding=<ARSCResStringPoolRef idx='0x0008a028' size='8' type='int_boolean' data='0x00000000'>>
2026-01-03 17:15:11.904 | DEBUG    | androguard.core.axml:__init__:3581 - Parsed <ARSCResTableEntry idx='0x0008a030' mResId='0x7f080090' flags='0x04' holding=<ARSCResStringPoolRef idx='0x0008a038' size='8' type='int_boolean' data='0x00000000'>>
2026-01-03 17:15:11.904 | DEBUG    | androguard.core.axml:__init__:3581 - Parsed <ARSCResTableEntry idx='0x0008a040' mResId='0x7f080091' flags='0x04' holding=<ARSCResStringPoolRef idx='0x0008a048' size='8' type='int_boolean' data='0x00000000'>>
2026-01-03 17:15:11.904 | DEBUG    | androguard.core.axml:__init__:3581 - Parsed <ARSCResTableEntry idx='0x0008a050' mResId='0x7f080092' flags='0x04' holding=<ARSCResStringPoolRef idx='0x0008a058' size='8' type='int_boolean' data='0x00000000'>>
2026-01-03 17:15:11.904 | DEBUG    | androguard.core.axml:__init__:3581 - Parsed <ARSCResTableEntry idx='0x0008a060' mResId='0x7f080093' flags='0x04' holding=<ARSCResStringPoolRef idx='0x0008a068' size='8' type='int_boolean' data='0x00000000'>>
2026-01-03 17:15:11.904 | DEBUG    | androguard.core.axml:__init__:3581 - Parsed <ARSCResTableEntry idx='0x0008a070' mResId='0x7f080094' flags='0x04' holding=<ARSCResStringPoolRef idx='0x0008a078' size='8' type='int_boolean' data='0x00000000'>>
2026-01-03 17:15:11.904 | DEBUG    | androguard.core.axml:__init__:3581 - Parsed <ARSCResTableEntry idx='0x0008a080' mResId='0x7f080095' flags='0x04' holding=<ARSCResStringPoolRef idx='0x0008a088' size='8' type='int_boolean' data='0x00000000'>>
2026-01-03 17:15:11.904 | DEBUG    | androguard.core.axml:__init__:3581 - Parsed <ARSCResTableEntry idx='0x0008a090' mResId='0x7f080096' flags='0x04' holding=<ARSCResStringPoolRef idx='0x0008a098' size='8' type='int_boolean' data='0x00000000'>>
2026-01-03 17:15:11.904 | DEBUG    | androguard.core.axml:__init__:3581 - Parsed <ARSCResTableEntry idx='0x0008a0a0' mResId='0x7f080097' flags='0x04' holding=<ARSCResStringPoolRef idx='0x0008a0a8' size='8' type='int_boolean' data='0x00000000'>>
2026-01-03 17:15:11.905 | DEBUG    | androguard.core.axml:__init__:3581 - Parsed <ARSCResTableEntry idx='0x0008a0b0' mResId='0x7f080098' flags='0x04' holding=<ARSCResStringPoolRef idx='0x0008a0b8' size='8' type='int_boolean' data='0x00000000'>>
2026-01-03 17:15:11.905 | DEBUG    | androguard.core.axml:__init__:3581 - Parsed <ARSCResTableEntry idx='0x0008a0c0' mResId='0x7f080099' flags='0x04' holding=<ARSCResStringPoolRef idx='0x0008a0c8' size='8' type='int_boolean' data='0x00000000'>>
2026-01-03 17:15:11.905 | DEBUG    | androguard.core.axml:__init__:3581 - Parsed <ARSCResTableEntry idx='0x0008a0d0' mResId='0x7f08009a' flags='0x04' holding=<ARSCResStringPoolRef idx='0x0008a0d8' size='8' type='int_boolean' data='0x00000000'>>
2026-01-03 17:15:11.905 | DEBUG    | androguard.core.axml:__init__:3581 - Parsed <ARSCResTableEntry idx='0x0008a0e0' mResId='0x7f08009b' flags='0x04' holding=<ARSCResStringPoolRef idx='0x0008a0e8' size='8' type='int_boolean' data='0x00000000'>>
2026-01-03 17:15:11.905 | DEBUG    | androguard.core.axml:__init__:3581 - Parsed <ARSCResTableEntry idx='0x0008a0f0' mResId='0x7f08009c' flags='0x04' holding=<ARSCResStringPoolRef idx='0x0008a0f8' size='8' type='int_boolean' data='0x00000000'>>
2026-01-03 17:15:11.905 | DEBUG    | androguard.core.axml:__init__:3581 - Parsed <ARSCResTableEntry idx='0x0008a100' mResId='0x7f08009d' flags='0x04' holding=<ARSCResStringPoolRef idx='0x0008a108' size='8' type='int_boolean' data='0x00000000'>>
2026-01-03 17:15:11.905 | DEBUG    | androguard.core.axml:__init__:3581 - Parsed <ARSCResTableEntry idx='0x0008a110' mResId='0x7f08009e' flags='0x04' holding=<ARSCResStringPoolRef idx='0x0008a118' size='8' type='int_boolean' data='0x00000000'>>
2026-01-03 17:15:11.905 | DEBUG    | androguard.core.axml:__init__:3581 - Parsed <ARSCResTableEntry idx='0x0008a120' mResId='0x7f08009f' flags='0x04' holding=<ARSCResStringPoolRef idx='0x0008a128' size='8' type='int_boolean' data='0x00000000'>>
2026-01-03 17:15:11.905 | DEBUG    | androguard.core.axml:__init__:3581 - Parsed <ARSCResTableEntry idx='0x0008a130' mResId='0x7f0800a0' flags='0x04' holding=<ARSCResStringPoolRef idx='0x0008a138' size='8' type='int_boolean' data='0x00000000'>>
2026-01-03 17:15:11.905 | DEBUG    | androguard.core.axml:__init__:3581 - Parsed <ARSCResTableEntry idx='0x0008a140' mResId='0x7f0800a1' flags='0x04' holding=<ARSCResStringPoolRef idx='0x0008a148' size='8' type='int_boolean' data='0x00000000'>>
2026-01-03 17:15:11.905 | DEBUG    | androguard.core.axml:__init__:3581 - Parsed <ARSCResTableEntry idx='0x0008a150' mResId='0x7f0800a2' flags='0x04' holding=<ARSCResStringPoolRef idx='0x0008a158' size='8' type='int_boolean' data='0x00000000'>>
2026-01-03 17:15:11.905 | DEBUG    | androguard.core.axml:__init__:3581 - Parsed <ARSCResTableEntry idx='0x0008a160' mResId='0x7f0800a3' flags='0x04' holding=<ARSCResStringPoolRef idx='0x0008a168' size='8' type='int_boolean' data='0x00000000'>>
2026-01-03 17:15:11.905 | DEBUG    | androguard.core.axml:__init__:3581 - Parsed <ARSCResTableEntry idx='0x0008a170' mResId='0x7f0800a4' flags='0x04' holding=<ARSCResStringPoolRef idx='0x0008a178' size='8' type='int_boolean' data='0x00000000'>>
2026-01-03 17:15:11.905 | DEBUG    | androguard.core.axml:__init__:3581 - Parsed <ARSCResTableEntry idx='0x0008a180' mResId='0x7f0800a5' flags='0x04' holding=<ARSCResStringPoolRef idx='0x0008a188' size='8' type='int_boolean' data='0x00000000'>>
2026-01-03 17:15:11.905 | DEBUG    | androguard.core.axml:__init__:3581 - Parsed <ARSCResTableEntry idx='0x0008a190' mResId='0x7f0800a6' flags='0x04' holding=<ARSCResStringPoolRef idx='0x0008a198' size='8' type='int_boolean' data='0x00000000'>>
2026-01-03 17:15:11.905 | DEBUG    | androguard.core.axml:__init__:3581 - Parsed <ARSCResTableEntry idx='0x0008a1a0' mResId='0x7f0800a7' flags='0x04' holding=<ARSCResStringPoolRef idx='0x0008a1a8' size='8' type='int_boolean' data='0x00000000'>>
2026-01-03 17:15:11.905 | DEBUG    | androguard.core.axml:__init__:3581 - Parsed <ARSCResTableEntry idx='0x0008a1b0' mResId='0x7f0800a8' flags='0x04' holding=<ARSCResStringPoolRef idx='0x0008a1b8' size='8' type='int_boolean' data='0x00000000'>>
2026-01-03 17:15:11.905 | DEBUG    | androguard.core.axml:__init__:3581 - Parsed <ARSCResTableEntry idx='0x0008a1c0' mResId='0x7f0800a9' flags='0x04' holding=<ARSCResStringPoolRef idx='0x0008a1c8' size='8' type='int_boolean' data='0x00000000'>>
2026-01-03 17:15:11.905 | DEBUG    | androguard.core.axml:__init__:3581 - Parsed <ARSCResTableEntry idx='0x0008a1d0' mResId='0x7f0800aa' flags='0x04' holding=<ARSCResStringPoolRef idx='0x0008a1d8' size='8' type='int_boolean' data='0x00000000'>>
2026-01-03 17:15:11.905 | DEBUG    | androguard.core.axml:__init__:3581 - Parsed <ARSCResTableEntry idx='0x0008a1e0' mResId='0x7f0800ab' flags='0x04' holding=<ARSCResStringPoolRef idx='0x0008a1e8' size='8' type='int_boolean' data='0x00000000'>>
2026-01-03 17:15:11.905 | DEBUG    | androguard.core.axml:__init__:3581 - Parsed <ARSCResTableEntry idx='0x0008a1f0' mResId='0x7f0800ac' flags='0x04' holding=<ARSCResStringPoolRef idx='0x0008a1f8' size='8' type='int_boolean' data='0x00000000'>>
2026-01-03 17:15:11.905 | DEBUG    | androguard.core.axml:__init__:3581 - Parsed <ARSCResTableEntry idx='0x0008a200' mResId='0x7f0800ad' flags='0x04' holding=<ARSCResStringPoolRef idx='0x0008a208' size='8' type='int_boolean' data='0x00000000'>>
2026-01-03 17:15:11.905 | DEBUG    | androguard.core.axml:__init__:3581 - Parsed <ARSCResTableEntry idx='0x0008a210' mResId='0x7f0800ae' flags='0x04' holding=<ARSCResStringPoolRef idx='0x0008a218' size='8' type='int_boolean' data='0x00000000'>>
2026-01-03 17:15:11.905 | DEBUG    | androguard.core.axml:__init__:3581 - Parsed <ARSCResTableEntry idx='0x0008a220' mResId='0x7f0800af' flags='0x04' holding=<ARSCResStringPoolRef idx='0x0008a228' size='8' type='int_boolean' data='0x00000000'>>
2026-01-03 17:15:11.905 | DEBUG    | androguard.core.axml:__init__:3581 - Parsed <ARSCResTableEntry idx='0x0008a230' mResId='0x7f0800b0' flags='0x04' holding=<ARSCResStringPoolRef idx='0x0008a238' size='8' type='int_boolean' data='0x00000000'>>
2026-01-03 17:15:11.905 | DEBUG    | androguard.core.axml:__init__:3581 - Parsed <ARSCResTableEntry idx='0x0008a240' mResId='0x7f0800b1' flags='0x04' holding=<ARSCResStringPoolRef idx='0x0008a248' size='8' type='int_boolean' data='0x00000000'>>
2026-01-03 17:15:11.905 | DEBUG    | androguard.core.axml:__init__:3581 - Parsed <ARSCResTableEntry idx='0x0008a250' mResId='0x7f0800b2' flags='0x04' holding=<ARSCResStringPoolRef idx='0x0008a258' size='8' type='int_boolean' data='0x00000000'>>
2026-01-03 17:15:11.905 | DEBUG    | androguard.core.axml:__init__:3581 - Parsed <ARSCResTableEntry idx='0x0008a260' mResId='0x7f0800b3' flags='0x04' holding=<ARSCResStringPoolRef idx='0x0008a268' size='8' type='int_boolean' data='0x00000000'>>
2026-01-03 17:15:11.905 | DEBUG    | androguard.core.axml:__init__:3581 - Parsed <ARSCResTableEntry idx='0x0008a270' mResId='0x7f0800b4' flags='0x04' holding=<ARSCResStringPoolRef idx='0x0008a278' size='8' type='int_boolean' data='0x00000000'>>
2026-01-03 17:15:11.905 | DEBUG    | androguard.core.axml:__init__:3581 - Parsed <ARSCResTableEntry idx='0x0008a280' mResId='0x7f0800b5' flags='0x04' holding=<ARSCResStringPoolRef idx='0x0008a288' size='8' type='int_boolean' data='0x00000000'>>
2026-01-03 17:15:11.905 | DEBUG    | androguard.core.axml:__init__:3581 - Parsed <ARSCResTableEntry idx='0x0008a290' mResId='0x7f0800b6' flags='0x04' holding=<ARSCResStringPoolRef idx='0x0008a298' size='8' type='int_boolean' data='0x00000000'>>
2026-01-03 17:15:11.905 | DEBUG    | androguard.core.axml:__init__:3581 - Parsed <ARSCResTableEntry idx='0x0008a2a0' mResId='0x7f0800b7' flags='0x04' holding=<ARSCResStringPoolRef idx='0x0008a2a8' size='8' type='int_boolean' data='0x00000000'>>
2026-01-03 17:15:11.905 | DEBUG    | androguard.core.axml:__init__:3581 - Parsed <ARSCResTableEntry idx='0x0008a2b0' mResId='0x7f0800b8' flags='0x04' holding=<ARSCResStringPoolRef idx='0x0008a2b8' size='8' type='int_boolean' data='0x00000000'>>
2026-01-03 17:15:11.905 | DEBUG    | androguard.core.axml:__init__:3581 - Parsed <ARSCResTableEntry idx='0x0008a2c0' mResId='0x7f0800b9' flags='0x04' holding=<ARSCResStringPoolRef idx='0x0008a2c8' size='8' type='int_boolean' data='0x00000000'>>
2026-01-03 17:15:11.905 | DEBUG    | androguard.core.axml:__init__:3581 - Parsed <ARSCResTableEntry idx='0x0008a2d0' mResId='0x7f0800ba' flags='0x04' holding=<ARSCResStringPoolRef idx='0x0008a2d8' size='8' type='int_boolean' data='0x00000000'>>
2026-01-03 17:15:11.905 | DEBUG    | androguard.core.axml:__init__:3581 - Parsed <ARSCResTableEntry idx='0x0008a2e0' mResId='0x7f0800bb' flags='0x04' holding=<ARSCResStringPoolRef idx='0x0008a2e8' size='8' type='int_boolean' data='0x00000000'>>
2026-01-03 17:15:11.905 | DEBUG    | androguard.core.axml:__init__:3581 - Parsed <ARSCResTableEntry idx='0x0008a2f0' mResId='0x7f0800bc' flags='0x04' holding=<ARSCResStringPoolRef idx='0x0008a2f8' size='8' type='int_boolean' data='0x00000000'>>
2026-01-03 17:15:11.905 | DEBUG    | androguard.core.axml:__init__:3581 - Parsed <ARSCResTableEntry idx='0x0008a300' mResId='0x7f0800bd' flags='0x04' holding=<ARSCResStringPoolRef idx='0x0008a308' size='8' type='int_boolean' data='0x00000000'>>
2026-01-03 17:15:11.905 | DEBUG    | androguard.core.axml:__init__:3581 - Parsed <ARSCResTableEntry idx='0x0008a310' mResId='0x7f0800be' flags='0x04' holding=<ARSCResStringPoolRef idx='0x0008a318' size='8' type='int_boolean' data='0x00000000'>>
2026-01-03 17:15:11.905 | DEBUG    | androguard.core.axml:__init__:3581 - Parsed <ARSCResTableEntry idx='0x0008a320' mResId='0x7f0800bf' flags='0x04' holding=<ARSCResStringPoolRef idx='0x0008a328' size='8' type='int_boolean' data='0x00000000'>>
2026-01-03 17:15:11.905 | DEBUG    | androguard.core.axml:__init__:3581 - Parsed <ARSCResTableEntry idx='0x0008a330' mResId='0x7f0800c0' flags='0x04' holding=<ARSCResStringPoolRef idx='0x0008a338' size='8' type='int_boolean' data='0x00000000'>>
2026-01-03 17:15:11.905 | DEBUG    | androguard.core.axml:__init__:3581 - Parsed <ARSCResTableEntry idx='0x0008a340' mResId='0x7f0800c1' flags='0x04' holding=<ARSCResStringPoolRef idx='0x0008a348' size='8' type='int_boolean' data='0x00000000'>>
2026-01-03 17:15:11.905 | DEBUG    | androguard.core.axml:__init__:3581 - Parsed <ARSCResTableEntry idx='0x0008a350' mResId='0x7f0800c2' flags='0x04' holding=<ARSCResStringPoolRef idx='0x0008a358' size='8' type='int_boolean' data='0x00000000'>>
2026-01-03 17:15:11.905 | DEBUG    | androguard.core.axml:__init__:3581 - Parsed <ARSCResTableEntry idx='0x0008a360' mResId='0x7f0800c3' flags='0x04' holding=<ARSCResStringPoolRef idx='0x0008a368' size='8' type='int_boolean' data='0x00000000'>>
2026-01-03 17:15:11.905 | DEBUG    | androguard.core.axml:__init__:3581 - Parsed <ARSCResTableEntry idx='0x0008a370' mResId='0x7f0800c4' flags='0x04' holding=<ARSCResStringPoolRef idx='0x0008a378' size='8' type='int_boolean' data='0x00000000'>>
2026-01-03 17:15:11.905 | DEBUG    | androguard.core.axml:__init__:3581 - Parsed <ARSCResTableEntry idx='0x0008a380' mResId='0x7f0800c5' flags='0x04' holding=<ARSCResStringPoolRef idx='0x0008a388' size='8' type='int_boolean' data='0x00000000'>>
2026-01-03 17:15:11.905 | DEBUG    | androguard.core.axml:__init__:3581 - Parsed <ARSCResTableEntry idx='0x0008a390' mResId='0x7f0800c6' flags='0x04' holding=<ARSCResStringPoolRef idx='0x0008a398' size='8' type='int_boolean' data='0x00000000'>>
2026-01-03 17:15:11.905 | DEBUG    | androguard.core.axml:__init__:3581 - Parsed <ARSCResTableEntry idx='0x0008a3a0' mResId='0x7f0800c7' flags='0x04' holding=<ARSCResStringPoolRef idx='0x0008a3a8' size='8' type='int_boolean' data='0x00000000'>>
2026-01-03 17:15:11.905 | DEBUG    | androguard.core.axml:__init__:3581 - Parsed <ARSCResTableEntry idx='0x0008a3b0' mResId='0x7f0800c8' flags='0x04' holding=<ARSCResStringPoolRef idx='0x0008a3b8' size='8' type='int_boolean' data='0x00000000'>>
2026-01-03 17:15:11.905 | DEBUG    | androguard.core.axml:__init__:3581 - Parsed <ARSCResTableEntry idx='0x0008a3c0' mResId='0x7f0800c9' flags='0x04' holding=<ARSCResStringPoolRef idx='0x0008a3c8' size='8' type='int_boolean' data='0x00000000'>>
2026-01-03 17:15:11.905 | DEBUG    | androguard.core.axml:__init__:3581 - Parsed <ARSCResTableEntry idx='0x0008a3d0' mResId='0x7f0800ca' flags='0x04' holding=<ARSCResStringPoolRef idx='0x0008a3d8' size='8' type='int_boolean' data='0x00000000'>>
2026-01-03 17:15:11.905 | DEBUG    | androguard.core.axml:__init__:3581 - Parsed <ARSCResTableEntry idx='0x0008a3e0' mResId='0x7f0800cb' flags='0x04' holding=<ARSCResStringPoolRef idx='0x0008a3e8' size='8' type='int_boolean' data='0x00000000'>>
2026-01-03 17:15:11.905 | DEBUG    | androguard.core.axml:__init__:3581 - Parsed <ARSCResTableEntry idx='0x0008a3f0' mResId='0x7f0800cc' flags='0x04' holding=<ARSCResStringPoolRef idx='0x0008a3f8' size='8' type='int_boolean' data='0x00000000'>>
2026-01-03 17:15:11.905 | DEBUG    | androguard.core.axml:__init__:3581 - Parsed <ARSCResTableEntry idx='0x0008a400' mResId='0x7f0800cd' flags='0x04' holding=<ARSCResStringPoolRef idx='0x0008a408' size='8' type='int_boolean' data='0x00000000'>>
2026-01-03 17:15:11.905 | DEBUG    | androguard.core.axml:__init__:3581 - Parsed <ARSCResTableEntry idx='0x0008a410' mResId='0x7f0800ce' flags='0x04' holding=<ARSCResStringPoolRef idx='0x0008a418' size='8' type='int_boolean' data='0x00000000'>>
2026-01-03 17:15:11.905 | DEBUG    | androguard.core.axml:__init__:3581 - Parsed <ARSCResTableEntry idx='0x0008a420' mResId='0x7f0800cf' flags='0x04' holding=<ARSCResStringPoolRef idx='0x0008a428' size='8' type='int_boolean' data='0x00000000'>>
2026-01-03 17:15:11.905 | DEBUG    | androguard.core.axml:__init__:3581 - Parsed <ARSCResTableEntry idx='0x0008a430' mResId='0x7f0800d0' flags='0x04' holding=<ARSCResStringPoolRef idx='0x0008a438' size='8' type='int_boolean' data='0x00000000'>>
2026-01-03 17:15:11.906 | DEBUG    | androguard.core.axml:__init__:3581 - Parsed <ARSCResTableEntry idx='0x0008a440' mResId='0x7f0800d1' flags='0x04' holding=<ARSCResStringPoolRef idx='0x0008a448' size='8' type='int_boolean' data='0x00000000'>>
2026-01-03 17:15:11.906 | DEBUG    | androguard.core.axml:__init__:3581 - Parsed <ARSCResTableEntry idx='0x0008a450' mResId='0x7f0800d2' flags='0x04' holding=<ARSCResStringPoolRef idx='0x0008a458' size='8' type='int_boolean' data='0x00000000'>>
2026-01-03 17:15:11.906 | DEBUG    | androguard.core.axml:__init__:3581 - Parsed <ARSCResTableEntry idx='0x0008a460' mResId='0x7f0800d3' flags='0x04' holding=<ARSCResStringPoolRef idx='0x0008a468' size='8' type='int_boolean' data='0x00000000'>>
2026-01-03 17:15:11.906 | DEBUG    | androguard.core.axml:__init__:3581 - Parsed <ARSCResTableEntry idx='0x0008a470' mResId='0x7f0800d4' flags='0x04' holding=<ARSCResStringPoolRef idx='0x0008a478' size='8' type='int_boolean' data='0x00000000'>>
2026-01-03 17:15:11.906 | DEBUG    | androguard.core.axml:__init__:3581 - Parsed <ARSCResTableEntry idx='0x0008a480' mResId='0x7f0800d5' flags='0x04' holding=<ARSCResStringPoolRef idx='0x0008a488' size='8' type='int_boolean' data='0x00000000'>>
2026-01-03 17:15:11.906 | DEBUG    | androguard.core.axml:__init__:3581 - Parsed <ARSCResTableEntry idx='0x0008a490' mResId='0x7f0800d6' flags='0x04' holding=<ARSCResStringPoolRef idx='0x0008a498' size='8' type='int_boolean' data='0x00000000'>>
2026-01-03 17:15:11.906 | DEBUG    | androguard.core.axml:__init__:3581 - Parsed <ARSCResTableEntry idx='0x0008a4a0' mResId='0x7f0800d7' flags='0x04' holding=<ARSCResStringPoolRef idx='0x0008a4a8' size='8' type='int_boolean' data='0x00000000'>>
2026-01-03 17:15:11.906 | DEBUG    | androguard.core.axml:__init__:3581 - Parsed <ARSCResTableEntry idx='0x0008a4b0' mResId='0x7f0800d8' flags='0x04' holding=<ARSCResStringPoolRef idx='0x0008a4b8' size='8' type='int_boolean' data='0x00000000'>>
2026-01-03 17:15:11.906 | DEBUG    | androguard.core.axml:__init__:3581 - Parsed <ARSCResTableEntry idx='0x0008a4c0' mResId='0x7f0800d9' flags='0x04' holding=<ARSCResStringPoolRef idx='0x0008a4c8' size='8' type='int_boolean' data='0x00000000'>>
2026-01-03 17:15:11.906 | DEBUG    | androguard.core.axml:__init__:3581 - Parsed <ARSCResTableEntry idx='0x0008a4d0' mResId='0x7f0800da' flags='0x04' holding=<ARSCResStringPoolRef idx='0x0008a4d8' size='8' type='int_boolean' data='0x00000000'>>
2026-01-03 17:15:11.906 | DEBUG    | androguard.core.axml:__init__:3581 - Parsed <ARSCResTableEntry idx='0x0008a4e0' mResId='0x7f0800db' flags='0x04' holding=<ARSCResStringPoolRef idx='0x0008a4e8' size='8' type='int_boolean' data='0x00000000'>>
2026-01-03 17:15:11.906 | DEBUG    | androguard.core.axml:__init__:3581 - Parsed <ARSCResTableEntry idx='0x0008a4f0' mResId='0x7f0800dc' flags='0x04' holding=<ARSCResStringPoolRef idx='0x0008a4f8' size='8' type='int_boolean' data='0x00000000'>>
2026-01-03 17:15:11.906 | DEBUG    | androguard.core.axml:__init__:3581 - Parsed <ARSCResTableEntry idx='0x0008a500' mResId='0x7f0800dd' flags='0x04' holding=<ARSCResStringPoolRef idx='0x0008a508' size='8' type='int_boolean' data='0x00000000'>>
2026-01-03 17:15:11.906 | DEBUG    | androguard.core.axml:__init__:3581 - Parsed <ARSCResTableEntry idx='0x0008a510' mResId='0x7f0800de' flags='0x04' holding=<ARSCResStringPoolRef idx='0x0008a518' size='8' type='int_boolean' data='0x00000000'>>
2026-01-03 17:15:11.906 | DEBUG    | androguard.core.axml:__init__:3581 - Parsed <ARSCResTableEntry idx='0x0008a520' mResId='0x7f0800df' flags='0x04' holding=<ARSCResStringPoolRef idx='0x0008a528' size='8' type='int_boolean' data='0x00000000'>>
2026-01-03 17:15:11.906 | DEBUG    | androguard.core.axml:__init__:3581 - Parsed <ARSCResTableEntry idx='0x0008a530' mResId='0x7f0800e0' flags='0x04' holding=<ARSCResStringPoolRef idx='0x0008a538' size='8' type='int_boolean' data='0x00000000'>>
2026-01-03 17:15:11.906 | DEBUG    | androguard.core.axml:__init__:3581 - Parsed <ARSCResTableEntry idx='0x0008a540' mResId='0x7f0800e1' flags='0x04' holding=<ARSCResStringPoolRef idx='0x0008a548' size='8' type='int_boolean' data='0x00000000'>>
2026-01-03 17:15:11.906 | DEBUG    | androguard.core.axml:__init__:3581 - Parsed <ARSCResTableEntry idx='0x0008a550' mResId='0x7f0800e2' flags='0x04' holding=<ARSCResStringPoolRef idx='0x0008a558' size='8' type='int_boolean' data='0x00000000'>>
2026-01-03 17:15:11.906 | DEBUG    | androguard.core.axml:__init__:3581 - Parsed <ARSCResTableEntry idx='0x0008a560' mResId='0x7f0800e3' flags='0x04' holding=<ARSCResStringPoolRef idx='0x0008a568' size='8' type='int_boolean' data='0x00000000'>>
2026-01-03 17:15:11.906 | DEBUG    | androguard.core.axml:__init__:3581 - Parsed <ARSCResTableEntry idx='0x0008a570' mResId='0x7f0800e4' flags='0x04' holding=<ARSCResStringPoolRef idx='0x0008a578' size='8' type='int_boolean' data='0x00000000'>>
2026-01-03 17:15:11.906 | DEBUG    | androguard.core.axml:__init__:3581 - Parsed <ARSCResTableEntry idx='0x0008a580' mResId='0x7f0800e5' flags='0x04' holding=<ARSCResStringPoolRef idx='0x0008a588' size='8' type='int_boolean' data='0x00000000'>>
2026-01-03 17:15:11.906 | DEBUG    | androguard.core.axml:__init__:3581 - Parsed <ARSCResTableEntry idx='0x0008a590' mResId='0x7f0800e6' flags='0x04' holding=<ARSCResStringPoolRef idx='0x0008a598' size='8' type='int_boolean' data='0x00000000'>>
2026-01-03 17:15:11.906 | DEBUG    | androguard.core.axml:__init__:3581 - Parsed <ARSCResTableEntry idx='0x0008a5a0' mResId='0x7f0800e7' flags='0x04' holding=<ARSCResStringPoolRef idx='0x0008a5a8' size='8' type='int_boolean' data='0x00000000'>>
2026-01-03 17:15:11.906 | DEBUG    | androguard.core.axml:__init__:3581 - Parsed <ARSCResTableEntry idx='0x0008a5b0' mResId='0x7f0800e8' flags='0x04' holding=<ARSCResStringPoolRef idx='0x0008a5b8' size='8' type='int_boolean' data='0x00000000'>>
2026-01-03 17:15:11.906 | DEBUG    | androguard.core.axml:__init__:3581 - Parsed <ARSCResTableEntry idx='0x0008a5c0' mResId='0x7f0800e9' flags='0x04' holding=<ARSCResStringPoolRef idx='0x0008a5c8' size='8' type='int_boolean' data='0x00000000'>>
2026-01-03 17:15:11.906 | DEBUG    | androguard.core.axml:__init__:3581 - Parsed <ARSCResTableEntry idx='0x0008a5d0' mResId='0x7f0800ea' flags='0x04' holding=<ARSCResStringPoolRef idx='0x0008a5d8' size='8' type='int_boolean' data='0x00000000'>>
2026-01-03 17:15:11.906 | DEBUG    | androguard.core.axml:__init__:3581 - Parsed <ARSCResTableEntry idx='0x0008a5e0' mResId='0x7f0800eb' flags='0x04' holding=<ARSCResStringPoolRef idx='0x0008a5e8' size='8' type='int_boolean' data='0x00000000'>>
2026-01-03 17:15:11.906 | DEBUG    | androguard.core.axml:__init__:3581 - Parsed <ARSCResTableEntry idx='0x0008a5f0' mResId='0x7f0800ec' flags='0x04' holding=<ARSCResStringPoolRef idx='0x0008a5f8' size='8' type='int_boolean' data='0x00000000'>>
2026-01-03 17:15:11.906 | DEBUG    | androguard.core.axml:__init__:3581 - Parsed <ARSCResTableEntry idx='0x0008a600' mResId='0x7f0800ed' flags='0x04' holding=<ARSCResStringPoolRef idx='0x0008a608' size='8' type='int_boolean' data='0x00000000'>>
2026-01-03 17:15:11.906 | DEBUG    | androguard.core.axml:__init__:3581 - Parsed <ARSCResTableEntry idx='0x0008a610' mResId='0x7f0800ee' flags='0x04' holding=<ARSCResStringPoolRef idx='0x0008a618' size='8' type='int_boolean' data='0x00000000'>>
2026-01-03 17:15:11.906 | DEBUG    | androguard.core.axml:__init__:3581 - Parsed <ARSCResTableEntry idx='0x0008a620' mResId='0x7f0800ef' flags='0x04' holding=<ARSCResStringPoolRef idx='0x0008a628' size='8' type='int_boolean' data='0x00000000'>>
2026-01-03 17:15:11.906 | DEBUG    | androguard.core.axml:__init__:3581 - Parsed <ARSCResTableEntry idx='0x0008a630' mResId='0x7f0800f0' flags='0x04' holding=<ARSCResStringPoolRef idx='0x0008a638' size='8' type='int_boolean' data='0x00000000'>>
2026-01-03 17:15:11.906 | DEBUG    | androguard.core.axml:__init__:3581 - Parsed <ARSCResTableEntry idx='0x0008a640' mResId='0x7f0800f1' flags='0x04' holding=<ARSCResStringPoolRef idx='0x0008a648' size='8' type='int_boolean' data='0x00000000'>>
2026-01-03 17:15:11.906 | DEBUG    | androguard.core.axml:__init__:3581 - Parsed <ARSCResTableEntry idx='0x0008a650' mResId='0x7f0800f2' flags='0x04' holding=<ARSCResStringPoolRef idx='0x0008a658' size='8' type='int_boolean' data='0x00000000'>>
2026-01-03 17:15:11.906 | DEBUG    | androguard.core.axml:__init__:3581 - Parsed <ARSCResTableEntry idx='0x0008a660' mResId='0x7f0800f3' flags='0x04' holding=<ARSCResStringPoolRef idx='0x0008a668' size='8' type='int_boolean' data='0x00000000'>>
2026-01-03 17:15:11.906 | DEBUG    | androguard.core.axml:__init__:3581 - Parsed <ARSCResTableEntry idx='0x0008a670' mResId='0x7f0800f4' flags='0x04' holding=<ARSCResStringPoolRef idx='0x0008a678' size='8' type='int_boolean' data='0x00000000'>>
2026-01-03 17:15:11.906 | DEBUG    | androguard.core.axml:__init__:3581 - Parsed <ARSCResTableEntry idx='0x0008a680' mResId='0x7f0800f5' flags='0x04' holding=<ARSCResStringPoolRef idx='0x0008a688' size='8' type='int_boolean' data='0x00000000'>>
2026-01-03 17:15:11.906 | DEBUG    | androguard.core.axml:__init__:3581 - Parsed <ARSCResTableEntry idx='0x0008a690' mResId='0x7f0800f6' flags='0x04' holding=<ARSCResStringPoolRef idx='0x0008a698' size='8' type='int_boolean' data='0x00000000'>>
2026-01-03 17:15:11.906 | DEBUG    | androguard.core.axml:__init__:3581 - Parsed <ARSCResTableEntry idx='0x0008a6a0' mResId='0x7f0800f7' flags='0x04' holding=<ARSCResStringPoolRef idx='0x0008a6a8' size='8' type='int_boolean' data='0x00000000'>>
2026-01-03 17:15:11.906 | DEBUG    | androguard.core.axml:__init__:3581 - Parsed <ARSCResTableEntry idx='0x0008a6b0' mResId='0x7f0800f8' flags='0x04' holding=<ARSCResStringPoolRef idx='0x0008a6b8' size='8' type='int_boolean' data='0x00000000'>>
2026-01-03 17:15:11.906 | DEBUG    | androguard.core.axml:__init__:3581 - Parsed <ARSCResTableEntry idx='0x0008a6c0' mResId='0x7f0800f9' flags='0x04' holding=<ARSCResStringPoolRef idx='0x0008a6c8' size='8' type='int_boolean' data='0x00000000'>>
2026-01-03 17:15:11.906 | DEBUG    | androguard.core.axml:__init__:3581 - Parsed <ARSCResTableEntry idx='0x0008a6d0' mResId='0x7f0800fa' flags='0x04' holding=<ARSCResStringPoolRef idx='0x0008a6d8' size='8' type='int_boolean' data='0x00000000'>>
2026-01-03 17:15:11.906 | DEBUG    | androguard.core.axml:__init__:3581 - Parsed <ARSCResTableEntry idx='0x0008a6e0' mResId='0x7f0800fb' flags='0x04' holding=<ARSCResStringPoolRef idx='0x0008a6e8' size='8' type='int_boolean' data='0x00000000'>>
2026-01-03 17:15:11.906 | DEBUG    | androguard.core.axml:__init__:3581 - Parsed <ARSCResTableEntry idx='0x0008a6f0' mResId='0x7f0800fc' flags='0x04' holding=<ARSCResStringPoolRef idx='0x0008a6f8' size='8' type='int_boolean' data='0x00000000'>>
2026-01-03 17:15:11.906 | DEBUG    | androguard.core.axml:__init__:3581 - Parsed <ARSCResTableEntry idx='0x0008a700' mResId='0x7f0800fd' flags='0x04' holding=<ARSCResStringPoolRef idx='0x0008a708' size='8' type='int_boolean' data='0x00000000'>>
2026-01-03 17:15:11.906 | DEBUG    | androguard.core.axml:__init__:3581 - Parsed <ARSCResTableEntry idx='0x0008a710' mResId='0x7f0800fe' flags='0x04' holding=<ARSCResStringPoolRef idx='0x0008a718' size='8' type='int_boolean' data='0x00000000'>>
2026-01-03 17:15:11.906 | DEBUG    | androguard.core.axml:__init__:3581 - Parsed <ARSCResTableEntry idx='0x0008a720' mResId='0x7f0800ff' flags='0x04' holding=<ARSCResStringPoolRef idx='0x0008a728' size='8' type='int_boolean' data='0x00000000'>>
2026-01-03 17:15:11.906 | DEBUG    | androguard.core.axml:__init__:3581 - Parsed <ARSCResTableEntry idx='0x0008a730' mResId='0x7f080100' flags='0x04' holding=<ARSCResStringPoolRef idx='0x0008a738' size='8' type='int_boolean' data='0x00000000'>>
2026-01-03 17:15:11.906 | DEBUG    | androguard.core.axml:__init__:3581 - Parsed <ARSCResTableEntry idx='0x0008a740' mResId='0x7f080101' flags='0x04' holding=<ARSCResStringPoolRef idx='0x0008a748' size='8' type='int_boolean' data='0x00000000'>>
2026-01-03 17:15:11.906 | DEBUG    | androguard.core.axml:__init__:3581 - Parsed <ARSCResTableEntry idx='0x0008a750' mResId='0x7f080102' flags='0x04' holding=<ARSCResStringPoolRef idx='0x0008a758' size='8' type='int_boolean' data='0x00000000'>>
2026-01-03 17:15:11.906 | DEBUG    | androguard.core.axml:__init__:3581 - Parsed <ARSCResTableEntry idx='0x0008a760' mResId='0x7f080103' flags='0x04' holding=<ARSCResStringPoolRef idx='0x0008a768' size='8' type='int_boolean' data='0x00000000'>>
2026-01-03 17:15:11.906 | DEBUG    | androguard.core.axml:__init__:3581 - Parsed <ARSCResTableEntry idx='0x0008a770' mResId='0x7f080104' flags='0x04' holding=<ARSCResStringPoolRef idx='0x0008a778' size='8' type='int_boolean' data='0x00000000'>>
2026-01-03 17:15:11.906 | DEBUG    | androguard.core.axml:__init__:3581 - Parsed <ARSCResTableEntry idx='0x0008a780' mResId='0x7f080105' flags='0x04' holding=<ARSCResStringPoolRef idx='0x0008a788' size='8' type='int_boolean' data='0x00000000'>>
2026-01-03 17:15:11.906 | DEBUG    | androguard.core.axml:__init__:3581 - Parsed <ARSCResTableEntry idx='0x0008a790' mResId='0x7f080106' flags='0x04' holding=<ARSCResStringPoolRef idx='0x0008a798' size='8' type='int_boolean' data='0x00000000'>>
2026-01-03 17:15:11.907 | DEBUG    | androguard.core.axml:__init__:3581 - Parsed <ARSCResTableEntry idx='0x0008a7a0' mResId='0x7f080107' flags='0x04' holding=<ARSCResStringPoolRef idx='0x0008a7a8' size='8' type='int_boolean' data='0x00000000'>>
2026-01-03 17:15:11.907 | DEBUG    | androguard.core.axml:__init__:3581 - Parsed <ARSCResTableEntry idx='0x0008a7b0' mResId='0x7f080108' flags='0x04' holding=<ARSCResStringPoolRef idx='0x0008a7b8' size='8' type='int_boolean' data='0x00000000'>>
2026-01-03 17:15:11.907 | DEBUG    | androguard.core.axml:__init__:3581 - Parsed <ARSCResTableEntry idx='0x0008a7c0' mResId='0x7f080109' flags='0x04' holding=<ARSCResStringPoolRef idx='0x0008a7c8' size='8' type='int_boolean' data='0x00000000'>>
2026-01-03 17:15:11.907 | DEBUG    | androguard.core.axml:__init__:3581 - Parsed <ARSCResTableEntry idx='0x0008a7d0' mResId='0x7f08010a' flags='0x04' holding=<ARSCResStringPoolRef idx='0x0008a7d8' size='8' type='int_boolean' data='0x00000000'>>
2026-01-03 17:15:11.907 | DEBUG    | androguard.core.axml:__init__:3581 - Parsed <ARSCResTableEntry idx='0x0008a7e0' mResId='0x7f08010b' flags='0x04' holding=<ARSCResStringPoolRef idx='0x0008a7e8' size='8' type='int_boolean' data='0x00000000'>>
2026-01-03 17:15:11.907 | DEBUG    | androguard.core.axml:__init__:3581 - Parsed <ARSCResTableEntry idx='0x0008a7f0' mResId='0x7f08010c' flags='0x04' holding=<ARSCResStringPoolRef idx='0x0008a7f8' size='8' type='int_boolean' data='0x00000000'>>
2026-01-03 17:15:11.907 | DEBUG    | androguard.core.axml:__init__:3581 - Parsed <ARSCResTableEntry idx='0x0008a800' mResId='0x7f08010d' flags='0x04' holding=<ARSCResStringPoolRef idx='0x0008a808' size='8' type='int_boolean' data='0x00000000'>>
2026-01-03 17:15:11.907 | DEBUG    | androguard.core.axml:__init__:3581 - Parsed <ARSCResTableEntry idx='0x0008a810' mResId='0x7f08010e' flags='0x04' holding=<ARSCResStringPoolRef idx='0x0008a818' size='8' type='int_boolean' data='0x00000000'>>
2026-01-03 17:15:11.907 | DEBUG    | androguard.core.axml:__init__:3581 - Parsed <ARSCResTableEntry idx='0x0008a820' mResId='0x7f08010f' flags='0x04' holding=<ARSCResStringPoolRef idx='0x0008a828' size='8' type='int_boolean' data='0x00000000'>>
2026-01-03 17:15:11.907 | DEBUG    | androguard.core.axml:__init__:3581 - Parsed <ARSCResTableEntry idx='0x0008a830' mResId='0x7f080110' flags='0x04' holding=<ARSCResStringPoolRef idx='0x0008a838' size='8' type='int_boolean' data='0x00000000'>>
2026-01-03 17:15:11.907 | DEBUG    | androguard.core.axml:__init__:3581 - Parsed <ARSCResTableEntry idx='0x0008a840' mResId='0x7f080111' flags='0x04' holding=<ARSCResStringPoolRef idx='0x0008a848' size='8' type='int_boolean' data='0x00000000'>>
2026-01-03 17:15:11.907 | DEBUG    | androguard.core.axml:__init__:3581 - Parsed <ARSCResTableEntry idx='0x0008a850' mResId='0x7f080112' flags='0x04' holding=<ARSCResStringPoolRef idx='0x0008a858' size='8' type='int_boolean' data='0x00000000'>>
2026-01-03 17:15:11.907 | DEBUG    | androguard.core.axml:__init__:3581 - Parsed <ARSCResTableEntry idx='0x0008a860' mResId='0x7f080113' flags='0x04' holding=<ARSCResStringPoolRef idx='0x0008a868' size='8' type='int_boolean' data='0x00000000'>>
2026-01-03 17:15:11.907 | DEBUG    | androguard.core.axml:__init__:3581 - Parsed <ARSCResTableEntry idx='0x0008a870' mResId='0x7f080114' flags='0x04' holding=<ARSCResStringPoolRef idx='0x0008a878' size='8' type='int_boolean' data='0x00000000'>>
2026-01-03 17:15:11.907 | DEBUG    | androguard.core.axml:__init__:3581 - Parsed <ARSCResTableEntry idx='0x0008a880' mResId='0x7f080115' flags='0x04' holding=<ARSCResStringPoolRef idx='0x0008a888' size='8' type='int_boolean' data='0x00000000'>>
2026-01-03 17:15:11.907 | DEBUG    | androguard.core.axml:__init__:3581 - Parsed <ARSCResTableEntry idx='0x0008a890' mResId='0x7f080116' flags='0x04' holding=<ARSCResStringPoolRef idx='0x0008a898' size='8' type='int_boolean' data='0x00000000'>>
2026-01-03 17:15:11.907 | DEBUG    | androguard.core.axml:__init__:3581 - Parsed <ARSCResTableEntry idx='0x0008a8a0' mResId='0x7f080117' flags='0x04' holding=<ARSCResStringPoolRef idx='0x0008a8a8' size='8' type='int_boolean' data='0x00000000'>>
2026-01-03 17:15:11.907 | DEBUG    | androguard.core.axml:__init__:3581 - Parsed <ARSCResTableEntry idx='0x0008a8b0' mResId='0x7f080118' flags='0x04' holding=<ARSCResStringPoolRef idx='0x0008a8b8' size='8' type='int_boolean' data='0x00000000'>>
2026-01-03 17:15:11.907 | DEBUG    | androguard.core.axml:__init__:3581 - Parsed <ARSCResTableEntry idx='0x0008a8c0' mResId='0x7f080119' flags='0x04' holding=<ARSCResStringPoolRef idx='0x0008a8c8' size='8' type='int_boolean' data='0x00000000'>>
2026-01-03 17:15:11.907 | DEBUG    | androguard.core.axml:__init__:3581 - Parsed <ARSCResTableEntry idx='0x0008a8d0' mResId='0x7f08011a' flags='0x04' holding=<ARSCResStringPoolRef idx='0x0008a8d8' size='8' type='int_boolean' data='0x00000000'>>
2026-01-03 17:15:11.907 | DEBUG    | androguard.core.axml:__init__:3581 - Parsed <ARSCResTableEntry idx='0x0008a8e0' mResId='0x7f08011b' flags='0x04' holding=<ARSCResStringPoolRef idx='0x0008a8e8' size='8' type='int_boolean' data='0x00000000'>>
2026-01-03 17:15:11.907 | DEBUG    | androguard.core.axml:__init__:3581 - Parsed <ARSCResTableEntry idx='0x0008a8f0' mResId='0x7f08011c' flags='0x04' holding=<ARSCResStringPoolRef idx='0x0008a8f8' size='8' type='int_boolean' data='0x00000000'>>
2026-01-03 17:15:11.907 | DEBUG    | androguard.core.axml:__init__:3581 - Parsed <ARSCResTableEntry idx='0x0008a900' mResId='0x7f08011d' flags='0x04' holding=<ARSCResStringPoolRef idx='0x0008a908' size='8' type='int_boolean' data='0x00000000'>>
2026-01-03 17:15:11.907 | DEBUG    | androguard.core.axml:__init__:3581 - Parsed <ARSCResTableEntry idx='0x0008a910' mResId='0x7f08011e' flags='0x04' holding=<ARSCResStringPoolRef idx='0x0008a918' size='8' type='int_boolean' data='0x00000000'>>
2026-01-03 17:15:11.907 | DEBUG    | androguard.core.axml:__init__:3581 - Parsed <ARSCResTableEntry idx='0x0008a920' mResId='0x7f08011f' flags='0x04' holding=<ARSCResStringPoolRef idx='0x0008a928' size='8' type='int_boolean' data='0x00000000'>>
2026-01-03 17:15:11.907 | DEBUG    | androguard.core.axml:__init__:3581 - Parsed <ARSCResTableEntry idx='0x0008a930' mResId='0x7f080120' flags='0x04' holding=<ARSCResStringPoolRef idx='0x0008a938' size='8' type='int_boolean' data='0x00000000'>>
2026-01-03 17:15:11.907 | DEBUG    | androguard.core.axml:__init__:3581 - Parsed <ARSCResTableEntry idx='0x0008a940' mResId='0x7f080121' flags='0x04' holding=<ARSCResStringPoolRef idx='0x0008a948' size='8' type='int_boolean' data='0x00000000'>>
2026-01-03 17:15:11.907 | DEBUG    | androguard.core.axml:__init__:3581 - Parsed <ARSCResTableEntry idx='0x0008a950' mResId='0x7f080122' flags='0x04' holding=<ARSCResStringPoolRef idx='0x0008a958' size='8' type='int_boolean' data='0x00000000'>>
2026-01-03 17:15:11.907 | DEBUG    | androguard.core.axml:__init__:3581 - Parsed <ARSCResTableEntry idx='0x0008a960' mResId='0x7f080123' flags='0x04' holding=<ARSCResStringPoolRef idx='0x0008a968' size='8' type='int_boolean' data='0x00000000'>>
2026-01-03 17:15:11.907 | DEBUG    | androguard.core.axml:__init__:3581 - Parsed <ARSCResTableEntry idx='0x0008a970' mResId='0x7f080124' flags='0x04' holding=<ARSCResStringPoolRef idx='0x0008a978' size='8' type='int_boolean' data='0x00000000'>>
2026-01-03 17:15:11.907 | DEBUG    | androguard.core.axml:__init__:3581 - Parsed <ARSCResTableEntry idx='0x0008a980' mResId='0x7f080125' flags='0x04' holding=<ARSCResStringPoolRef idx='0x0008a988' size='8' type='int_boolean' data='0x00000000'>>
2026-01-03 17:15:11.907 | DEBUG    | androguard.core.axml:__init__:3581 - Parsed <ARSCResTableEntry idx='0x0008a990' mResId='0x7f080126' flags='0x04' holding=<ARSCResStringPoolRef idx='0x0008a998' size='8' type='int_boolean' data='0x00000000'>>
2026-01-03 17:15:11.907 | DEBUG    | androguard.core.axml:__init__:3581 - Parsed <ARSCResTableEntry idx='0x0008a9a0' mResId='0x7f080127' flags='0x04' holding=<ARSCResStringPoolRef idx='0x0008a9a8' size='8' type='int_boolean' data='0x00000000'>>
2026-01-03 17:15:11.907 | DEBUG    | androguard.core.axml:__init__:3581 - Parsed <ARSCResTableEntry idx='0x0008a9b0' mResId='0x7f080128' flags='0x04' holding=<ARSCResStringPoolRef idx='0x0008a9b8' size='8' type='int_boolean' data='0x00000000'>>
2026-01-03 17:15:11.907 | DEBUG    | androguard.core.axml:__init__:3581 - Parsed <ARSCResTableEntry idx='0x0008a9c0' mResId='0x7f080129' flags='0x04' holding=<ARSCResStringPoolRef idx='0x0008a9c8' size='8' type='int_boolean' data='0x00000000'>>
2026-01-03 17:15:11.907 | DEBUG    | androguard.core.axml:__init__:3581 - Parsed <ARSCResTableEntry idx='0x0008a9d0' mResId='0x7f08012a' flags='0x04' holding=<ARSCResStringPoolRef idx='0x0008a9d8' size='8' type='int_boolean' data='0x00000000'>>
2026-01-03 17:15:11.907 | DEBUG    | androguard.core.axml:__init__:3581 - Parsed <ARSCResTableEntry idx='0x0008a9e0' mResId='0x7f08012b' flags='0x04' holding=<ARSCResStringPoolRef idx='0x0008a9e8' size='8' type='int_boolean' data='0x00000000'>>
2026-01-03 17:15:11.907 | DEBUG    | androguard.core.axml:__init__:3581 - Parsed <ARSCResTableEntry idx='0x0008a9f0' mResId='0x7f08012c' flags='0x04' holding=<ARSCResStringPoolRef idx='0x0008a9f8' size='8' type='int_boolean' data='0x00000000'>>
2026-01-03 17:15:11.907 | DEBUG    | androguard.core.axml:__init__:3581 - Parsed <ARSCResTableEntry idx='0x0008aa00' mResId='0x7f08012d' flags='0x04' holding=<ARSCResStringPoolRef idx='0x0008aa08' size='8' type='int_boolean' data='0x00000000'>>
2026-01-03 17:15:11.907 | DEBUG    | androguard.core.axml:__init__:3581 - Parsed <ARSCResTableEntry idx='0x0008aa10' mResId='0x7f08012e' flags='0x04' holding=<ARSCResStringPoolRef idx='0x0008aa18' size='8' type='int_boolean' data='0x00000000'>>
2026-01-03 17:15:11.907 | DEBUG    | androguard.core.axml:__init__:3581 - Parsed <ARSCResTableEntry idx='0x0008aa20' mResId='0x7f08012f' flags='0x04' holding=<ARSCResStringPoolRef idx='0x0008aa28' size='8' type='int_boolean' data='0x00000000'>>
2026-01-03 17:15:11.907 | DEBUG    | androguard.core.axml:__init__:3581 - Parsed <ARSCResTableEntry idx='0x0008aa30' mResId='0x7f080130' flags='0x04' holding=<ARSCResStringPoolRef idx='0x0008aa38' size='8' type='int_boolean' data='0x00000000'>>
2026-01-03 17:15:11.907 | DEBUG    | androguard.core.axml:__init__:3581 - Parsed <ARSCResTableEntry idx='0x0008aa40' mResId='0x7f080131' flags='0x04' holding=<ARSCResStringPoolRef idx='0x0008aa48' size='8' type='int_boolean' data='0x00000000'>>
2026-01-03 17:15:11.907 | DEBUG    | androguard.core.axml:__init__:3581 - Parsed <ARSCResTableEntry idx='0x0008aa50' mResId='0x7f080132' flags='0x04' holding=<ARSCResStringPoolRef idx='0x0008aa58' size='8' type='int_boolean' data='0x00000000'>>
2026-01-03 17:15:11.907 | DEBUG    | androguard.core.axml:__init__:3581 - Parsed <ARSCResTableEntry idx='0x0008aa60' mResId='0x7f080133' flags='0x04' holding=<ARSCResStringPoolRef idx='0x0008aa68' size='8' type='int_boolean' data='0x00000000'>>
2026-01-03 17:15:11.907 | DEBUG    | androguard.core.axml:__init__:3581 - Parsed <ARSCResTableEntry idx='0x0008aa70' mResId='0x7f080134' flags='0x04' holding=<ARSCResStringPoolRef idx='0x0008aa78' size='8' type='int_boolean' data='0x00000000'>>
2026-01-03 17:15:11.907 | DEBUG    | androguard.core.axml:__init__:3581 - Parsed <ARSCResTableEntry idx='0x0008aa80' mResId='0x7f080135' flags='0x04' holding=<ARSCResStringPoolRef idx='0x0008aa88' size='8' type='int_boolean' data='0x00000000'>>
2026-01-03 17:15:11.907 | DEBUG    | androguard.core.axml:__init__:3581 - Parsed <ARSCResTableEntry idx='0x0008aa90' mResId='0x7f080136' flags='0x04' holding=<ARSCResStringPoolRef idx='0x0008aa98' size='8' type='int_boolean' data='0x00000000'>>
2026-01-03 17:15:11.907 | DEBUG    | androguard.core.axml:__init__:3581 - Parsed <ARSCResTableEntry idx='0x0008aaa0' mResId='0x7f080137' flags='0x04' holding=<ARSCResStringPoolRef idx='0x0008aaa8' size='8' type='int_boolean' data='0x00000000'>>
2026-01-03 17:15:11.907 | DEBUG    | androguard.core.axml:__init__:3581 - Parsed <ARSCResTableEntry idx='0x0008aab0' mResId='0x7f080138' flags='0x04' holding=<ARSCResStringPoolRef idx='0x0008aab8' size='8' type='int_boolean' data='0x00000000'>>
2026-01-03 17:15:11.907 | DEBUG    | androguard.core.axml:__init__:3581 - Parsed <ARSCResTableEntry idx='0x0008aac0' mResId='0x7f080139' flags='0x04' holding=<ARSCResStringPoolRef idx='0x0008aac8' size='8' type='int_boolean' data='0x00000000'>>
2026-01-03 17:15:11.907 | DEBUG    | androguard.core.axml:__init__:3581 - Parsed <ARSCResTableEntry idx='0x0008aad0' mResId='0x7f08013a' flags='0x04' holding=<ARSCResStringPoolRef idx='0x0008aad8' size='8' type='int_boolean' data='0x00000000'>>
2026-01-03 17:15:11.907 | DEBUG    | androguard.core.axml:__init__:3581 - Parsed <ARSCResTableEntry idx='0x0008aae0' mResId='0x7f08013b' flags='0x04' holding=<ARSCResStringPoolRef idx='0x0008aae8' size='8' type='int_boolean' data='0x00000000'>>
2026-01-03 17:15:11.907 | DEBUG    | androguard.core.axml:__init__:3581 - Parsed <ARSCResTableEntry idx='0x0008aaf0' mResId='0x7f08013c' flags='0x04' holding=<ARSCResStringPoolRef idx='0x0008aaf8' size='8' type='int_boolean' data='0x00000000'>>
2026-01-03 17:15:11.907 | DEBUG    | androguard.core.axml:__init__:3581 - Parsed <ARSCResTableEntry idx='0x0008ab00' mResId='0x7f08013d' flags='0x04' holding=<ARSCResStringPoolRef idx='0x0008ab08' size='8' type='int_boolean' data='0x00000000'>>
2026-01-03 17:15:11.907 | DEBUG    | androguard.core.axml:__init__:3581 - Parsed <ARSCResTableEntry idx='0x0008ab10' mResId='0x7f08013e' flags='0x04' holding=<ARSCResStringPoolRef idx='0x0008ab18' size='8' type='int_boolean' data='0x00000000'>>
2026-01-03 17:15:11.907 | DEBUG    | androguard.core.axml:__init__:3581 - Parsed <ARSCResTableEntry idx='0x0008ab20' mResId='0x7f08013f' flags='0x04' holding=<ARSCResStringPoolRef idx='0x0008ab28' size='8' type='int_boolean' data='0x00000000'>>
2026-01-03 17:15:11.907 | DEBUG    | androguard.core.axml:__init__:3581 - Parsed <ARSCResTableEntry idx='0x0008ab30' mResId='0x7f080140' flags='0x04' holding=<ARSCResStringPoolRef idx='0x0008ab38' size='8' type='int_boolean' data='0x00000000'>>
2026-01-03 17:15:11.908 | DEBUG    | androguard.core.axml:__init__:3581 - Parsed <ARSCResTableEntry idx='0x0008ab40' mResId='0x7f080141' flags='0x04' holding=<ARSCResStringPoolRef idx='0x0008ab48' size='8' type='int_boolean' data='0x00000000'>>
2026-01-03 17:15:11.908 | DEBUG    | androguard.core.axml:__init__:3581 - Parsed <ARSCResTableEntry idx='0x0008ab50' mResId='0x7f080142' flags='0x04' holding=<ARSCResStringPoolRef idx='0x0008ab58' size='8' type='int_boolean' data='0x00000000'>>
2026-01-03 17:15:11.908 | DEBUG    | androguard.core.axml:__init__:3581 - Parsed <ARSCResTableEntry idx='0x0008ab60' mResId='0x7f080143' flags='0x04' holding=<ARSCResStringPoolRef idx='0x0008ab68' size='8' type='int_boolean' data='0x00000000'>>
2026-01-03 17:15:11.908 | DEBUG    | androguard.core.axml:__init__:3581 - Parsed <ARSCResTableEntry idx='0x0008ab70' mResId='0x7f080144' flags='0x04' holding=<ARSCResStringPoolRef idx='0x0008ab78' size='8' type='int_boolean' data='0x00000000'>>
2026-01-03 17:15:11.908 | DEBUG    | androguard.core.axml:__init__:3581 - Parsed <ARSCResTableEntry idx='0x0008ab80' mResId='0x7f080145' flags='0x04' holding=<ARSCResStringPoolRef idx='0x0008ab88' size='8' type='int_boolean' data='0x00000000'>>
2026-01-03 17:15:11.908 | DEBUG    | androguard.core.axml:__init__:3581 - Parsed <ARSCResTableEntry idx='0x0008ab90' mResId='0x7f080146' flags='0x04' holding=<ARSCResStringPoolRef idx='0x0008ab98' size='8' type='int_boolean' data='0x00000000'>>
2026-01-03 17:15:11.908 | DEBUG    | androguard.core.axml:__init__:3581 - Parsed <ARSCResTableEntry idx='0x0008aba0' mResId='0x7f080147' flags='0x04' holding=<ARSCResStringPoolRef idx='0x0008aba8' size='8' type='int_boolean' data='0x00000000'>>
2026-01-03 17:15:11.908 | DEBUG    | androguard.core.axml:__init__:3581 - Parsed <ARSCResTableEntry idx='0x0008abb0' mResId='0x7f080148' flags='0x04' holding=<ARSCResStringPoolRef idx='0x0008abb8' size='8' type='int_boolean' data='0x00000000'>>
2026-01-03 17:15:11.908 | DEBUG    | androguard.core.axml:__init__:3581 - Parsed <ARSCResTableEntry idx='0x0008abc0' mResId='0x7f080149' flags='0x04' holding=<ARSCResStringPoolRef idx='0x0008abc8' size='8' type='int_boolean' data='0x00000000'>>
2026-01-03 17:15:11.908 | DEBUG    | androguard.core.axml:__init__:3581 - Parsed <ARSCResTableEntry idx='0x0008abd0' mResId='0x7f08014a' flags='0x04' holding=<ARSCResStringPoolRef idx='0x0008abd8' size='8' type='int_boolean' data='0x00000000'>>
2026-01-03 17:15:11.908 | DEBUG    | androguard.core.axml:__init__:3581 - Parsed <ARSCResTableEntry idx='0x0008abe0' mResId='0x7f08014b' flags='0x04' holding=<ARSCResStringPoolRef idx='0x0008abe8' size='8' type='int_boolean' data='0x00000000'>>
2026-01-03 17:15:11.908 | DEBUG    | androguard.core.axml:__init__:3581 - Parsed <ARSCResTableEntry idx='0x0008abf0' mResId='0x7f08014c' flags='0x04' holding=<ARSCResStringPoolRef idx='0x0008abf8' size='8' type='int_boolean' data='0x00000000'>>
2026-01-03 17:15:11.908 | DEBUG    | androguard.core.axml:__init__:3581 - Parsed <ARSCResTableEntry idx='0x0008ac00' mResId='0x7f08014d' flags='0x04' holding=<ARSCResStringPoolRef idx='0x0008ac08' size='8' type='int_boolean' data='0x00000000'>>
2026-01-03 17:15:11.908 | DEBUG    | androguard.core.axml:__init__:3581 - Parsed <ARSCResTableEntry idx='0x0008ac10' mResId='0x7f08014e' flags='0x04' holding=<ARSCResStringPoolRef idx='0x0008ac18' size='8' type='int_boolean' data='0x00000000'>>
2026-01-03 17:15:11.908 | DEBUG    | androguard.core.axml:__init__:3581 - Parsed <ARSCResTableEntry idx='0x0008ac20' mResId='0x7f08014f' flags='0x04' holding=<ARSCResStringPoolRef idx='0x0008ac28' size='8' type='int_boolean' data='0x00000000'>>
2026-01-03 17:15:11.908 | DEBUG    | androguard.core.axml:__init__:3581 - Parsed <ARSCResTableEntry idx='0x0008ac30' mResId='0x7f080150' flags='0x04' holding=<ARSCResStringPoolRef idx='0x0008ac38' size='8' type='int_boolean' data='0x00000000'>>
2026-01-03 17:15:11.908 | DEBUG    | androguard.core.axml:__init__:3581 - Parsed <ARSCResTableEntry idx='0x0008ac40' mResId='0x7f080151' flags='0x04' holding=<ARSCResStringPoolRef idx='0x0008ac48' size='8' type='int_boolean' data='0x00000000'>>
2026-01-03 17:15:11.908 | DEBUG    | androguard.core.axml:__init__:3581 - Parsed <ARSCResTableEntry idx='0x0008ac50' mResId='0x7f080152' flags='0x04' holding=<ARSCResStringPoolRef idx='0x0008ac58' size='8' type='int_boolean' data='0x00000000'>>
2026-01-03 17:15:11.908 | DEBUG    | androguard.core.axml:__init__:3581 - Parsed <ARSCResTableEntry idx='0x0008ac60' mResId='0x7f080153' flags='0x04' holding=<ARSCResStringPoolRef idx='0x0008ac68' size='8' type='int_boolean' data='0x00000000'>>
2026-01-03 17:15:11.908 | DEBUG    | androguard.core.axml:__init__:3581 - Parsed <ARSCResTableEntry idx='0x0008ac70' mResId='0x7f080154' flags='0x04' holding=<ARSCResStringPoolRef idx='0x0008ac78' size='8' type='int_boolean' data='0x00000000'>>
2026-01-03 17:15:11.908 | DEBUG    | androguard.core.axml:__init__:3581 - Parsed <ARSCResTableEntry idx='0x0008ac80' mResId='0x7f080155' flags='0x04' holding=<ARSCResStringPoolRef idx='0x0008ac88' size='8' type='int_boolean' data='0x00000000'>>
2026-01-03 17:15:11.908 | DEBUG    | androguard.core.axml:__init__:3581 - Parsed <ARSCResTableEntry idx='0x0008ac90' mResId='0x7f080156' flags='0x04' holding=<ARSCResStringPoolRef idx='0x0008ac98' size='8' type='int_boolean' data='0x00000000'>>
2026-01-03 17:15:11.908 | DEBUG    | androguard.core.axml:__init__:3581 - Parsed <ARSCResTableEntry idx='0x0008aca0' mResId='0x7f080157' flags='0x04' holding=<ARSCResStringPoolRef idx='0x0008aca8' size='8' type='int_boolean' data='0x00000000'>>
2026-01-03 17:15:11.908 | DEBUG    | androguard.core.axml:__init__:3581 - Parsed <ARSCResTableEntry idx='0x0008acb0' mResId='0x7f080158' flags='0x04' holding=<ARSCResStringPoolRef idx='0x0008acb8' size='8' type='int_boolean' data='0x00000000'>>
2026-01-03 17:15:11.908 | DEBUG    | androguard.core.axml:__init__:3581 - Parsed <ARSCResTableEntry idx='0x0008acc0' mResId='0x7f080159' flags='0x04' holding=<ARSCResStringPoolRef idx='0x0008acc8' size='8' type='int_boolean' data='0x00000000'>>
2026-01-03 17:15:11.908 | DEBUG    | androguard.core.axml:__init__:3581 - Parsed <ARSCResTableEntry idx='0x0008acd0' mResId='0x7f08015a' flags='0x04' holding=<ARSCResStringPoolRef idx='0x0008acd8' size='8' type='int_boolean' data='0x00000000'>>
2026-01-03 17:15:11.908 | DEBUG    | androguard.core.axml:__init__:3581 - Parsed <ARSCResTableEntry idx='0x0008ace0' mResId='0x7f08015b' flags='0x04' holding=<ARSCResStringPoolRef idx='0x0008ace8' size='8' type='int_boolean' data='0x00000000'>>
2026-01-03 17:15:11.908 | DEBUG    | androguard.core.axml:__init__:3581 - Parsed <ARSCResTableEntry idx='0x0008acf0' mResId='0x7f08015c' flags='0x04' holding=<ARSCResStringPoolRef idx='0x0008acf8' size='8' type='int_boolean' data='0x00000000'>>
2026-01-03 17:15:11.908 | DEBUG    | androguard.core.axml:__init__:3581 - Parsed <ARSCResTableEntry idx='0x0008ad00' mResId='0x7f08015d' flags='0x04' holding=<ARSCResStringPoolRef idx='0x0008ad08' size='8' type='int_boolean' data='0x00000000'>>
2026-01-03 17:15:11.908 | DEBUG    | androguard.core.axml:__init__:3581 - Parsed <ARSCResTableEntry idx='0x0008ad10' mResId='0x7f08015e' flags='0x04' holding=<ARSCResStringPoolRef idx='0x0008ad18' size='8' type='int_boolean' data='0x00000000'>>
2026-01-03 17:15:11.908 | DEBUG    | androguard.core.axml:__init__:3581 - Parsed <ARSCResTableEntry idx='0x0008ad20' mResId='0x7f08015f' flags='0x04' holding=<ARSCResStringPoolRef idx='0x0008ad28' size='8' type='int_boolean' data='0x00000000'>>
2026-01-03 17:15:11.908 | DEBUG    | androguard.core.axml:__init__:3581 - Parsed <ARSCResTableEntry idx='0x0008ad30' mResId='0x7f080160' flags='0x04' holding=<ARSCResStringPoolRef idx='0x0008ad38' size='8' type='int_boolean' data='0x00000000'>>
2026-01-03 17:15:11.908 | DEBUG    | androguard.core.axml:__init__:3581 - Parsed <ARSCResTableEntry idx='0x0008ad40' mResId='0x7f080161' flags='0x04' holding=<ARSCResStringPoolRef idx='0x0008ad48' size='8' type='int_boolean' data='0x00000000'>>
2026-01-03 17:15:11.908 | DEBUG    | androguard.core.axml:__init__:3581 - Parsed <ARSCResTableEntry idx='0x0008ad50' mResId='0x7f080162' flags='0x04' holding=<ARSCResStringPoolRef idx='0x0008ad58' size='8' type='int_boolean' data='0x00000000'>>
2026-01-03 17:15:11.908 | DEBUG    | androguard.core.axml:__init__:3581 - Parsed <ARSCResTableEntry idx='0x0008ad60' mResId='0x7f080163' flags='0x04' holding=<ARSCResStringPoolRef idx='0x0008ad68' size='8' type='int_boolean' data='0x00000000'>>
2026-01-03 17:15:11.908 | DEBUG    | androguard.core.axml:__init__:3581 - Parsed <ARSCResTableEntry idx='0x0008ad70' mResId='0x7f080164' flags='0x04' holding=<ARSCResStringPoolRef idx='0x0008ad78' size='8' type='int_boolean' data='0x00000000'>>
2026-01-03 17:15:11.908 | DEBUG    | androguard.core.axml:__init__:3581 - Parsed <ARSCResTableEntry idx='0x0008ad80' mResId='0x7f080165' flags='0x04' holding=<ARSCResStringPoolRef idx='0x0008ad88' size='8' type='int_boolean' data='0x00000000'>>
2026-01-03 17:15:11.908 | DEBUG    | androguard.core.axml:__init__:3581 - Parsed <ARSCResTableEntry idx='0x0008ad90' mResId='0x7f080166' flags='0x04' holding=<ARSCResStringPoolRef idx='0x0008ad98' size='8' type='int_boolean' data='0x00000000'>>
2026-01-03 17:15:11.908 | DEBUG    | androguard.core.axml:__init__:3581 - Parsed <ARSCResTableEntry idx='0x0008ada0' mResId='0x7f080167' flags='0x04' holding=<ARSCResStringPoolRef idx='0x0008ada8' size='8' type='int_boolean' data='0x00000000'>>
2026-01-03 17:15:11.908 | DEBUG    | androguard.core.axml:__init__:3581 - Parsed <ARSCResTableEntry idx='0x0008adb0' mResId='0x7f080168' flags='0x04' holding=<ARSCResStringPoolRef idx='0x0008adb8' size='8' type='int_boolean' data='0x00000000'>>
2026-01-03 17:15:11.908 | DEBUG    | androguard.core.axml:__init__:3581 - Parsed <ARSCResTableEntry idx='0x0008adc0' mResId='0x7f080169' flags='0x04' holding=<ARSCResStringPoolRef idx='0x0008adc8' size='8' type='int_boolean' data='0x00000000'>>
2026-01-03 17:15:11.908 | DEBUG    | androguard.core.axml:__init__:3581 - Parsed <ARSCResTableEntry idx='0x0008add0' mResId='0x7f08016a' flags='0x04' holding=<ARSCResStringPoolRef idx='0x0008add8' size='8' type='int_boolean' data='0x00000000'>>
2026-01-03 17:15:11.908 | DEBUG    | androguard.core.axml:__init__:3581 - Parsed <ARSCResTableEntry idx='0x0008ade0' mResId='0x7f08016b' flags='0x04' holding=<ARSCResStringPoolRef idx='0x0008ade8' size='8' type='int_boolean' data='0x00000000'>>
2026-01-03 17:15:11.908 | DEBUG    | androguard.core.axml:__init__:3581 - Parsed <ARSCResTableEntry idx='0x0008adf0' mResId='0x7f08016c' flags='0x04' holding=<ARSCResStringPoolRef idx='0x0008adf8' size='8' type='int_boolean' data='0x00000000'>>
2026-01-03 17:15:11.908 | DEBUG    | androguard.core.axml:__init__:3581 - Parsed <ARSCResTableEntry idx='0x0008ae00' mResId='0x7f08016d' flags='0x04' holding=<ARSCResStringPoolRef idx='0x0008ae08' size='8' type='int_boolean' data='0x00000000'>>
2026-01-03 17:15:11.908 | DEBUG    | androguard.core.axml:__init__:3581 - Parsed <ARSCResTableEntry idx='0x0008ae10' mResId='0x7f08016e' flags='0x04' holding=<ARSCResStringPoolRef idx='0x0008ae18' size='8' type='int_boolean' data='0x00000000'>>
2026-01-03 17:15:11.908 | DEBUG    | androguard.core.axml:__init__:3581 - Parsed <ARSCResTableEntry idx='0x0008ae20' mResId='0x7f08016f' flags='0x04' holding=<ARSCResStringPoolRef idx='0x0008ae28' size='8' type='int_boolean' data='0x00000000'>>
2026-01-03 17:15:11.908 | DEBUG    | androguard.core.axml:__init__:3581 - Parsed <ARSCResTableEntry idx='0x0008ae30' mResId='0x7f080170' flags='0x04' holding=<ARSCResStringPoolRef idx='0x0008ae38' size='8' type='int_boolean' data='0x00000000'>>
2026-01-03 17:15:11.908 | DEBUG    | androguard.core.axml:__init__:3581 - Parsed <ARSCResTableEntry idx='0x0008ae40' mResId='0x7f080171' flags='0x04' holding=<ARSCResStringPoolRef idx='0x0008ae48' size='8' type='int_boolean' data='0x00000000'>>
2026-01-03 17:15:11.908 | DEBUG    | androguard.core.axml:__init__:3581 - Parsed <ARSCResTableEntry idx='0x0008ae50' mResId='0x7f080172' flags='0x04' holding=<ARSCResStringPoolRef idx='0x0008ae58' size='8' type='int_boolean' data='0x00000000'>>
2026-01-03 17:15:11.908 | DEBUG    | androguard.core.axml:__init__:3581 - Parsed <ARSCResTableEntry idx='0x0008ae60' mResId='0x7f080173' flags='0x04' holding=<ARSCResStringPoolRef idx='0x0008ae68' size='8' type='int_boolean' data='0x00000000'>>
2026-01-03 17:15:11.908 | DEBUG    | androguard.core.axml:__init__:3581 - Parsed <ARSCResTableEntry idx='0x0008ae70' mResId='0x7f080174' flags='0x04' holding=<ARSCResStringPoolRef idx='0x0008ae78' size='8' type='int_boolean' data='0x00000000'>>
2026-01-03 17:15:11.909 | DEBUG    | androguard.core.axml:__init__:3581 - Parsed <ARSCResTableEntry idx='0x0008ae80' mResId='0x7f080175' flags='0x04' holding=<ARSCResStringPoolRef idx='0x0008ae88' size='8' type='int_boolean' data='0x00000000'>>
2026-01-03 17:15:11.909 | DEBUG    | androguard.core.axml:__init__:3581 - Parsed <ARSCResTableEntry idx='0x0008ae90' mResId='0x7f080176' flags='0x04' holding=<ARSCResStringPoolRef idx='0x0008ae98' size='8' type='int_boolean' data='0x00000000'>>
2026-01-03 17:15:11.909 | DEBUG    | androguard.core.axml:__init__:3581 - Parsed <ARSCResTableEntry idx='0x0008aea0' mResId='0x7f080177' flags='0x04' holding=<ARSCResStringPoolRef idx='0x0008aea8' size='8' type='int_boolean' data='0x00000000'>>
2026-01-03 17:15:11.909 | DEBUG    | androguard.core.axml:__init__:3581 - Parsed <ARSCResTableEntry idx='0x0008aeb0' mResId='0x7f080178' flags='0x04' holding=<ARSCResStringPoolRef idx='0x0008aeb8' size='8' type='int_boolean' data='0x00000000'>>
2026-01-03 17:15:11.909 | DEBUG    | androguard.core.axml:__init__:3581 - Parsed <ARSCResTableEntry idx='0x0008aec0' mResId='0x7f080179' flags='0x04' holding=<ARSCResStringPoolRef idx='0x0008aec8' size='8' type='int_boolean' data='0x00000000'>>
2026-01-03 17:15:11.909 | DEBUG    | androguard.core.axml:__init__:3581 - Parsed <ARSCResTableEntry idx='0x0008aed0' mResId='0x7f08017a' flags='0x04' holding=<ARSCResStringPoolRef idx='0x0008aed8' size='8' type='int_boolean' data='0x00000000'>>
2026-01-03 17:15:11.909 | DEBUG    | androguard.core.axml:__init__:3581 - Parsed <ARSCResTableEntry idx='0x0008aee0' mResId='0x7f08017b' flags='0x04' holding=<ARSCResStringPoolRef idx='0x0008aee8' size='8' type='int_boolean' data='0x00000000'>>
2026-01-03 17:15:11.909 | DEBUG    | androguard.core.axml:__init__:3581 - Parsed <ARSCResTableEntry idx='0x0008aef0' mResId='0x7f08017c' flags='0x04' holding=<ARSCResStringPoolRef idx='0x0008aef8' size='8' type='int_boolean' data='0x00000000'>>
2026-01-03 17:15:11.909 | DEBUG    | androguard.core.axml:__init__:3581 - Parsed <ARSCResTableEntry idx='0x0008af00' mResId='0x7f08017d' flags='0x04' holding=<ARSCResStringPoolRef idx='0x0008af08' size='8' type='int_boolean' data='0x00000000'>>
2026-01-03 17:15:11.909 | DEBUG    | androguard.core.axml:__init__:3581 - Parsed <ARSCResTableEntry idx='0x0008af10' mResId='0x7f08017e' flags='0x04' holding=<ARSCResStringPoolRef idx='0x0008af18' size='8' type='int_boolean' data='0x00000000'>>
2026-01-03 17:15:11.909 | DEBUG    | androguard.core.axml:__init__:3581 - Parsed <ARSCResTableEntry idx='0x0008af20' mResId='0x7f08017f' flags='0x04' holding=<ARSCResStringPoolRef idx='0x0008af28' size='8' type='int_boolean' data='0x00000000'>>
2026-01-03 17:15:11.909 | DEBUG    | androguard.core.axml:__init__:3581 - Parsed <ARSCResTableEntry idx='0x0008af30' mResId='0x7f080180' flags='0x04' holding=<ARSCResStringPoolRef idx='0x0008af38' size='8' type='int_boolean' data='0x00000000'>>
2026-01-03 17:15:11.909 | DEBUG    | androguard.core.axml:__init__:3581 - Parsed <ARSCResTableEntry idx='0x0008af40' mResId='0x7f080181' flags='0x04' holding=<ARSCResStringPoolRef idx='0x0008af48' size='8' type='int_boolean' data='0x00000000'>>
2026-01-03 17:15:11.909 | DEBUG    | androguard.core.axml:__init__:3581 - Parsed <ARSCResTableEntry idx='0x0008af50' mResId='0x7f080182' flags='0x04' holding=<ARSCResStringPoolRef idx='0x0008af58' size='8' type='int_boolean' data='0x00000000'>>
2026-01-03 17:15:11.909 | DEBUG    | androguard.core.axml:__init__:3581 - Parsed <ARSCResTableEntry idx='0x0008af60' mResId='0x7f080183' flags='0x04' holding=<ARSCResStringPoolRef idx='0x0008af68' size='8' type='int_boolean' data='0x00000000'>>
2026-01-03 17:15:11.909 | DEBUG    | androguard.core.axml:__init__:3581 - Parsed <ARSCResTableEntry idx='0x0008af70' mResId='0x7f080184' flags='0x04' holding=<ARSCResStringPoolRef idx='0x0008af78' size='8' type='int_boolean' data='0x00000000'>>
2026-01-03 17:15:11.909 | DEBUG    | androguard.core.axml:__init__:3581 - Parsed <ARSCResTableEntry idx='0x0008af80' mResId='0x7f080185' flags='0x04' holding=<ARSCResStringPoolRef idx='0x0008af88' size='8' type='int_boolean' data='0x00000000'>>
2026-01-03 17:15:11.909 | DEBUG    | androguard.core.axml:__init__:3581 - Parsed <ARSCResTableEntry idx='0x0008af90' mResId='0x7f080186' flags='0x04' holding=<ARSCResStringPoolRef idx='0x0008af98' size='8' type='int_boolean' data='0x00000000'>>
2026-01-03 17:15:11.909 | DEBUG    | androguard.core.axml:__init__:3581 - Parsed <ARSCResTableEntry idx='0x0008afa0' mResId='0x7f080187' flags='0x04' holding=<ARSCResStringPoolRef idx='0x0008afa8' size='8' type='int_boolean' data='0x00000000'>>
2026-01-03 17:15:11.909 | DEBUG    | androguard.core.axml:__init__:3581 - Parsed <ARSCResTableEntry idx='0x0008afb0' mResId='0x7f080188' flags='0x04' holding=<ARSCResStringPoolRef idx='0x0008afb8' size='8' type='int_boolean' data='0x00000000'>>
2026-01-03 17:15:11.909 | DEBUG    | androguard.core.axml:__init__:3581 - Parsed <ARSCResTableEntry idx='0x0008afc0' mResId='0x7f080189' flags='0x04' holding=<ARSCResStringPoolRef idx='0x0008afc8' size='8' type='int_boolean' data='0x00000000'>>
2026-01-03 17:15:11.909 | DEBUG    | androguard.core.axml:__init__:3581 - Parsed <ARSCResTableEntry idx='0x0008afd0' mResId='0x7f08018a' flags='0x04' holding=<ARSCResStringPoolRef idx='0x0008afd8' size='8' type='int_boolean' data='0x00000000'>>
2026-01-03 17:15:11.909 | DEBUG    | androguard.core.axml:__init__:3581 - Parsed <ARSCResTableEntry idx='0x0008afe0' mResId='0x7f08018b' flags='0x04' holding=<ARSCResStringPoolRef idx='0x0008afe8' size='8' type='int_boolean' data='0x00000000'>>
2026-01-03 17:15:11.909 | DEBUG    | androguard.core.axml:__init__:3581 - Parsed <ARSCResTableEntry idx='0x0008aff0' mResId='0x7f08018c' flags='0x04' holding=<ARSCResStringPoolRef idx='0x0008aff8' size='8' type='int_boolean' data='0x00000000'>>
2026-01-03 17:15:11.909 | DEBUG    | androguard.core.axml:__init__:3581 - Parsed <ARSCResTableEntry idx='0x0008b000' mResId='0x7f08018d' flags='0x04' holding=<ARSCResStringPoolRef idx='0x0008b008' size='8' type='int_boolean' data='0x00000000'>>
2026-01-03 17:15:11.909 | DEBUG    | androguard.core.axml:__init__:3581 - Parsed <ARSCResTableEntry idx='0x0008b010' mResId='0x7f08018e' flags='0x04' holding=<ARSCResStringPoolRef idx='0x0008b018' size='8' type='int_boolean' data='0x00000000'>>
2026-01-03 17:15:11.909 | DEBUG    | androguard.core.axml:__init__:3581 - Parsed <ARSCResTableEntry idx='0x0008b020' mResId='0x7f08018f' flags='0x04' holding=<ARSCResStringPoolRef idx='0x0008b028' size='8' type='int_boolean' data='0x00000000'>>
2026-01-03 17:15:11.909 | DEBUG    | androguard.core.axml:__init__:3581 - Parsed <ARSCResTableEntry idx='0x0008b030' mResId='0x7f080190' flags='0x04' holding=<ARSCResStringPoolRef idx='0x0008b038' size='8' type='int_boolean' data='0x00000000'>>
2026-01-03 17:15:11.909 | DEBUG    | androguard.core.axml:__init__:3581 - Parsed <ARSCResTableEntry idx='0x0008b040' mResId='0x7f080191' flags='0x04' holding=<ARSCResStringPoolRef idx='0x0008b048' size='8' type='int_boolean' data='0x00000000'>>
2026-01-03 17:15:11.909 | DEBUG    | androguard.core.axml:__init__:3581 - Parsed <ARSCResTableEntry idx='0x0008b050' mResId='0x7f080192' flags='0x04' holding=<ARSCResStringPoolRef idx='0x0008b058' size='8' type='int_boolean' data='0x00000000'>>
2026-01-03 17:15:11.909 | DEBUG    | androguard.core.axml:__init__:3581 - Parsed <ARSCResTableEntry idx='0x0008b060' mResId='0x7f080193' flags='0x04' holding=<ARSCResStringPoolRef idx='0x0008b068' size='8' type='int_boolean' data='0x00000000'>>
2026-01-03 17:15:11.909 | DEBUG    | androguard.core.axml:__init__:3581 - Parsed <ARSCResTableEntry idx='0x0008b070' mResId='0x7f080194' flags='0x04' holding=<ARSCResStringPoolRef idx='0x0008b078' size='8' type='int_boolean' data='0x00000000'>>
2026-01-03 17:15:11.909 | DEBUG    | androguard.core.axml:__init__:3581 - Parsed <ARSCResTableEntry idx='0x0008b080' mResId='0x7f080195' flags='0x04' holding=<ARSCResStringPoolRef idx='0x0008b088' size='8' type='int_boolean' data='0x00000000'>>
2026-01-03 17:15:11.909 | DEBUG    | androguard.core.axml:__init__:3581 - Parsed <ARSCResTableEntry idx='0x0008b090' mResId='0x7f080196' flags='0x04' holding=<ARSCResStringPoolRef idx='0x0008b098' size='8' type='int_boolean' data='0x00000000'>>
2026-01-03 17:15:11.909 | DEBUG    | androguard.core.axml:__init__:3581 - Parsed <ARSCResTableEntry idx='0x0008b0a0' mResId='0x7f080197' flags='0x04' holding=<ARSCResStringPoolRef idx='0x0008b0a8' size='8' type='int_boolean' data='0x00000000'>>
2026-01-03 17:15:11.909 | DEBUG    | androguard.core.axml:__init__:3581 - Parsed <ARSCResTableEntry idx='0x0008b0b0' mResId='0x7f080198' flags='0x04' holding=<ARSCResStringPoolRef idx='0x0008b0b8' size='8' type='int_boolean' data='0x00000000'>>
2026-01-03 17:15:11.909 | DEBUG    | androguard.core.axml:__init__:3581 - Parsed <ARSCResTableEntry idx='0x0008b0c0' mResId='0x7f080199' flags='0x04' holding=<ARSCResStringPoolRef idx='0x0008b0c8' size='8' type='int_boolean' data='0x00000000'>>
2026-01-03 17:15:11.909 | DEBUG    | androguard.core.axml:__init__:3581 - Parsed <ARSCResTableEntry idx='0x0008b0d0' mResId='0x7f08019a' flags='0x04' holding=<ARSCResStringPoolRef idx='0x0008b0d8' size='8' type='int_boolean' data='0x00000000'>>
2026-01-03 17:15:11.909 | DEBUG    | androguard.core.axml:__init__:3581 - Parsed <ARSCResTableEntry idx='0x0008b0e0' mResId='0x7f08019b' flags='0x04' holding=<ARSCResStringPoolRef idx='0x0008b0e8' size='8' type='int_boolean' data='0x00000000'>>
2026-01-03 17:15:11.909 | DEBUG    | androguard.core.axml:__init__:3581 - Parsed <ARSCResTableEntry idx='0x0008b0f0' mResId='0x7f08019c' flags='0x04' holding=<ARSCResStringPoolRef idx='0x0008b0f8' size='8' type='int_boolean' data='0x00000000'>>
2026-01-03 17:15:11.909 | DEBUG    | androguard.core.axml:__init__:3581 - Parsed <ARSCResTableEntry idx='0x0008b100' mResId='0x7f08019d' flags='0x04' holding=<ARSCResStringPoolRef idx='0x0008b108' size='8' type='int_boolean' data='0x00000000'>>
2026-01-03 17:15:11.909 | DEBUG    | androguard.core.axml:__init__:3581 - Parsed <ARSCResTableEntry idx='0x0008b110' mResId='0x7f08019e' flags='0x04' holding=<ARSCResStringPoolRef idx='0x0008b118' size='8' type='int_boolean' data='0x00000000'>>
2026-01-03 17:15:11.909 | DEBUG    | androguard.core.axml:__init__:3581 - Parsed <ARSCResTableEntry idx='0x0008b120' mResId='0x7f08019f' flags='0x04' holding=<ARSCResStringPoolRef idx='0x0008b128' size='8' type='int_boolean' data='0x00000000'>>
2026-01-03 17:15:11.909 | DEBUG    | androguard.core.axml:__init__:3581 - Parsed <ARSCResTableEntry idx='0x0008b130' mResId='0x7f0801a0' flags='0x04' holding=<ARSCResStringPoolRef idx='0x0008b138' size='8' type='int_boolean' data='0x00000000'>>
2026-01-03 17:15:11.909 | DEBUG    | androguard.core.axml:__init__:3581 - Parsed <ARSCResTableEntry idx='0x0008b140' mResId='0x7f0801a1' flags='0x04' holding=<ARSCResStringPoolRef idx='0x0008b148' size='8' type='int_boolean' data='0x00000000'>>
2026-01-03 17:15:11.909 | DEBUG    | androguard.core.axml:__init__:3581 - Parsed <ARSCResTableEntry idx='0x0008b150' mResId='0x7f0801a2' flags='0x04' holding=<ARSCResStringPoolRef idx='0x0008b158' size='8' type='int_boolean' data='0x00000000'>>
2026-01-03 17:15:11.909 | DEBUG    | androguard.core.axml:__init__:3581 - Parsed <ARSCResTableEntry idx='0x0008b160' mResId='0x7f0801a3' flags='0x04' holding=<ARSCResStringPoolRef idx='0x0008b168' size='8' type='int_boolean' data='0x00000000'>>
2026-01-03 17:15:11.909 | DEBUG    | androguard.core.axml:__init__:3581 - Parsed <ARSCResTableEntry idx='0x0008b170' mResId='0x7f0801a4' flags='0x04' holding=<ARSCResStringPoolRef idx='0x0008b178' size='8' type='int_boolean' data='0x00000000'>>
2026-01-03 17:15:11.909 | DEBUG    | androguard.core.axml:__init__:3581 - Parsed <ARSCResTableEntry idx='0x0008b180' mResId='0x7f0801a5' flags='0x04' holding=<ARSCResStringPoolRef idx='0x0008b188' size='8' type='int_boolean' data='0x00000000'>>
2026-01-03 17:15:11.909 | DEBUG    | androguard.core.axml:__init__:3581 - Parsed <ARSCResTableEntry idx='0x0008b190' mResId='0x7f0801a6' flags='0x04' holding=<ARSCResStringPoolRef idx='0x0008b198' size='8' type='int_boolean' data='0x00000000'>>
2026-01-03 17:15:11.909 | DEBUG    | androguard.core.axml:__init__:3581 - Parsed <ARSCResTableEntry idx='0x0008b1a0' mResId='0x7f0801a7' flags='0x04' holding=<ARSCResStringPoolRef idx='0x0008b1a8' size='8' type='int_boolean' data='0x00000000'>>
2026-01-03 17:15:11.909 | DEBUG    | androguard.core.axml:__init__:3581 - Parsed <ARSCResTableEntry idx='0x0008b1b0' mResId='0x7f0801a8' flags='0x04' holding=<ARSCResStringPoolRef idx='0x0008b1b8' size='8' type='int_boolean' data='0x00000000'>>
2026-01-03 17:15:11.909 | DEBUG    | androguard.core.axml:__init__:3581 - Parsed <ARSCResTableEntry idx='0x0008b1c0' mResId='0x7f0801a9' flags='0x04' holding=<ARSCResStringPoolRef idx='0x0008b1c8' size='8' type='int_boolean' data='0x00000000'>>
2026-01-03 17:15:11.909 | DEBUG    | androguard.core.axml:__init__:3581 - Parsed <ARSCResTableEntry idx='0x0008b1d0' mResId='0x7f0801aa' flags='0x04' holding=<ARSCResStringPoolRef idx='0x0008b1d8' size='8' type='int_boolean' data='0x00000000'>>
2026-01-03 17:15:11.909 | DEBUG    | androguard.core.axml:__init__:3581 - Parsed <ARSCResTableEntry idx='0x0008b1e0' mResId='0x7f0801ab' flags='0x04' holding=<ARSCResStringPoolRef idx='0x0008b1e8' size='8' type='int_boolean' data='0x00000000'>>
2026-01-03 17:15:11.909 | DEBUG    | androguard.core.axml:__init__:3581 - Parsed <ARSCResTableEntry idx='0x0008b1f0' mResId='0x7f0801ac' flags='0x04' holding=<ARSCResStringPoolRef idx='0x0008b1f8' size='8' type='int_boolean' data='0x00000000'>>
2026-01-03 17:15:11.910 | DEBUG    | androguard.core.axml:__init__:3581 - Parsed <ARSCResTableEntry idx='0x0008b200' mResId='0x7f0801ad' flags='0x04' holding=<ARSCResStringPoolRef idx='0x0008b208' size='8' type='int_boolean' data='0x00000000'>>
2026-01-03 17:15:11.910 | DEBUG    | androguard.core.axml:__init__:3581 - Parsed <ARSCResTableEntry idx='0x0008b210' mResId='0x7f0801ae' flags='0x04' holding=<ARSCResStringPoolRef idx='0x0008b218' size='8' type='int_boolean' data='0x00000000'>>
2026-01-03 17:15:11.910 | DEBUG    | androguard.core.axml:__init__:3581 - Parsed <ARSCResTableEntry idx='0x0008b220' mResId='0x7f0801af' flags='0x04' holding=<ARSCResStringPoolRef idx='0x0008b228' size='8' type='int_boolean' data='0x00000000'>>
2026-01-03 17:15:11.910 | DEBUG    | androguard.core.axml:__init__:3581 - Parsed <ARSCResTableEntry idx='0x0008b230' mResId='0x7f0801b0' flags='0x04' holding=<ARSCResStringPoolRef idx='0x0008b238' size='8' type='int_boolean' data='0x00000000'>>
2026-01-03 17:15:11.910 | DEBUG    | androguard.core.axml:__init__:3581 - Parsed <ARSCResTableEntry idx='0x0008b240' mResId='0x7f0801b1' flags='0x04' holding=<ARSCResStringPoolRef idx='0x0008b248' size='8' type='int_boolean' data='0x00000000'>>
2026-01-03 17:15:11.910 | DEBUG    | androguard.core.axml:__init__:3581 - Parsed <ARSCResTableEntry idx='0x0008b250' mResId='0x7f0801b2' flags='0x04' holding=<ARSCResStringPoolRef idx='0x0008b258' size='8' type='int_boolean' data='0x00000000'>>
2026-01-03 17:15:11.910 | DEBUG    | androguard.core.axml:__init__:3581 - Parsed <ARSCResTableEntry idx='0x0008b260' mResId='0x7f0801b3' flags='0x04' holding=<ARSCResStringPoolRef idx='0x0008b268' size='8' type='int_boolean' data='0x00000000'>>
2026-01-03 17:15:11.910 | DEBUG    | androguard.core.axml:__init__:3581 - Parsed <ARSCResTableEntry idx='0x0008b270' mResId='0x7f0801b4' flags='0x04' holding=<ARSCResStringPoolRef idx='0x0008b278' size='8' type='int_boolean' data='0x00000000'>>
2026-01-03 17:15:11.910 | DEBUG    | androguard.core.axml:__init__:3581 - Parsed <ARSCResTableEntry idx='0x0008b280' mResId='0x7f0801b5' flags='0x04' holding=<ARSCResStringPoolRef idx='0x0008b288' size='8' type='int_boolean' data='0x00000000'>>
2026-01-03 17:15:11.910 | DEBUG    | androguard.core.axml:__init__:3581 - Parsed <ARSCResTableEntry idx='0x0008b290' mResId='0x7f0801b6' flags='0x04' holding=<ARSCResStringPoolRef idx='0x0008b298' size='8' type='int_boolean' data='0x00000000'>>
2026-01-03 17:15:11.910 | DEBUG    | androguard.core.axml:__init__:3581 - Parsed <ARSCResTableEntry idx='0x0008b2a0' mResId='0x7f0801b7' flags='0x04' holding=<ARSCResStringPoolRef idx='0x0008b2a8' size='8' type='int_boolean' data='0x00000000'>>
2026-01-03 17:15:11.910 | DEBUG    | androguard.core.axml:__init__:3581 - Parsed <ARSCResTableEntry idx='0x0008b2b0' mResId='0x7f0801b8' flags='0x04' holding=<ARSCResStringPoolRef idx='0x0008b2b8' size='8' type='int_boolean' data='0x00000000'>>
2026-01-03 17:15:11.910 | DEBUG    | androguard.core.axml:__init__:3581 - Parsed <ARSCResTableEntry idx='0x0008b2c0' mResId='0x7f0801b9' flags='0x04' holding=<ARSCResStringPoolRef idx='0x0008b2c8' size='8' type='int_boolean' data='0x00000000'>>
2026-01-03 17:15:11.910 | DEBUG    | androguard.core.axml:__init__:3581 - Parsed <ARSCResTableEntry idx='0x0008b2d0' mResId='0x7f0801ba' flags='0x04' holding=<ARSCResStringPoolRef idx='0x0008b2d8' size='8' type='int_boolean' data='0x00000000'>>
2026-01-03 17:15:11.910 | DEBUG    | androguard.core.axml:__init__:3581 - Parsed <ARSCResTableEntry idx='0x0008b2e0' mResId='0x7f0801bb' flags='0x04' holding=<ARSCResStringPoolRef idx='0x0008b2e8' size='8' type='int_boolean' data='0x00000000'>>
2026-01-03 17:15:11.910 | DEBUG    | androguard.core.axml:__init__:3581 - Parsed <ARSCResTableEntry idx='0x0008b2f0' mResId='0x7f0801bc' flags='0x04' holding=<ARSCResStringPoolRef idx='0x0008b2f8' size='8' type='int_boolean' data='0x00000000'>>
2026-01-03 17:15:11.910 | DEBUG    | androguard.core.axml:__init__:3581 - Parsed <ARSCResTableEntry idx='0x0008b300' mResId='0x7f0801bd' flags='0x04' holding=<ARSCResStringPoolRef idx='0x0008b308' size='8' type='int_boolean' data='0x00000000'>>
2026-01-03 17:15:11.910 | DEBUG    | androguard.core.axml:__init__:3581 - Parsed <ARSCResTableEntry idx='0x0008b310' mResId='0x7f0801be' flags='0x04' holding=<ARSCResStringPoolRef idx='0x0008b318' size='8' type='int_boolean' data='0x00000000'>>
2026-01-03 17:15:11.910 | DEBUG    | androguard.core.axml:__init__:3581 - Parsed <ARSCResTableEntry idx='0x0008b320' mResId='0x7f0801bf' flags='0x04' holding=<ARSCResStringPoolRef idx='0x0008b328' size='8' type='int_boolean' data='0x00000000'>>
2026-01-03 17:15:11.910 | DEBUG    | androguard.core.axml:__init__:3581 - Parsed <ARSCResTableEntry idx='0x0008b330' mResId='0x7f0801c0' flags='0x04' holding=<ARSCResStringPoolRef idx='0x0008b338' size='8' type='int_boolean' data='0x00000000'>>
2026-01-03 17:15:11.910 | DEBUG    | androguard.core.axml:__init__:3581 - Parsed <ARSCResTableEntry idx='0x0008b340' mResId='0x7f0801c1' flags='0x04' holding=<ARSCResStringPoolRef idx='0x0008b348' size='8' type='int_boolean' data='0x00000000'>>
2026-01-03 17:15:11.910 | DEBUG    | androguard.core.axml:__init__:3581 - Parsed <ARSCResTableEntry idx='0x0008b350' mResId='0x7f0801c2' flags='0x04' holding=<ARSCResStringPoolRef idx='0x0008b358' size='8' type='int_boolean' data='0x00000000'>>
2026-01-03 17:15:11.910 | DEBUG    | androguard.core.axml:__init__:3581 - Parsed <ARSCResTableEntry idx='0x0008b360' mResId='0x7f0801c3' flags='0x04' holding=<ARSCResStringPoolRef idx='0x0008b368' size='8' type='int_boolean' data='0x00000000'>>
2026-01-03 17:15:11.910 | DEBUG    | androguard.core.axml:__init__:3581 - Parsed <ARSCResTableEntry idx='0x0008b370' mResId='0x7f0801c4' flags='0x04' holding=<ARSCResStringPoolRef idx='0x0008b378' size='8' type='int_boolean' data='0x00000000'>>
2026-01-03 17:15:11.910 | DEBUG    | androguard.core.axml:__init__:3581 - Parsed <ARSCResTableEntry idx='0x0008b380' mResId='0x7f0801c5' flags='0x04' holding=<ARSCResStringPoolRef idx='0x0008b388' size='8' type='int_boolean' data='0x00000000'>>
2026-01-03 17:15:11.910 | DEBUG    | androguard.core.axml:__init__:3581 - Parsed <ARSCResTableEntry idx='0x0008b390' mResId='0x7f0801c6' flags='0x04' holding=<ARSCResStringPoolRef idx='0x0008b398' size='8' type='int_boolean' data='0x00000000'>>
2026-01-03 17:15:11.910 | DEBUG    | androguard.core.axml:__init__:3581 - Parsed <ARSCResTableEntry idx='0x0008b3a0' mResId='0x7f0801c7' flags='0x04' holding=<ARSCResStringPoolRef idx='0x0008b3a8' size='8' type='int_boolean' data='0x00000000'>>
2026-01-03 17:15:11.910 | DEBUG    | androguard.core.axml:__init__:3581 - Parsed <ARSCResTableEntry idx='0x0008b3b0' mResId='0x7f0801c8' flags='0x04' holding=<ARSCResStringPoolRef idx='0x0008b3b8' size='8' type='int_boolean' data='0x00000000'>>
2026-01-03 17:15:11.910 | DEBUG    | androguard.core.axml:__init__:3581 - Parsed <ARSCResTableEntry idx='0x0008b3c0' mResId='0x7f0801c9' flags='0x04' holding=<ARSCResStringPoolRef idx='0x0008b3c8' size='8' type='int_boolean' data='0x00000000'>>
2026-01-03 17:15:11.910 | DEBUG    | androguard.core.axml:__init__:3581 - Parsed <ARSCResTableEntry idx='0x0008b3d0' mResId='0x7f0801ca' flags='0x04' holding=<ARSCResStringPoolRef idx='0x0008b3d8' size='8' type='int_boolean' data='0x00000000'>>
2026-01-03 17:15:11.910 | DEBUG    | androguard.core.axml:__init__:3581 - Parsed <ARSCResTableEntry idx='0x0008b3e0' mResId='0x7f0801cb' flags='0x04' holding=<ARSCResStringPoolRef idx='0x0008b3e8' size='8' type='int_boolean' data='0x00000000'>>
2026-01-03 17:15:11.910 | DEBUG    | androguard.core.axml:__init__:3581 - Parsed <ARSCResTableEntry idx='0x0008b3f0' mResId='0x7f0801cc' flags='0x04' holding=<ARSCResStringPoolRef idx='0x0008b3f8' size='8' type='int_boolean' data='0x00000000'>>
2026-01-03 17:15:11.910 | DEBUG    | androguard.core.axml:__init__:3581 - Parsed <ARSCResTableEntry idx='0x0008b400' mResId='0x7f0801cd' flags='0x04' holding=<ARSCResStringPoolRef idx='0x0008b408' size='8' type='int_boolean' data='0x00000000'>>
2026-01-03 17:15:11.910 | DEBUG    | androguard.core.axml:__init__:3581 - Parsed <ARSCResTableEntry idx='0x0008b410' mResId='0x7f0801ce' flags='0x04' holding=<ARSCResStringPoolRef idx='0x0008b418' size='8' type='int_boolean' data='0x00000000'>>
2026-01-03 17:15:11.910 | DEBUG    | androguard.core.axml:__init__:3581 - Parsed <ARSCResTableEntry idx='0x0008b420' mResId='0x7f0801cf' flags='0x04' holding=<ARSCResStringPoolRef idx='0x0008b428' size='8' type='int_boolean' data='0x00000000'>>
2026-01-03 17:15:11.910 | DEBUG    | androguard.core.axml:__init__:3581 - Parsed <ARSCResTableEntry idx='0x0008b430' mResId='0x7f0801d0' flags='0x04' holding=<ARSCResStringPoolRef idx='0x0008b438' size='8' type='int_boolean' data='0x00000000'>>
2026-01-03 17:15:11.910 | DEBUG    | androguard.core.axml:__init__:3581 - Parsed <ARSCResTableEntry idx='0x0008b440' mResId='0x7f0801d1' flags='0x04' holding=<ARSCResStringPoolRef idx='0x0008b448' size='8' type='int_boolean' data='0x00000000'>>
2026-01-03 17:15:11.910 | DEBUG    | androguard.core.axml:__init__:3581 - Parsed <ARSCResTableEntry idx='0x0008b450' mResId='0x7f0801d2' flags='0x04' holding=<ARSCResStringPoolRef idx='0x0008b458' size='8' type='int_boolean' data='0x00000000'>>
2026-01-03 17:15:11.910 | DEBUG    | androguard.core.axml:__init__:3581 - Parsed <ARSCResTableEntry idx='0x0008b460' mResId='0x7f0801d3' flags='0x04' holding=<ARSCResStringPoolRef idx='0x0008b468' size='8' type='int_boolean' data='0x00000000'>>
2026-01-03 17:15:11.910 | DEBUG    | androguard.core.axml:__init__:3581 - Parsed <ARSCResTableEntry idx='0x0008b470' mResId='0x7f0801d4' flags='0x04' holding=<ARSCResStringPoolRef idx='0x0008b478' size='8' type='int_boolean' data='0x00000000'>>
2026-01-03 17:15:11.910 | DEBUG    | androguard.core.axml:__init__:3581 - Parsed <ARSCResTableEntry idx='0x0008b480' mResId='0x7f0801d5' flags='0x04' holding=<ARSCResStringPoolRef idx='0x0008b488' size='8' type='int_boolean' data='0x00000000'>>
2026-01-03 17:15:11.910 | DEBUG    | androguard.core.axml:__init__:3581 - Parsed <ARSCResTableEntry idx='0x0008b490' mResId='0x7f0801d6' flags='0x04' holding=<ARSCResStringPoolRef idx='0x0008b498' size='8' type='int_boolean' data='0x00000000'>>
2026-01-03 17:15:11.910 | DEBUG    | androguard.core.axml:__init__:3581 - Parsed <ARSCResTableEntry idx='0x0008b4a0' mResId='0x7f0801d7' flags='0x04' holding=<ARSCResStringPoolRef idx='0x0008b4a8' size='8' type='int_boolean' data='0x00000000'>>
2026-01-03 17:15:11.910 | DEBUG    | androguard.core.axml:__init__:3581 - Parsed <ARSCResTableEntry idx='0x0008b4b0' mResId='0x7f0801d8' flags='0x04' holding=<ARSCResStringPoolRef idx='0x0008b4b8' size='8' type='int_boolean' data='0x00000000'>>
2026-01-03 17:15:11.910 | DEBUG    | androguard.core.axml:__init__:3581 - Parsed <ARSCResTableEntry idx='0x0008b4c0' mResId='0x7f0801d9' flags='0x04' holding=<ARSCResStringPoolRef idx='0x0008b4c8' size='8' type='int_boolean' data='0x00000000'>>
2026-01-03 17:15:11.910 | DEBUG    | androguard.core.axml:__init__:3581 - Parsed <ARSCResTableEntry idx='0x0008b4d0' mResId='0x7f0801da' flags='0x04' holding=<ARSCResStringPoolRef idx='0x0008b4d8' size='8' type='int_boolean' data='0x00000000'>>
2026-01-03 17:15:11.910 | DEBUG    | androguard.core.axml:__init__:3581 - Parsed <ARSCResTableEntry idx='0x0008b4e0' mResId='0x7f0801db' flags='0x04' holding=<ARSCResStringPoolRef idx='0x0008b4e8' size='8' type='int_boolean' data='0x00000000'>>
2026-01-03 17:15:11.910 | DEBUG    | androguard.core.axml:__init__:3581 - Parsed <ARSCResTableEntry idx='0x0008b4f0' mResId='0x7f0801dc' flags='0x04' holding=<ARSCResStringPoolRef idx='0x0008b4f8' size='8' type='int_boolean' data='0x00000000'>>
2026-01-03 17:15:11.910 | DEBUG    | androguard.core.axml:__init__:3581 - Parsed <ARSCResTableEntry idx='0x0008b500' mResId='0x7f0801dd' flags='0x04' holding=<ARSCResStringPoolRef idx='0x0008b508' size='8' type='int_boolean' data='0x00000000'>>
2026-01-03 17:15:11.910 | DEBUG    | androguard.core.axml:__init__:3581 - Parsed <ARSCResTableEntry idx='0x0008b510' mResId='0x7f0801de' flags='0x04' holding=<ARSCResStringPoolRef idx='0x0008b518' size='8' type='int_boolean' data='0x00000000'>>
2026-01-03 17:15:11.910 | DEBUG    | androguard.core.axml:__init__:3581 - Parsed <ARSCResTableEntry idx='0x0008b520' mResId='0x7f0801df' flags='0x04' holding=<ARSCResStringPoolRef idx='0x0008b528' size='8' type='int_boolean' data='0x00000000'>>
2026-01-03 17:15:11.910 | DEBUG    | androguard.core.axml:__init__:3581 - Parsed <ARSCResTableEntry idx='0x0008b530' mResId='0x7f0801e0' flags='0x04' holding=<ARSCResStringPoolRef idx='0x0008b538' size='8' type='int_boolean' data='0x00000000'>>
2026-01-03 17:15:11.910 | DEBUG    | androguard.core.axml:__init__:3581 - Parsed <ARSCResTableEntry idx='0x0008b540' mResId='0x7f0801e1' flags='0x04' holding=<ARSCResStringPoolRef idx='0x0008b548' size='8' type='int_boolean' data='0x00000000'>>
2026-01-03 17:15:11.910 | DEBUG    | androguard.core.axml:__init__:3581 - Parsed <ARSCResTableEntry idx='0x0008b550' mResId='0x7f0801e2' flags='0x04' holding=<ARSCResStringPoolRef idx='0x0008b558' size='8' type='int_boolean' data='0x00000000'>>
2026-01-03 17:15:11.910 | DEBUG    | androguard.core.axml:__init__:3581 - Parsed <ARSCResTableEntry idx='0x0008b560' mResId='0x7f0801e3' flags='0x04' holding=<ARSCResStringPoolRef idx='0x0008b568' size='8' type='int_boolean' data='0x00000000'>>
2026-01-03 17:15:11.910 | DEBUG    | androguard.core.axml:__init__:3581 - Parsed <ARSCResTableEntry idx='0x0008b570' mResId='0x7f0801e4' flags='0x04' holding=<ARSCResStringPoolRef idx='0x0008b578' size='8' type='int_boolean' data='0x00000000'>>
2026-01-03 17:15:11.911 | DEBUG    | androguard.core.axml:__init__:3581 - Parsed <ARSCResTableEntry idx='0x0008b580' mResId='0x7f0801e5' flags='0x04' holding=<ARSCResStringPoolRef idx='0x0008b588' size='8' type='int_boolean' data='0x00000000'>>
2026-01-03 17:15:11.911 | DEBUG    | androguard.core.axml:__init__:3581 - Parsed <ARSCResTableEntry idx='0x0008b590' mResId='0x7f0801e6' flags='0x04' holding=<ARSCResStringPoolRef idx='0x0008b598' size='8' type='int_boolean' data='0x00000000'>>
2026-01-03 17:15:11.911 | DEBUG    | androguard.core.axml:__init__:3581 - Parsed <ARSCResTableEntry idx='0x0008b5a0' mResId='0x7f0801e7' flags='0x04' holding=<ARSCResStringPoolRef idx='0x0008b5a8' size='8' type='int_boolean' data='0x00000000'>>
2026-01-03 17:15:11.911 | DEBUG    | androguard.core.axml:__init__:3581 - Parsed <ARSCResTableEntry idx='0x0008b5b0' mResId='0x7f0801e8' flags='0x04' holding=<ARSCResStringPoolRef idx='0x0008b5b8' size='8' type='int_boolean' data='0x00000000'>>
2026-01-03 17:15:11.911 | DEBUG    | androguard.core.axml:__init__:3581 - Parsed <ARSCResTableEntry idx='0x0008b5c0' mResId='0x7f0801e9' flags='0x04' holding=<ARSCResStringPoolRef idx='0x0008b5c8' size='8' type='int_boolean' data='0x00000000'>>
2026-01-03 17:15:11.911 | DEBUG    | androguard.core.axml:__init__:3581 - Parsed <ARSCResTableEntry idx='0x0008b5d0' mResId='0x7f0801ea' flags='0x04' holding=<ARSCResStringPoolRef idx='0x0008b5d8' size='8' type='int_boolean' data='0x00000000'>>
2026-01-03 17:15:11.911 | DEBUG    | androguard.core.axml:__init__:3581 - Parsed <ARSCResTableEntry idx='0x0008b5e0' mResId='0x7f0801eb' flags='0x04' holding=<ARSCResStringPoolRef idx='0x0008b5e8' size='8' type='int_boolean' data='0x00000000'>>
2026-01-03 17:15:11.911 | DEBUG    | androguard.core.axml:__init__:3581 - Parsed <ARSCResTableEntry idx='0x0008b5f0' mResId='0x7f0801ec' flags='0x04' holding=<ARSCResStringPoolRef idx='0x0008b5f8' size='8' type='int_boolean' data='0x00000000'>>
2026-01-03 17:15:11.911 | DEBUG    | androguard.core.axml:__init__:1805 - Found a header: <ARSCHeader idx='0x0008b600' type='514' header_size='16' size='256'>
2026-01-03 17:15:11.911 | DEBUG    | androguard.core.axml:__init__:1805 - Found a header: <ARSCHeader idx='0x0008b700' type='513' header_size='84' size='1284'>
2026-01-03 17:15:11.911 | DEBUG    | androguard.core.axml:__init__:3125 - Skipping padding bytes!
2026-01-03 17:15:11.911 | DEBUG    | androguard.core.axml:__init__:2973 - Parsed <ARSCResType(start=0x8b708, id=0x9, flags=0x0, entryCount=60, entriesStart=0x144, mResId=0x7f090000, table:integer)>
2026-01-03 17:15:11.911 | DEBUG    | androguard.core.axml:__init__:1833 - Config: <ARSCResTableConfig ''=(0, 0, 0, 0, 0, 0, 0, 0, 0)>
2026-01-03 17:15:11.911 | DEBUG    | androguard.core.axml:__init__:1805 - Found a header: <ARSCHeader idx='0x0008bc04' type='513' header_size='84' size='340'>
2026-01-03 17:15:11.911 | DEBUG    | androguard.core.axml:__init__:3125 - Skipping padding bytes!
2026-01-03 17:15:11.911 | DEBUG    | androguard.core.axml:__init__:2973 - Parsed <ARSCResType(start=0x8bc0c, id=0x9, flags=0x0, entryCount=60, entriesStart=0x144, mResId=0x7f090000, table:integer)>
2026-01-03 17:15:11.911 | DEBUG    | androguard.core.axml:__init__:1833 - Config: <ARSCResTableConfig 'sw600dp'=(0, 0, 0, 0, 0, 0, 39321600, 0, 0)>
2026-01-03 17:15:11.911 | DEBUG    | androguard.core.axml:__init__:1805 - Found a header: <ARSCHeader idx='0x0008bd58' type='513' header_size='84' size='356'>
2026-01-03 17:15:11.911 | DEBUG    | androguard.core.axml:__init__:3125 - Skipping padding bytes!
2026-01-03 17:15:11.911 | DEBUG    | androguard.core.axml:__init__:2973 - Parsed <ARSCResType(start=0x8bd60, id=0x9, flags=0x0, entryCount=60, entriesStart=0x144, mResId=0x7f090000, table:integer)>
2026-01-03 17:15:11.911 | DEBUG    | androguard.core.axml:__init__:1833 - Config: <ARSCResTableConfig 'land'=(0, 0, 2, 0, 0, 0, 0, 0, 0)>
2026-01-03 17:15:11.911 | DEBUG    | androguard.core.axml:__init__:1805 - Found a header: <ARSCHeader idx='0x0008bebc' type='514' header_size='16' size='88'>
2026-01-03 17:15:11.911 | DEBUG    | androguard.core.axml:__init__:1805 - Found a header: <ARSCHeader idx='0x0008bf14' type='513' header_size='84' size='444'>
2026-01-03 17:15:11.911 | DEBUG    | androguard.core.axml:__init__:3125 - Skipping padding bytes!
2026-01-03 17:15:11.911 | DEBUG    | androguard.core.axml:__init__:2973 - Parsed <ARSCResType(start=0x8bf1c, id=0xa, flags=0x0, entryCount=18, entriesStart=0x9c, mResId=0x7f0a0000, table:interpolator)>
2026-01-03 17:15:11.911 | DEBUG    | androguard.core.axml:__init__:1833 - Config: <ARSCResTableConfig ''=(0, 0, 0, 0, 0, 0, 0, 0, 0)>
2026-01-03 17:15:11.911 | DEBUG    | androguard.core.axml:__init__:1805 - Found a header: <ARSCHeader idx='0x0008c0d0' type='514' header_size='16' size='440'>
2026-01-03 17:15:11.911 | DEBUG    | androguard.core.axml:__init__:1805 - Found a header: <ARSCHeader idx='0x0008c288' type='513' header_size='84' size='2188'>
2026-01-03 17:15:11.911 | DEBUG    | androguard.core.axml:__init__:3125 - Skipping padding bytes!
2026-01-03 17:15:11.911 | DEBUG    | androguard.core.axml:__init__:2973 - Parsed <ARSCResType(start=0x8c290, id=0xb, flags=0x0, entryCount=106, entriesStart=0x1fc, mResId=0x7f0b0000, table:layout)>
2026-01-03 17:15:11.911 | DEBUG    | androguard.core.axml:__init__:1833 - Config: <ARSCResTableConfig ''=(0, 0, 0, 0, 0, 0, 0, 0, 0)>
2026-01-03 17:15:11.912 | DEBUG    | androguard.core.axml:__init__:1805 - Found a header: <ARSCHeader idx='0x0008cb14' type='513' header_size='84' size='540'>
2026-01-03 17:15:11.912 | DEBUG    | androguard.core.axml:__init__:3125 - Skipping padding bytes!
2026-01-03 17:15:11.912 | DEBUG    | androguard.core.axml:__init__:2973 - Parsed <ARSCResType(start=0x8cb1c, id=0xb, flags=0x0, entryCount=106, entriesStart=0x1fc, mResId=0x7f0b0000, table:layout)>
2026-01-03 17:15:11.912 | DEBUG    | androguard.core.axml:__init__:1833 - Config: <ARSCResTableConfig 'sw600dp'=(0, 0, 0, 0, 0, 0, 39321600, 0, 0)>
2026-01-03 17:15:11.912 | DEBUG    | androguard.core.axml:__init__:1805 - Found a header: <ARSCHeader idx='0x0008cd30' type='513' header_size='84' size='540'>
2026-01-03 17:15:11.912 | DEBUG    | androguard.core.axml:__init__:3125 - Skipping padding bytes!
2026-01-03 17:15:11.912 | DEBUG    | androguard.core.axml:__init__:2973 - Parsed <ARSCResType(start=0x8cd38, id=0xb, flags=0x0, entryCount=106, entriesStart=0x1fc, mResId=0x7f0b0000, table:layout)>
2026-01-03 17:15:11.912 | DEBUG    | androguard.core.axml:__init__:1833 - Config: <ARSCResTableConfig 'watch'=(0, 0, 0, 0, 0, 0, 1536, 0, 0)>
2026-01-03 17:15:11.912 | DEBUG    | androguard.core.axml:__init__:1805 - Found a header: <ARSCHeader idx='0x0008cf4c' type='513' header_size='84' size='604'>
2026-01-03 17:15:11.912 | DEBUG    | androguard.core.axml:__init__:3125 - Skipping padding bytes!
2026-01-03 17:15:11.912 | DEBUG    | androguard.core.axml:__init__:2973 - Parsed <ARSCResType(start=0x8cf54, id=0xb, flags=0x0, entryCount=106, entriesStart=0x1fc, mResId=0x7f0b0000, table:layout)>
2026-01-03 17:15:11.912 | DEBUG    | androguard.core.axml:__init__:1833 - Config: <ARSCResTableConfig 'v22'=(0, 0, 0, 0, 0, 22, 0, 0, 0)>
2026-01-03 17:15:11.912 | DEBUG    | androguard.core.axml:__init__:1805 - Found a header: <ARSCHeader idx='0x0008d1a8' type='513' header_size='84' size='540'>
2026-01-03 17:15:11.912 | DEBUG    | androguard.core.axml:__init__:3125 - Skipping padding bytes!
2026-01-03 17:15:11.912 | DEBUG    | androguard.core.axml:__init__:2973 - Parsed <ARSCResType(start=0x8d1b0, id=0xb, flags=0x0, entryCount=106, entriesStart=0x1fc, mResId=0x7f0b0000, table:layout)>
2026-01-03 17:15:11.912 | DEBUG    | androguard.core.axml:__init__:1833 - Config: <ARSCResTableConfig 'v26'=(0, 0, 0, 0, 0, 26, 0, 0, 0)>
2026-01-03 17:15:11.912 | DEBUG    | androguard.core.axml:__init__:1805 - Found a header: <ARSCHeader idx='0x0008d3c4' type='513' header_size='84' size='556'>
2026-01-03 17:15:11.912 | DEBUG    | androguard.core.axml:__init__:3125 - Skipping padding bytes!
2026-01-03 17:15:11.912 | DEBUG    | androguard.core.axml:__init__:2973 - Parsed <ARSCResType(start=0x8d3cc, id=0xb, flags=0x0, entryCount=106, entriesStart=0x1fc, mResId=0x7f0b0000, table:layout)>
2026-01-03 17:15:11.912 | DEBUG    | androguard.core.axml:__init__:1833 - Config: <ARSCResTableConfig 'land'=(0, 0, 2, 0, 0, 0, 0, 0, 0)>
2026-01-03 17:15:11.912 | DEBUG    | androguard.core.axml:__init__:1805 - Found a header: <ARSCHeader idx='0x0008d5f0' type='514' header_size='16' size='28'>
2026-01-03 17:15:11.912 | DEBUG    | androguard.core.axml:__init__:1805 - Found a header: <ARSCHeader idx='0x0008d60c' type='513' header_size='84' size='144'>
2026-01-03 17:15:11.912 | DEBUG    | androguard.core.axml:__init__:3125 - Skipping padding bytes!
2026-01-03 17:15:11.912 | DEBUG    | androguard.core.axml:__init__:2973 - Parsed <ARSCResType(start=0x8d614, id=0xd, flags=0x0, entryCount=3, entriesStart=0x60, mResId=0x7f0d0000, table:mipmap)>
2026-01-03 17:15:11.912 | DEBUG    | androguard.core.axml:__init__:1833 - Config: <ARSCResTableConfig 'mdpi'=(0, 0, 10485760, 0, 0, 0, 0, 0, 0)>
2026-01-03 17:15:11.912 | DEBUG    | androguard.core.axml:__init__:1805 - Found a header: <ARSCHeader idx='0x0008d69c' type='513' header_size='84' size='144'>
2026-01-03 17:15:11.912 | DEBUG    | androguard.core.axml:__init__:3125 - Skipping padding bytes!
2026-01-03 17:15:11.912 | DEBUG    | androguard.core.axml:__init__:2973 - Parsed <ARSCResType(start=0x8d6a4, id=0xd, flags=0x0, entryCount=3, entriesStart=0x60, mResId=0x7f0d0000, table:mipmap)>
2026-01-03 17:15:11.913 | DEBUG    | androguard.core.axml:__init__:1833 - Config: <ARSCResTableConfig 'hdpi'=(0, 0, 15728640, 0, 0, 0, 0, 0, 0)>
2026-01-03 17:15:11.913 | DEBUG    | androguard.core.axml:__init__:1805 - Found a header: <ARSCHeader idx='0x0008d72c' type='513' header_size='84' size='144'>
2026-01-03 17:15:11.913 | DEBUG    | androguard.core.axml:__init__:3125 - Skipping padding bytes!
2026-01-03 17:15:11.913 | DEBUG    | androguard.core.axml:__init__:2973 - Parsed <ARSCResType(start=0x8d734, id=0xd, flags=0x0, entryCount=3, entriesStart=0x60, mResId=0x7f0d0000, table:mipmap)>
2026-01-03 17:15:11.913 | DEBUG    | androguard.core.axml:__init__:1833 - Config: <ARSCResTableConfig 'xhdpi'=(0, 0, 20971520, 0, 0, 0, 0, 0, 0)>
2026-01-03 17:15:11.913 | DEBUG    | androguard.core.axml:__init__:1805 - Found a header: <ARSCHeader idx='0x0008d7bc' type='513' header_size='84' size='144'>
2026-01-03 17:15:11.913 | DEBUG    | androguard.core.axml:__init__:3125 - Skipping padding bytes!
2026-01-03 17:15:11.913 | DEBUG    | androguard.core.axml:__init__:2973 - Parsed <ARSCResType(start=0x8d7c4, id=0xd, flags=0x0, entryCount=3, entriesStart=0x60, mResId=0x7f0d0000, table:mipmap)>
2026-01-03 17:15:11.913 | DEBUG    | androguard.core.axml:__init__:1833 - Config: <ARSCResTableConfig 'xxhdpi'=(0, 0, 31457280, 0, 0, 0, 0, 0, 0)>
2026-01-03 17:15:11.913 | DEBUG    | androguard.core.axml:__init__:1805 - Found a header: <ARSCHeader idx='0x0008d84c' type='513' header_size='84' size='144'>
2026-01-03 17:15:11.913 | DEBUG    | androguard.core.axml:__init__:3125 - Skipping padding bytes!
2026-01-03 17:15:11.913 | DEBUG    | androguard.core.axml:__init__:2973 - Parsed <ARSCResType(start=0x8d854, id=0xd, flags=0x0, entryCount=3, entriesStart=0x60, mResId=0x7f0d0000, table:mipmap)>
2026-01-03 17:15:11.913 | DEBUG    | androguard.core.axml:__init__:1833 - Config: <ARSCResTableConfig 'xxxhdpi'=(0, 0, 41943040, 0, 0, 0, 0, 0, 0)>
2026-01-03 17:15:11.913 | DEBUG    | androguard.core.axml:__init__:1805 - Found a header: <ARSCHeader idx='0x0008d8dc' type='513' header_size='84' size='128'>
2026-01-03 17:15:11.913 | DEBUG    | androguard.core.axml:__init__:3125 - Skipping padding bytes!
2026-01-03 17:15:11.913 | DEBUG    | androguard.core.axml:__init__:2973 - Parsed <ARSCResType(start=0x8d8e4, id=0xd, flags=0x0, entryCount=3, entriesStart=0x60, mResId=0x7f0d0000, table:mipmap)>
2026-01-03 17:15:11.913 | DEBUG    | androguard.core.axml:__init__:1833 - Config: <ARSCResTableConfig 'anydpi-v26'=(0, 0, 4294836224, 0, 0, 26, 0, 0, 0)>
2026-01-03 17:15:11.913 | DEBUG    | androguard.core.axml:__init__:1805 - Found a header: <ARSCHeader idx='0x0008d95c' type='514' header_size='16' size='20'>
2026-01-03 17:15:11.913 | DEBUG    | androguard.core.axml:__init__:1805 - Found a header: <ARSCHeader idx='0x0008d970' type='513' header_size='84' size='128'>
2026-01-03 17:15:11.913 | DEBUG    | androguard.core.axml:__init__:3125 - Skipping padding bytes!
2026-01-03 17:15:11.913 | DEBUG    | androguard.core.axml:__init__:2973 - Parsed <ARSCResType(start=0x8d978, id=0xe, flags=0x0, entryCount=1, entriesStart=0x58, mResId=0x7f0e0000, table:plurals)>
2026-01-03 17:15:11.913 | DEBUG    | androguard.core.axml:__init__:1833 - Config: <ARSCResTableConfig ''=(0, 0, 0, 0, 0, 0, 0, 0, 0)>
2026-01-03 17:15:11.913 | DEBUG    | androguard.core.axml:__init__:1805 - Found a header: <ARSCHeader idx='0x0008d9f0' type='513' header_size='84' size='128'>
2026-01-03 17:15:11.913 | DEBUG    | androguard.core.axml:__init__:3125 - Skipping padding bytes!
2026-01-03 17:15:11.913 | DEBUG    | androguard.core.axml:__init__:2973 - Parsed <ARSCResType(start=0x8d9f8, id=0xe, flags=0x0, entryCount=1, entriesStart=0x58, mResId=0x7f0e0000, table:plurals)>
2026-01-03 17:15:11.913 | DEBUG    | androguard.core.axml:__init__:1833 - Config: <ARSCResTableConfig 'ca'=(0, 24931, 0, 0, 0, 0, 0, 0, 0)>
2026-01-03 17:15:11.913 | DEBUG    | androguard.core.axml:__init__:1805 - Found a header: <ARSCHeader idx='0x0008da70' type='513' header_size='84' size='128'>
2026-01-03 17:15:11.913 | DEBUG    | androguard.core.axml:__init__:3125 - Skipping padding bytes!
2026-01-03 17:15:11.913 | DEBUG    | androguard.core.axml:__init__:2973 - Parsed <ARSCResType(start=0x8da78, id=0xe, flags=0x0, entryCount=1, entriesStart=0x58, mResId=0x7f0e0000, table:plurals)>
2026-01-03 17:15:11.913 | DEBUG    | androguard.core.axml:__init__:1833 - Config: <ARSCResTableConfig 'da'=(0, 24932, 0, 0, 0, 0, 0, 0, 0)>
2026-01-03 17:15:11.913 | DEBUG    | androguard.core.axml:__init__:1805 - Found a header: <ARSCHeader idx='0x0008daf0' type='513' header_size='84' size='128'>
2026-01-03 17:15:11.913 | DEBUG    | androguard.core.axml:__init__:3125 - Skipping padding bytes!
2026-01-03 17:15:11.913 | DEBUG    | androguard.core.axml:__init__:2973 - Parsed <ARSCResType(start=0x8daf8, id=0xe, flags=0x0, entryCount=1, entriesStart=0x58, mResId=0x7f0e0000, table:plurals)>
2026-01-03 17:15:11.913 | DEBUG    | androguard.core.axml:__init__:1833 - Config: <ARSCResTableConfig 'fa'=(0, 24934, 0, 0, 0, 0, 0, 0, 0)>
2026-01-03 17:15:11.913 | DEBUG    | androguard.core.axml:__init__:1805 - Found a header: <ARSCHeader idx='0x0008db70' type='513' header_size='84' size='128'>
2026-01-03 17:15:11.913 | DEBUG    | androguard.core.axml:__init__:3125 - Skipping padding bytes!
2026-01-03 17:15:11.913 | DEBUG    | androguard.core.axml:__init__:2973 - Parsed <ARSCResType(start=0x8db78, id=0xe, flags=0x0, entryCount=1, entriesStart=0x58, mResId=0x7f0e0000, table:plurals)>
2026-01-03 17:15:11.913 | DEBUG    | androguard.core.axml:__init__:1833 - Config: <ARSCResTableConfig 'ja'=(0, 24938, 0, 0, 0, 0, 0, 0, 0)>
2026-01-03 17:15:11.913 | DEBUG    | androguard.core.axml:__init__:1805 - Found a header: <ARSCHeader idx='0x0008dbf0' type='513' header_size='84' size='128'>
2026-01-03 17:15:11.913 | DEBUG    | androguard.core.axml:__init__:3125 - Skipping padding bytes!
2026-01-03 17:15:11.913 | DEBUG    | androguard.core.axml:__init__:2973 - Parsed <ARSCResType(start=0x8dbf8, id=0xe, flags=0x0, entryCount=1, entriesStart=0x58, mResId=0x7f0e0000, table:plurals)>
2026-01-03 17:15:11.913 | DEBUG    | androguard.core.axml:__init__:1833 - Config: <ARSCResTableConfig 'ka'=(0, 24939, 0, 0, 0, 0, 0, 0, 0)>
2026-01-03 17:15:11.913 | DEBUG    | androguard.core.axml:__init__:1805 - Found a header: <ARSCHeader idx='0x0008dc70' type='513' header_size='84' size='128'>
2026-01-03 17:15:11.913 | DEBUG    | androguard.core.axml:__init__:3125 - Skipping padding bytes!
2026-01-03 17:15:11.913 | DEBUG    | androguard.core.axml:__init__:2973 - Parsed <ARSCResType(start=0x8dc78, id=0xe, flags=0x0, entryCount=1, entriesStart=0x58, mResId=0x7f0e0000, table:plurals)>
2026-01-03 17:15:11.914 | DEBUG    | androguard.core.axml:__init__:1833 - Config: <ARSCResTableConfig 'pa'=(0, 24944, 0, 0, 0, 0, 0, 0, 0)>
2026-01-03 17:15:11.914 | DEBUG    | androguard.core.axml:__init__:1805 - Found a header: <ARSCHeader idx='0x0008dcf0' type='513' header_size='84' size='128'>
2026-01-03 17:15:11.914 | DEBUG    | androguard.core.axml:__init__:3125 - Skipping padding bytes!
2026-01-03 17:15:11.914 | DEBUG    | androguard.core.axml:__init__:2973 - Parsed <ARSCResType(start=0x8dcf8, id=0xe, flags=0x0, entryCount=1, entriesStart=0x58, mResId=0x7f0e0000, table:plurals)>
2026-01-03 17:15:11.914 | DEBUG    | androguard.core.axml:__init__:1833 - Config: <ARSCResTableConfig 'ta'=(0, 24948, 0, 0, 0, 0, 0, 0, 0)>
2026-01-03 17:15:11.914 | DEBUG    | androguard.core.axml:__init__:1805 - Found a header: <ARSCHeader idx='0x0008dd70' type='513' header_size='84' size='128'>
2026-01-03 17:15:11.914 | DEBUG    | androguard.core.axml:__init__:3125 - Skipping padding bytes!
2026-01-03 17:15:11.914 | DEBUG    | androguard.core.axml:__init__:2973 - Parsed <ARSCResType(start=0x8dd78, id=0xe, flags=0x0, entryCount=1, entriesStart=0x58, mResId=0x7f0e0000, table:plurals)>
2026-01-03 17:15:11.914 | DEBUG    | androguard.core.axml:__init__:1833 - Config: <ARSCResTableConfig 'nb'=(0, 25198, 0, 0, 0, 0, 0, 0, 0)>
2026-01-03 17:15:11.914 | DEBUG    | androguard.core.axml:__init__:1805 - Found a header: <ARSCHeader idx='0x0008ddf0' type='513' header_size='84' size='152'>
2026-01-03 17:15:11.914 | DEBUG    | androguard.core.axml:__init__:3125 - Skipping padding bytes!
2026-01-03 17:15:11.914 | DEBUG    | androguard.core.axml:__init__:2973 - Parsed <ARSCResType(start=0x8ddf8, id=0xe, flags=0x0, entryCount=1, entriesStart=0x58, mResId=0x7f0e0000, table:plurals)>
2026-01-03 17:15:11.914 | DEBUG    | androguard.core.axml:__init__:1833 - Config: <ARSCResTableConfig 'be'=(0, 25954, 0, 0, 0, 0, 0, 0, 0)>
2026-01-03 17:15:11.914 | DEBUG    | androguard.core.axml:__init__:1805 - Found a header: <ARSCHeader idx='0x0008de88' type='513' header_size='84' size='128'>
2026-01-03 17:15:11.914 | DEBUG    | androguard.core.axml:__init__:3125 - Skipping padding bytes!
2026-01-03 17:15:11.914 | DEBUG    | androguard.core.axml:__init__:2973 - Parsed <ARSCResType(start=0x8de90, id=0xe, flags=0x0, entryCount=1, entriesStart=0x58, mResId=0x7f0e0000, table:plurals)>
2026-01-03 17:15:11.914 | DEBUG    | androguard.core.axml:__init__:1833 - Config: <ARSCResTableConfig 'de'=(0, 25956, 0, 0, 0, 0, 0, 0, 0)>
2026-01-03 17:15:11.914 | DEBUG    | androguard.core.axml:__init__:1805 - Found a header: <ARSCHeader idx='0x0008df08' type='513' header_size='84' size='128'>
2026-01-03 17:15:11.914 | DEBUG    | androguard.core.axml:__init__:3125 - Skipping padding bytes!
2026-01-03 17:15:11.914 | DEBUG    | androguard.core.axml:__init__:2973 - Parsed <ARSCResType(start=0x8df10, id=0xe, flags=0x0, entryCount=1, entriesStart=0x58, mResId=0x7f0e0000, table:plurals)>
2026-01-03 17:15:11.914 | DEBUG    | androguard.core.axml:__init__:1833 - Config: <ARSCResTableConfig 'ne'=(0, 25966, 0, 0, 0, 0, 0, 0, 0)>
2026-01-03 17:15:11.914 | DEBUG    | androguard.core.axml:__init__:1805 - Found a header: <ARSCHeader idx='0x0008df88' type='513' header_size='84' size='128'>
2026-01-03 17:15:11.914 | DEBUG    | androguard.core.axml:__init__:3125 - Skipping padding bytes!
2026-01-03 17:15:11.914 | DEBUG    | androguard.core.axml:__init__:2973 - Parsed <ARSCResType(start=0x8df90, id=0xe, flags=0x0, entryCount=1, entriesStart=0x58, mResId=0x7f0e0000, table:plurals)>
2026-01-03 17:15:11.914 | DEBUG    | androguard.core.axml:__init__:1833 - Config: <ARSCResTableConfig 'te'=(0, 25972, 0, 0, 0, 0, 0, 0, 0)>
2026-01-03 17:15:11.914 | DEBUG    | androguard.core.axml:__init__:1805 - Found a header: <ARSCHeader idx='0x0008e008' type='513' header_size='84' size='128'>
2026-01-03 17:15:11.914 | DEBUG    | androguard.core.axml:__init__:3125 - Skipping padding bytes!
2026-01-03 17:15:11.914 | DEBUG    | androguard.core.axml:__init__:2973 - Parsed <ARSCResType(start=0x8e010, id=0xe, flags=0x0, entryCount=1, entriesStart=0x58, mResId=0x7f0e0000, table:plurals)>
2026-01-03 17:15:11.914 | DEBUG    | androguard.core.axml:__init__:1833 - Config: <ARSCResTableConfig 'af'=(0, 26209, 0, 0, 0, 0, 0, 0, 0)>
2026-01-03 17:15:11.914 | DEBUG    | androguard.core.axml:__init__:1805 - Found a header: <ARSCHeader idx='0x0008e088' type='513' header_size='84' size='128'>
2026-01-03 17:15:11.914 | DEBUG    | androguard.core.axml:__init__:3125 - Skipping padding bytes!
2026-01-03 17:15:11.914 | DEBUG    | androguard.core.axml:__init__:2973 - Parsed <ARSCResType(start=0x8e090, id=0xe, flags=0x0, entryCount=1, entriesStart=0x58, mResId=0x7f0e0000, table:plurals)>
2026-01-03 17:15:11.914 | DEBUG    | androguard.core.axml:__init__:1833 - Config: <ARSCResTableConfig 'bg'=(0, 26466, 0, 0, 0, 0, 0, 0, 0)>
2026-01-03 17:15:11.914 | DEBUG    | androguard.core.axml:__init__:1805 - Found a header: <ARSCHeader idx='0x0008e108' type='513' header_size='84' size='128'>
2026-01-03 17:15:11.914 | DEBUG    | androguard.core.axml:__init__:3125 - Skipping padding bytes!
2026-01-03 17:15:11.914 | DEBUG    | androguard.core.axml:__init__:2973 - Parsed <ARSCResType(start=0x8e110, id=0xe, flags=0x0, entryCount=1, entriesStart=0x58, mResId=0x7f0e0000, table:plurals)>
2026-01-03 17:15:11.914 | DEBUG    | androguard.core.axml:__init__:1833 - Config: <ARSCResTableConfig 'th'=(0, 26740, 0, 0, 0, 0, 0, 0, 0)>
2026-01-03 17:15:11.914 | DEBUG    | androguard.core.axml:__init__:1805 - Found a header: <ARSCHeader idx='0x0008e188' type='513' header_size='84' size='128'>
2026-01-03 17:15:11.914 | DEBUG    | androguard.core.axml:__init__:3125 - Skipping padding bytes!
2026-01-03 17:15:11.914 | DEBUG    | androguard.core.axml:__init__:2973 - Parsed <ARSCResType(start=0x8e190, id=0xe, flags=0x0, entryCount=1, entriesStart=0x58, mResId=0x7f0e0000, table:plurals)>
2026-01-03 17:15:11.914 | DEBUG    | androguard.core.axml:__init__:1833 - Config: <ARSCResTableConfig 'fi'=(0, 26982, 0, 0, 0, 0, 0, 0, 0)>
2026-01-03 17:15:11.914 | DEBUG    | androguard.core.axml:__init__:1805 - Found a header: <ARSCHeader idx='0x0008e208' type='513' header_size='84' size='128'>
2026-01-03 17:15:11.914 | DEBUG    | androguard.core.axml:__init__:3125 - Skipping padding bytes!
2026-01-03 17:15:11.914 | DEBUG    | androguard.core.axml:__init__:2973 - Parsed <ARSCResType(start=0x8e210, id=0xe, flags=0x0, entryCount=1, entriesStart=0x58, mResId=0x7f0e0000, table:plurals)>
2026-01-03 17:15:11.914 | DEBUG    | androguard.core.axml:__init__:1833 - Config: <ARSCResTableConfig 'hi'=(0, 26984, 0, 0, 0, 0, 0, 0, 0)>
2026-01-03 17:15:11.914 | DEBUG    | androguard.core.axml:__init__:1805 - Found a header: <ARSCHeader idx='0x0008e288' type='513' header_size='84' size='128'>
2026-01-03 17:15:11.915 | DEBUG    | androguard.core.axml:__init__:3125 - Skipping padding bytes!
2026-01-03 17:15:11.915 | DEBUG    | androguard.core.axml:__init__:2973 - Parsed <ARSCResType(start=0x8e290, id=0xe, flags=0x0, entryCount=1, entriesStart=0x58, mResId=0x7f0e0000, table:plurals)>
2026-01-03 17:15:11.915 | DEBUG    | androguard.core.axml:__init__:1833 - Config: <ARSCResTableConfig 'si'=(0, 26995, 0, 0, 0, 0, 0, 0, 0)>
2026-01-03 17:15:11.915 | DEBUG    | androguard.core.axml:__init__:1805 - Found a header: <ARSCHeader idx='0x0008e308' type='513' header_size='84' size='128'>
2026-01-03 17:15:11.915 | DEBUG    | androguard.core.axml:__init__:3125 - Skipping padding bytes!
2026-01-03 17:15:11.915 | DEBUG    | androguard.core.axml:__init__:2973 - Parsed <ARSCResType(start=0x8e310, id=0xe, flags=0x0, entryCount=1, entriesStart=0x58, mResId=0x7f0e0000, table:plurals)>
2026-01-03 17:15:11.915 | DEBUG    | androguard.core.axml:__init__:1833 - Config: <ARSCResTableConfig 'vi'=(0, 26998, 0, 0, 0, 0, 0, 0, 0)>
2026-01-03 17:15:11.915 | DEBUG    | androguard.core.axml:__init__:1805 - Found a header: <ARSCHeader idx='0x0008e388' type='513' header_size='84' size='128'>
2026-01-03 17:15:11.915 | DEBUG    | androguard.core.axml:__init__:3125 - Skipping padding bytes!
2026-01-03 17:15:11.915 | DEBUG    | androguard.core.axml:__init__:2973 - Parsed <ARSCResType(start=0x8e390, id=0xe, flags=0x0, entryCount=1, entriesStart=0x58, mResId=0x7f0e0000, table:plurals)>
2026-01-03 17:15:11.915 | DEBUG    | androguard.core.axml:__init__:1833 - Config: <ARSCResTableConfig 'kk'=(0, 27499, 0, 0, 0, 0, 0, 0, 0)>
2026-01-03 17:15:11.915 | DEBUG    | androguard.core.axml:__init__:1805 - Found a header: <ARSCHeader idx='0x0008e408' type='513' header_size='84' size='128'>
2026-01-03 17:15:11.915 | DEBUG    | androguard.core.axml:__init__:3125 - Skipping padding bytes!
2026-01-03 17:15:11.915 | DEBUG    | androguard.core.axml:__init__:2973 - Parsed <ARSCResType(start=0x8e410, id=0xe, flags=0x0, entryCount=1, entriesStart=0x58, mResId=0x7f0e0000, table:plurals)>
2026-01-03 17:15:11.915 | DEBUG    | androguard.core.axml:__init__:1833 - Config: <ARSCResTableConfig 'mk'=(0, 27501, 0, 0, 0, 0, 0, 0, 0)>
2026-01-03 17:15:11.915 | DEBUG    | androguard.core.axml:__init__:1805 - Found a header: <ARSCHeader idx='0x0008e488' type='513' header_size='84' size='152'>
2026-01-03 17:15:11.915 | DEBUG    | androguard.core.axml:__init__:3125 - Skipping padding bytes!
2026-01-03 17:15:11.915 | DEBUG    | androguard.core.axml:__init__:2973 - Parsed <ARSCResType(start=0x8e490, id=0xe, flags=0x0, entryCount=1, entriesStart=0x58, mResId=0x7f0e0000, table:plurals)>
2026-01-03 17:15:11.915 | DEBUG    | androguard.core.axml:__init__:1833 - Config: <ARSCResTableConfig 'sk'=(0, 27507, 0, 0, 0, 0, 0, 0, 0)>
2026-01-03 17:15:11.915 | DEBUG    | androguard.core.axml:__init__:1805 - Found a header: <ARSCHeader idx='0x0008e520' type='513' header_size='84' size='152'>
2026-01-03 17:15:11.915 | DEBUG    | androguard.core.axml:__init__:3125 - Skipping padding bytes!
2026-01-03 17:15:11.915 | DEBUG    | androguard.core.axml:__init__:2973 - Parsed <ARSCResType(start=0x8e528, id=0xe, flags=0x0, entryCount=1, entriesStart=0x58, mResId=0x7f0e0000, table:plurals)>
2026-01-03 17:15:11.915 | DEBUG    | androguard.core.axml:__init__:1833 - Config: <ARSCResTableConfig 'uk'=(0, 27509, 0, 0, 0, 0, 0, 0, 0)>
2026-01-03 17:15:11.915 | DEBUG    | androguard.core.axml:__init__:1805 - Found a header: <ARSCHeader idx='0x0008e5b8' type='513' header_size='84' size='128'>
2026-01-03 17:15:11.915 | DEBUG    | androguard.core.axml:__init__:3125 - Skipping padding bytes!
2026-01-03 17:15:11.915 | DEBUG    | androguard.core.axml:__init__:2973 - Parsed <ARSCResType(start=0x8e5c0, id=0xe, flags=0x0, entryCount=1, entriesStart=0x58, mResId=0x7f0e0000, table:plurals)>
2026-01-03 17:15:11.915 | DEBUG    | androguard.core.axml:__init__:1833 - Config: <ARSCResTableConfig 'el'=(0, 27749, 0, 0, 0, 0, 0, 0, 0)>
2026-01-03 17:15:11.915 | DEBUG    | androguard.core.axml:__init__:1805 - Found a header: <ARSCHeader idx='0x0008e638' type='513' header_size='84' size='128'>
2026-01-03 17:15:11.915 | DEBUG    | androguard.core.axml:__init__:3125 - Skipping padding bytes!
2026-01-03 17:15:11.915 | DEBUG    | androguard.core.axml:__init__:2973 - Parsed <ARSCResType(start=0x8e640, id=0xe, flags=0x0, entryCount=1, entriesStart=0x58, mResId=0x7f0e0000, table:plurals)>
2026-01-03 17:15:11.915 | DEBUG    | androguard.core.axml:__init__:1833 - Config: <ARSCResTableConfig 'gl'=(0, 27751, 0, 0, 0, 0, 0, 0, 0)>
2026-01-03 17:15:11.915 | DEBUG    | androguard.core.axml:__init__:1805 - Found a header: <ARSCHeader idx='0x0008e6b8' type='513' header_size='84' size='128'>
2026-01-03 17:15:11.915 | DEBUG    | androguard.core.axml:__init__:3125 - Skipping padding bytes!
2026-01-03 17:15:11.915 | DEBUG    | androguard.core.axml:__init__:2973 - Parsed <ARSCResType(start=0x8e6c0, id=0xe, flags=0x0, entryCount=1, entriesStart=0x58, mResId=0x7f0e0000, table:plurals)>
2026-01-03 17:15:11.915 | DEBUG    | androguard.core.axml:__init__:1833 - Config: <ARSCResTableConfig 'ml'=(0, 27757, 0, 0, 0, 0, 0, 0, 0)>
2026-01-03 17:15:11.915 | DEBUG    | androguard.core.axml:__init__:1805 - Found a header: <ARSCHeader idx='0x0008e738' type='513' header_size='84' size='128'>
2026-01-03 17:15:11.915 | DEBUG    | androguard.core.axml:__init__:3125 - Skipping padding bytes!
2026-01-03 17:15:11.915 | DEBUG    | androguard.core.axml:__init__:2973 - Parsed <ARSCResType(start=0x8e740, id=0xe, flags=0x0, entryCount=1, entriesStart=0x58, mResId=0x7f0e0000, table:plurals)>
2026-01-03 17:15:11.915 | DEBUG    | androguard.core.axml:__init__:1833 - Config: <ARSCResTableConfig 'nl'=(0, 27758, 0, 0, 0, 0, 0, 0, 0)>
2026-01-03 17:15:11.915 | DEBUG    | androguard.core.axml:__init__:1805 - Found a header: <ARSCHeader idx='0x0008e7b8' type='513' header_size='84' size='152'>
2026-01-03 17:15:11.916 | DEBUG    | androguard.core.axml:__init__:3125 - Skipping padding bytes!
2026-01-03 17:15:11.916 | DEBUG    | androguard.core.axml:__init__:2973 - Parsed <ARSCResType(start=0x8e7c0, id=0xe, flags=0x0, entryCount=1, entriesStart=0x58, mResId=0x7f0e0000, table:plurals)>
2026-01-03 17:15:11.916 | DEBUG    | androguard.core.axml:__init__:1833 - Config: <ARSCResTableConfig 'pl'=(0, 27760, 0, 0, 0, 0, 0, 0, 0)>
2026-01-03 17:15:11.916 | DEBUG    | androguard.core.axml:__init__:1805 - Found a header: <ARSCHeader idx='0x0008e850' type='513' header_size='84' size='152'>
2026-01-03 17:15:11.916 | DEBUG    | androguard.core.axml:__init__:3125 - Skipping padding bytes!
2026-01-03 17:15:11.916 | DEBUG    | androguard.core.axml:__init__:2973 - Parsed <ARSCResType(start=0x8e858, id=0xe, flags=0x0, entryCount=1, entriesStart=0x58, mResId=0x7f0e0000, table:plurals)>
2026-01-03 17:15:11.916 | DEBUG    | androguard.core.axml:__init__:1833 - Config: <ARSCResTableConfig 'sl'=(0, 27763, 0, 0, 0, 0, 0, 0, 0)>
2026-01-03 17:15:11.916 | DEBUG    | androguard.core.axml:__init__:1805 - Found a header: <ARSCHeader idx='0x0008e8e8' type='513' header_size='84' size='128'>
2026-01-03 17:15:11.916 | DEBUG    | androguard.core.axml:__init__:3125 - Skipping padding bytes!
2026-01-03 17:15:11.916 | DEBUG    | androguard.core.axml:__init__:2973 - Parsed <ARSCResType(start=0x8e8f0, id=0xe, flags=0x0, entryCount=1, entriesStart=0x58, mResId=0x7f0e0000, table:plurals)>
2026-01-03 17:15:11.916 | DEBUG    | androguard.core.axml:__init__:1833 - Config: <ARSCResTableConfig 'tl'=(0, 27764, 0, 0, 0, 0, 0, 0, 0)>
2026-01-03 17:15:11.916 | DEBUG    | androguard.core.axml:__init__:1805 - Found a header: <ARSCHeader idx='0x0008e968' type='513' header_size='84' size='128'>
2026-01-03 17:15:11.916 | DEBUG    | androguard.core.axml:__init__:3125 - Skipping padding bytes!
2026-01-03 17:15:11.916 | DEBUG    | androguard.core.axml:__init__:2973 - Parsed <ARSCResType(start=0x8e970, id=0xe, flags=0x0, entryCount=1, entriesStart=0x58, mResId=0x7f0e0000, table:plurals)>
2026-01-03 17:15:11.916 | DEBUG    | androguard.core.axml:__init__:1833 - Config: <ARSCResTableConfig 'am'=(0, 28001, 0, 0, 0, 0, 0, 0, 0)>
2026-01-03 17:15:11.916 | DEBUG    | androguard.core.axml:__init__:1805 - Found a header: <ARSCHeader idx='0x0008e9e8' type='513' header_size='84' size='128'>
2026-01-03 17:15:11.916 | DEBUG    | androguard.core.axml:__init__:3125 - Skipping padding bytes!
2026-01-03 17:15:11.916 | DEBUG    | androguard.core.axml:__init__:2973 - Parsed <ARSCResType(start=0x8e9f0, id=0xe, flags=0x0, entryCount=1, entriesStart=0x58, mResId=0x7f0e0000, table:plurals)>
2026-01-03 17:15:11.916 | DEBUG    | androguard.core.axml:__init__:1833 - Config: <ARSCResTableConfig 'km'=(0, 28011, 0, 0, 0, 0, 0, 0, 0)>
2026-01-03 17:15:11.916 | DEBUG    | androguard.core.axml:__init__:1805 - Found a header: <ARSCHeader idx='0x0008ea68' type='513' header_size='84' size='128'>
2026-01-03 17:15:11.916 | DEBUG    | androguard.core.axml:__init__:3125 - Skipping padding bytes!
2026-01-03 17:15:11.916 | DEBUG    | androguard.core.axml:__init__:2973 - Parsed <ARSCResType(start=0x8ea70, id=0xe, flags=0x0, entryCount=1, entriesStart=0x58, mResId=0x7f0e0000, table:plurals)>
2026-01-03 17:15:11.916 | DEBUG    | androguard.core.axml:__init__:1833 - Config: <ARSCResTableConfig 'bn'=(0, 28258, 0, 0, 0, 0, 0, 0, 0)>
2026-01-03 17:15:11.916 | DEBUG    | androguard.core.axml:__init__:1805 - Found a header: <ARSCHeader idx='0x0008eae8' type='513' header_size='84' size='128'>
2026-01-03 17:15:11.916 | DEBUG    | androguard.core.axml:__init__:3125 - Skipping padding bytes!
2026-01-03 17:15:11.916 | DEBUG    | androguard.core.axml:__init__:2973 - Parsed <ARSCResType(start=0x8eaf0, id=0xe, flags=0x0, entryCount=1, entriesStart=0x58, mResId=0x7f0e0000, table:plurals)>
2026-01-03 17:15:11.916 | DEBUG    | androguard.core.axml:__init__:1833 - Config: <ARSCResTableConfig 'in'=(0, 28265, 0, 0, 0, 0, 0, 0, 0)>
2026-01-03 17:15:11.916 | DEBUG    | androguard.core.axml:__init__:1805 - Found a header: <ARSCHeader idx='0x0008eb68' type='513' header_size='84' size='128'>
2026-01-03 17:15:11.916 | DEBUG    | androguard.core.axml:__init__:3125 - Skipping padding bytes!
2026-01-03 17:15:11.916 | DEBUG    | androguard.core.axml:__init__:2973 - Parsed <ARSCResType(start=0x8eb70, id=0xe, flags=0x0, entryCount=1, entriesStart=0x58, mResId=0x7f0e0000, table:plurals)>
2026-01-03 17:15:11.916 | DEBUG    | androguard.core.axml:__init__:1833 - Config: <ARSCResTableConfig 'kn'=(0, 28267, 0, 0, 0, 0, 0, 0, 0)>
2026-01-03 17:15:11.916 | DEBUG    | androguard.core.axml:__init__:1805 - Found a header: <ARSCHeader idx='0x0008ebe8' type='513' header_size='84' size='128'>
2026-01-03 17:15:11.916 | DEBUG    | androguard.core.axml:__init__:3125 - Skipping padding bytes!
2026-01-03 17:15:11.916 | DEBUG    | androguard.core.axml:__init__:2973 - Parsed <ARSCResType(start=0x8ebf0, id=0xe, flags=0x0, entryCount=1, entriesStart=0x58, mResId=0x7f0e0000, table:plurals)>
2026-01-03 17:15:11.916 | DEBUG    | androguard.core.axml:__init__:1833 - Config: <ARSCResTableConfig 'mn'=(0, 28269, 0, 0, 0, 0, 0, 0, 0)>
2026-01-03 17:15:11.916 | DEBUG    | androguard.core.axml:__init__:1805 - Found a header: <ARSCHeader idx='0x0008ec68' type='513' header_size='84' size='128'>
2026-01-03 17:15:11.916 | DEBUG    | androguard.core.axml:__init__:3125 - Skipping padding bytes!
2026-01-03 17:15:11.916 | DEBUG    | androguard.core.axml:__init__:2973 - Parsed <ARSCResType(start=0x8ec70, id=0xe, flags=0x0, entryCount=1, entriesStart=0x58, mResId=0x7f0e0000, table:plurals)>
2026-01-03 17:15:11.916 | DEBUG    | androguard.core.axml:__init__:1833 - Config: <ARSCResTableConfig 'ko'=(0, 28523, 0, 0, 0, 0, 0, 0, 0)>
2026-01-03 17:15:11.917 | DEBUG    | androguard.core.axml:__init__:1805 - Found a header: <ARSCHeader idx='0x0008ece8' type='513' header_size='84' size='128'>
2026-01-03 17:15:11.917 | DEBUG    | androguard.core.axml:__init__:3125 - Skipping padding bytes!
2026-01-03 17:15:11.917 | DEBUG    | androguard.core.axml:__init__:2973 - Parsed <ARSCResType(start=0x8ecf0, id=0xe, flags=0x0, entryCount=1, entriesStart=0x58, mResId=0x7f0e0000, table:plurals)>
2026-01-03 17:15:11.917 | DEBUG    | androguard.core.axml:__init__:1833 - Config: <ARSCResTableConfig 'lo'=(0, 28524, 0, 0, 0, 0, 0, 0, 0)>
2026-01-03 17:15:11.917 | DEBUG    | androguard.core.axml:__init__:1805 - Found a header: <ARSCHeader idx='0x0008ed68' type='513' header_size='84' size='140'>
2026-01-03 17:15:11.917 | DEBUG    | androguard.core.axml:__init__:3125 - Skipping padding bytes!
2026-01-03 17:15:11.917 | DEBUG    | androguard.core.axml:__init__:2973 - Parsed <ARSCResType(start=0x8ed70, id=0xe, flags=0x0, entryCount=1, entriesStart=0x58, mResId=0x7f0e0000, table:plurals)>
2026-01-03 17:15:11.917 | DEBUG    | androguard.core.axml:__init__:1833 - Config: <ARSCResTableConfig 'ro'=(0, 28530, 0, 0, 0, 0, 0, 0, 0)>
2026-01-03 17:15:11.917 | DEBUG    | androguard.core.axml:__init__:1805 - Found a header: <ARSCHeader idx='0x0008edf4' type='513' header_size='84' size='128'>
2026-01-03 17:15:11.917 | DEBUG    | androguard.core.axml:__init__:3125 - Skipping padding bytes!
2026-01-03 17:15:11.917 | DEBUG    | androguard.core.axml:__init__:2973 - Parsed <ARSCResType(start=0x8edfc, id=0xe, flags=0x0, entryCount=1, entriesStart=0x58, mResId=0x7f0e0000, table:plurals)>
2026-01-03 17:15:11.917 | DEBUG    | androguard.core.axml:__init__:1833 - Config: <ARSCResTableConfig 'sq'=(0, 29043, 0, 0, 0, 0, 0, 0, 0)>
2026-01-03 17:15:11.917 | DEBUG    | androguard.core.axml:__init__:1805 - Found a header: <ARSCHeader idx='0x0008ee74' type='513' header_size='84' size='176'>
2026-01-03 17:15:11.917 | DEBUG    | androguard.core.axml:__init__:3125 - Skipping padding bytes!
2026-01-03 17:15:11.917 | DEBUG    | androguard.core.axml:__init__:2973 - Parsed <ARSCResType(start=0x8ee7c, id=0xe, flags=0x0, entryCount=1, entriesStart=0x58, mResId=0x7f0e0000, table:plurals)>
2026-01-03 17:15:11.917 | DEBUG    | androguard.core.axml:__init__:1833 - Config: <ARSCResTableConfig 'ar'=(0, 29281, 0, 0, 0, 0, 0, 0, 0)>
2026-01-03 17:15:11.917 | DEBUG    | androguard.core.axml:__init__:1805 - Found a header: <ARSCHeader idx='0x0008ef24' type='513' header_size='84' size='128'>
2026-01-03 17:15:11.917 | DEBUG    | androguard.core.axml:__init__:3125 - Skipping padding bytes!
2026-01-03 17:15:11.917 | DEBUG    | androguard.core.axml:__init__:2973 - Parsed <ARSCResType(start=0x8ef2c, id=0xe, flags=0x0, entryCount=1, entriesStart=0x58, mResId=0x7f0e0000, table:plurals)>
2026-01-03 17:15:11.917 | DEBUG    | androguard.core.axml:__init__:1833 - Config: <ARSCResTableConfig 'fr'=(0, 29286, 0, 0, 0, 0, 0, 0, 0)>
2026-01-03 17:15:11.917 | DEBUG    | androguard.core.axml:__init__:1805 - Found a header: <ARSCHeader idx='0x0008efa4' type='513' header_size='84' size='140'>
2026-01-03 17:15:11.917 | DEBUG    | androguard.core.axml:__init__:3125 - Skipping padding bytes!
2026-01-03 17:15:11.917 | DEBUG    | androguard.core.axml:__init__:2973 - Parsed <ARSCResType(start=0x8efac, id=0xe, flags=0x0, entryCount=1, entriesStart=0x58, mResId=0x7f0e0000, table:plurals)>
2026-01-03 17:15:11.917 | DEBUG    | androguard.core.axml:__init__:1833 - Config: <ARSCResTableConfig 'hr'=(0, 29288, 0, 0, 0, 0, 0, 0, 0)>
2026-01-03 17:15:11.917 | DEBUG    | androguard.core.axml:__init__:1805 - Found a header: <ARSCHeader idx='0x0008f030' type='513' header_size='84' size='128'>
2026-01-03 17:15:11.917 | DEBUG    | androguard.core.axml:__init__:3125 - Skipping padding bytes!
2026-01-03 17:15:11.917 | DEBUG    | androguard.core.axml:__init__:2973 - Parsed <ARSCResType(start=0x8f038, id=0xe, flags=0x0, entryCount=1, entriesStart=0x58, mResId=0x7f0e0000, table:plurals)>
2026-01-03 17:15:11.917 | DEBUG    | androguard.core.axml:__init__:1833 - Config: <ARSCResTableConfig 'mr'=(0, 29293, 0, 0, 0, 0, 0, 0, 0)>
2026-01-03 17:15:11.917 | DEBUG    | androguard.core.axml:__init__:1805 - Found a header: <ARSCHeader idx='0x0008f0b0' type='513' header_size='84' size='128'>
2026-01-03 17:15:11.917 | DEBUG    | androguard.core.axml:__init__:3125 - Skipping padding bytes!
2026-01-03 17:15:11.917 | DEBUG    | androguard.core.axml:__init__:2973 - Parsed <ARSCResType(start=0x8f0b8, id=0xe, flags=0x0, entryCount=1, entriesStart=0x58, mResId=0x7f0e0000, table:plurals)>
2026-01-03 17:15:11.917 | DEBUG    | androguard.core.axml:__init__:1833 - Config: <ARSCResTableConfig 'or'=(0, 29295, 0, 0, 0, 0, 0, 0, 0)>
2026-01-03 17:15:11.917 | DEBUG    | androguard.core.axml:__init__:1805 - Found a header: <ARSCHeader idx='0x0008f130' type='513' header_size='84' size='140'>
2026-01-03 17:15:11.917 | DEBUG    | androguard.core.axml:__init__:3125 - Skipping padding bytes!
2026-01-03 17:15:11.917 | DEBUG    | androguard.core.axml:__init__:2973 - Parsed <ARSCResType(start=0x8f138, id=0xe, flags=0x0, entryCount=1, entriesStart=0x58, mResId=0x7f0e0000, table:plurals)>
2026-01-03 17:15:11.917 | DEBUG    | androguard.core.axml:__init__:1833 - Config: <ARSCResTableConfig 'sr'=(0, 29299, 0, 0, 0, 0, 0, 0, 0)>
2026-01-03 17:15:11.917 | DEBUG    | androguard.core.axml:__init__:1805 - Found a header: <ARSCHeader idx='0x0008f1bc' type='513' header_size='84' size='140'>
2026-01-03 17:15:11.917 | DEBUG    | androguard.core.axml:__init__:3125 - Skipping padding bytes!
2026-01-03 17:15:11.917 | DEBUG    | androguard.core.axml:__init__:2973 - Parsed <ARSCResType(start=0x8f1c4, id=0xe, flags=0x0, entryCount=1, entriesStart=0x58, mResId=0x7f0e0000, table:plurals)>
2026-01-03 17:15:11.917 | DEBUG    | androguard.core.axml:__init__:1833 - Config: <ARSCResTableConfig 'sr'=(0, 29299, 0, 0, 0, 0, 0, 0, 0)>
2026-01-03 17:15:11.917 | DEBUG    | androguard.core.axml:__init__:1805 - Found a header: <ARSCHeader idx='0x0008f248' type='513' header_size='84' size='128'>
2026-01-03 17:15:11.917 | DEBUG    | androguard.core.axml:__init__:3125 - Skipping padding bytes!
2026-01-03 17:15:11.917 | DEBUG    | androguard.core.axml:__init__:2973 - Parsed <ARSCResType(start=0x8f250, id=0xe, flags=0x0, entryCount=1, entriesStart=0x58, mResId=0x7f0e0000, table:plurals)>
2026-01-03 17:15:11.917 | DEBUG    | androguard.core.axml:__init__:1833 - Config: <ARSCResTableConfig 'tr'=(0, 29300, 0, 0, 0, 0, 0, 0, 0)>
2026-01-03 17:15:11.917 | DEBUG    | androguard.core.axml:__init__:1805 - Found a header: <ARSCHeader idx='0x0008f2c8' type='513' header_size='84' size='128'>
2026-01-03 17:15:11.917 | DEBUG    | androguard.core.axml:__init__:3125 - Skipping padding bytes!
2026-01-03 17:15:11.918 | DEBUG    | androguard.core.axml:__init__:2973 - Parsed <ARSCResType(start=0x8f2d0, id=0xe, flags=0x0, entryCount=1, entriesStart=0x58, mResId=0x7f0e0000, table:plurals)>
2026-01-03 17:15:11.918 | DEBUG    | androguard.core.axml:__init__:1833 - Config: <ARSCResTableConfig 'ur'=(0, 29301, 0, 0, 0, 0, 0, 0, 0)>
2026-01-03 17:15:11.918 | DEBUG    | androguard.core.axml:__init__:1805 - Found a header: <ARSCHeader idx='0x0008f348' type='513' header_size='84' size='128'>
2026-01-03 17:15:11.918 | DEBUG    | androguard.core.axml:__init__:3125 - Skipping padding bytes!
2026-01-03 17:15:11.918 | DEBUG    | androguard.core.axml:__init__:2973 - Parsed <ARSCResType(start=0x8f350, id=0xe, flags=0x0, entryCount=1, entriesStart=0x58, mResId=0x7f0e0000, table:plurals)>
2026-01-03 17:15:11.918 | DEBUG    | androguard.core.axml:__init__:1833 - Config: <ARSCResTableConfig 'as'=(0, 29537, 0, 0, 0, 0, 0, 0, 0)>
2026-01-03 17:15:11.918 | DEBUG    | androguard.core.axml:__init__:1805 - Found a header: <ARSCHeader idx='0x0008f3c8' type='513' header_size='84' size='140'>
2026-01-03 17:15:11.918 | DEBUG    | androguard.core.axml:__init__:3125 - Skipping padding bytes!
2026-01-03 17:15:11.918 | DEBUG    | androguard.core.axml:__init__:2973 - Parsed <ARSCResType(start=0x8f3d0, id=0xe, flags=0x0, entryCount=1, entriesStart=0x58, mResId=0x7f0e0000, table:plurals)>
2026-01-03 17:15:11.918 | DEBUG    | androguard.core.axml:__init__:1833 - Config: <ARSCResTableConfig 'bs'=(0, 29538, 0, 0, 0, 0, 0, 0, 0)>
2026-01-03 17:15:11.918 | DEBUG    | androguard.core.axml:__init__:1805 - Found a header: <ARSCHeader idx='0x0008f454' type='513' header_size='84' size='152'>
2026-01-03 17:15:11.918 | DEBUG    | androguard.core.axml:__init__:3125 - Skipping padding bytes!
2026-01-03 17:15:11.918 | DEBUG    | androguard.core.axml:__init__:2973 - Parsed <ARSCResType(start=0x8f45c, id=0xe, flags=0x0, entryCount=1, entriesStart=0x58, mResId=0x7f0e0000, table:plurals)>
2026-01-03 17:15:11.918 | DEBUG    | androguard.core.axml:__init__:1833 - Config: <ARSCResTableConfig 'cs'=(0, 29539, 0, 0, 0, 0, 0, 0, 0)>
2026-01-03 17:15:11.918 | DEBUG    | androguard.core.axml:__init__:1805 - Found a header: <ARSCHeader idx='0x0008f4ec' type='513' header_size='84' size='128'>
2026-01-03 17:15:11.918 | DEBUG    | androguard.core.axml:__init__:3125 - Skipping padding bytes!
2026-01-03 17:15:11.918 | DEBUG    | androguard.core.axml:__init__:2973 - Parsed <ARSCResType(start=0x8f4f4, id=0xe, flags=0x0, entryCount=1, entriesStart=0x58, mResId=0x7f0e0000, table:plurals)>
2026-01-03 17:15:11.918 | DEBUG    | androguard.core.axml:__init__:1833 - Config: <ARSCResTableConfig 'es'=(0, 29541, 0, 0, 0, 0, 0, 0, 0)>
2026-01-03 17:15:11.918 | DEBUG    | androguard.core.axml:__init__:1805 - Found a header: <ARSCHeader idx='0x0008f56c' type='513' header_size='84' size='128'>
2026-01-03 17:15:11.918 | DEBUG    | androguard.core.axml:__init__:3125 - Skipping padding bytes!
2026-01-03 17:15:11.918 | DEBUG    | androguard.core.axml:__init__:2973 - Parsed <ARSCResType(start=0x8f574, id=0xe, flags=0x0, entryCount=1, entriesStart=0x58, mResId=0x7f0e0000, table:plurals)>
2026-01-03 17:15:11.918 | DEBUG    | androguard.core.axml:__init__:1833 - Config: <ARSCResTableConfig 'is'=(0, 29545, 0, 0, 0, 0, 0, 0, 0)>
2026-01-03 17:15:11.918 | DEBUG    | androguard.core.axml:__init__:1805 - Found a header: <ARSCHeader idx='0x0008f5ec' type='513' header_size='84' size='128'>
2026-01-03 17:15:11.918 | DEBUG    | androguard.core.axml:__init__:3125 - Skipping padding bytes!
2026-01-03 17:15:11.918 | DEBUG    | androguard.core.axml:__init__:2973 - Parsed <ARSCResType(start=0x8f5f4, id=0xe, flags=0x0, entryCount=1, entriesStart=0x58, mResId=0x7f0e0000, table:plurals)>
2026-01-03 17:15:11.918 | DEBUG    | androguard.core.axml:__init__:1833 - Config: <ARSCResTableConfig 'ms'=(0, 29549, 0, 0, 0, 0, 0, 0, 0)>
2026-01-03 17:15:11.918 | DEBUG    | androguard.core.axml:__init__:1805 - Found a header: <ARSCHeader idx='0x0008f66c' type='513' header_size='84' size='128'>
2026-01-03 17:15:11.918 | DEBUG    | androguard.core.axml:__init__:3125 - Skipping padding bytes!
2026-01-03 17:15:11.918 | DEBUG    | androguard.core.axml:__init__:2973 - Parsed <ARSCResType(start=0x8f674, id=0xe, flags=0x0, entryCount=1, entriesStart=0x58, mResId=0x7f0e0000, table:plurals)>
2026-01-03 17:15:11.918 | DEBUG    | androguard.core.axml:__init__:1833 - Config: <ARSCResTableConfig 'et'=(0, 29797, 0, 0, 0, 0, 0, 0, 0)>
2026-01-03 17:15:11.918 | DEBUG    | androguard.core.axml:__init__:1805 - Found a header: <ARSCHeader idx='0x0008f6ec' type='513' header_size='84' size='128'>
2026-01-03 17:15:11.918 | DEBUG    | androguard.core.axml:__init__:3125 - Skipping padding bytes!
2026-01-03 17:15:11.918 | DEBUG    | androguard.core.axml:__init__:2973 - Parsed <ARSCResType(start=0x8f6f4, id=0xe, flags=0x0, entryCount=1, entriesStart=0x58, mResId=0x7f0e0000, table:plurals)>
2026-01-03 17:15:11.918 | DEBUG    | androguard.core.axml:__init__:1833 - Config: <ARSCResTableConfig 'it'=(0, 29801, 0, 0, 0, 0, 0, 0, 0)>
2026-01-03 17:15:11.918 | DEBUG    | androguard.core.axml:__init__:1805 - Found a header: <ARSCHeader idx='0x0008f76c' type='513' header_size='84' size='152'>
2026-01-03 17:15:11.918 | DEBUG    | androguard.core.axml:__init__:3125 - Skipping padding bytes!
2026-01-03 17:15:11.918 | DEBUG    | androguard.core.axml:__init__:2973 - Parsed <ARSCResType(start=0x8f774, id=0xe, flags=0x0, entryCount=1, entriesStart=0x58, mResId=0x7f0e0000, table:plurals)>
2026-01-03 17:15:11.918 | DEBUG    | androguard.core.axml:__init__:1833 - Config: <ARSCResTableConfig 'lt'=(0, 29804, 0, 0, 0, 0, 0, 0, 0)>
2026-01-03 17:15:11.918 | DEBUG    | androguard.core.axml:__init__:1805 - Found a header: <ARSCHeader idx='0x0008f804' type='513' header_size='84' size='128'>
2026-01-03 17:15:11.918 | DEBUG    | androguard.core.axml:__init__:3125 - Skipping padding bytes!
2026-01-03 17:15:11.918 | DEBUG    | androguard.core.axml:__init__:2973 - Parsed <ARSCResType(start=0x8f80c, id=0xe, flags=0x0, entryCount=1, entriesStart=0x58, mResId=0x7f0e0000, table:plurals)>
2026-01-03 17:15:11.918 | DEBUG    | androguard.core.axml:__init__:1833 - Config: <ARSCResTableConfig 'eu'=(0, 30053, 0, 0, 0, 0, 0, 0, 0)>
2026-01-03 17:15:11.918 | DEBUG    | androguard.core.axml:__init__:1805 - Found a header: <ARSCHeader idx='0x0008f884' type='513' header_size='84' size='128'>
2026-01-03 17:15:11.954 | DEBUG    | androguard.core.axml:__init__:3125 - Skipping padding bytes!
2026-01-03 17:15:11.954 | DEBUG    | androguard.core.axml:__init__:2973 - Parsed <ARSCResType(start=0x8f88c, id=0xe, flags=0x0, entryCount=1, entriesStart=0x58, mResId=0x7f0e0000, table:plurals)>
2026-01-03 17:15:11.954 | DEBUG    | androguard.core.axml:__init__:1833 - Config: <ARSCResTableConfig 'gu'=(0, 30055, 0, 0, 0, 0, 0, 0, 0)>
2026-01-03 17:15:11.954 | DEBUG    | androguard.core.axml:__init__:1805 - Found a header: <ARSCHeader idx='0x0008f904' type='513' header_size='84' size='128'>
2026-01-03 17:15:11.954 | DEBUG    | androguard.core.axml:__init__:3125 - Skipping padding bytes!
2026-01-03 17:15:11.954 | DEBUG    | androguard.core.axml:__init__:2973 - Parsed <ARSCResType(start=0x8f90c, id=0xe, flags=0x0, entryCount=1, entriesStart=0x58, mResId=0x7f0e0000, table:plurals)>
2026-01-03 17:15:11.955 | DEBUG    | androguard.core.axml:__init__:1833 - Config: <ARSCResTableConfig 'hu'=(0, 30056, 0, 0, 0, 0, 0, 0, 0)>
2026-01-03 17:15:11.955 | DEBUG    | androguard.core.axml:__init__:1805 - Found a header: <ARSCHeader idx='0x0008f984' type='513' header_size='84' size='152'>
2026-01-03 17:15:11.955 | DEBUG    | androguard.core.axml:__init__:3125 - Skipping padding bytes!
2026-01-03 17:15:11.955 | DEBUG    | androguard.core.axml:__init__:2973 - Parsed <ARSCResType(start=0x8f98c, id=0xe, flags=0x0, entryCount=1, entriesStart=0x58, mResId=0x7f0e0000, table:plurals)>
2026-01-03 17:15:11.955 | DEBUG    | androguard.core.axml:__init__:1833 - Config: <ARSCResTableConfig 'ru'=(0, 30066, 0, 0, 0, 0, 0, 0, 0)>
2026-01-03 17:15:11.955 | DEBUG    | androguard.core.axml:__init__:1805 - Found a header: <ARSCHeader idx='0x0008fa1c' type='513' header_size='84' size='128'>
2026-01-03 17:15:11.955 | DEBUG    | androguard.core.axml:__init__:3125 - Skipping padding bytes!
2026-01-03 17:15:11.955 | DEBUG    | androguard.core.axml:__init__:2973 - Parsed <ARSCResType(start=0x8fa24, id=0xe, flags=0x0, entryCount=1, entriesStart=0x58, mResId=0x7f0e0000, table:plurals)>
2026-01-03 17:15:11.955 | DEBUG    | androguard.core.axml:__init__:1833 - Config: <ARSCResTableConfig 'zu'=(0, 30074, 0, 0, 0, 0, 0, 0, 0)>
2026-01-03 17:15:11.955 | DEBUG    | androguard.core.axml:__init__:1805 - Found a header: <ARSCHeader idx='0x0008fa9c' type='513' header_size='84' size='140'>
2026-01-03 17:15:11.955 | DEBUG    | androguard.core.axml:__init__:3125 - Skipping padding bytes!
2026-01-03 17:15:11.955 | DEBUG    | androguard.core.axml:__init__:2973 - Parsed <ARSCResType(start=0x8faa4, id=0xe, flags=0x0, entryCount=1, entriesStart=0x58, mResId=0x7f0e0000, table:plurals)>
2026-01-03 17:15:11.955 | DEBUG    | androguard.core.axml:__init__:1833 - Config: <ARSCResTableConfig 'lv'=(0, 30316, 0, 0, 0, 0, 0, 0, 0)>
2026-01-03 17:15:11.955 | DEBUG    | androguard.core.axml:__init__:1805 - Found a header: <ARSCHeader idx='0x0008fb28' type='513' header_size='84' size='128'>
2026-01-03 17:15:11.955 | DEBUG    | androguard.core.axml:__init__:3125 - Skipping padding bytes!
2026-01-03 17:15:11.955 | DEBUG    | androguard.core.axml:__init__:2973 - Parsed <ARSCResType(start=0x8fb30, id=0xe, flags=0x0, entryCount=1, entriesStart=0x58, mResId=0x7f0e0000, table:plurals)>
2026-01-03 17:15:11.955 | DEBUG    | androguard.core.axml:__init__:1833 - Config: <ARSCResTableConfig 'sv'=(0, 30323, 0, 0, 0, 0, 0, 0, 0)>
2026-01-03 17:15:11.955 | DEBUG    | androguard.core.axml:__init__:1805 - Found a header: <ARSCHeader idx='0x0008fba8' type='513' header_size='84' size='152'>
2026-01-03 17:15:11.955 | DEBUG    | androguard.core.axml:__init__:3125 - Skipping padding bytes!
2026-01-03 17:15:11.955 | DEBUG    | androguard.core.axml:__init__:2973 - Parsed <ARSCResType(start=0x8fbb0, id=0xe, flags=0x0, entryCount=1, entriesStart=0x58, mResId=0x7f0e0000, table:plurals)>
2026-01-03 17:15:11.955 | DEBUG    | androguard.core.axml:__init__:1833 - Config: <ARSCResTableConfig 'iw'=(0, 30569, 0, 0, 0, 0, 0, 0, 0)>
2026-01-03 17:15:11.955 | DEBUG    | androguard.core.axml:__init__:1805 - Found a header: <ARSCHeader idx='0x0008fc40' type='513' header_size='84' size='128'>
2026-01-03 17:15:11.955 | DEBUG    | androguard.core.axml:__init__:3125 - Skipping padding bytes!
2026-01-03 17:15:11.955 | DEBUG    | androguard.core.axml:__init__:2973 - Parsed <ARSCResType(start=0x8fc48, id=0xe, flags=0x0, entryCount=1, entriesStart=0x58, mResId=0x7f0e0000, table:plurals)>
2026-01-03 17:15:11.955 | DEBUG    | androguard.core.axml:__init__:1833 - Config: <ARSCResTableConfig 'sw'=(0, 30579, 0, 0, 0, 0, 0, 0, 0)>
2026-01-03 17:15:11.955 | DEBUG    | androguard.core.axml:__init__:1805 - Found a header: <ARSCHeader idx='0x0008fcc0' type='513' header_size='84' size='128'>
2026-01-03 17:15:11.955 | DEBUG    | androguard.core.axml:__init__:3125 - Skipping padding bytes!
2026-01-03 17:15:11.955 | DEBUG    | androguard.core.axml:__init__:2973 - Parsed <ARSCResType(start=0x8fcc8, id=0xe, flags=0x0, entryCount=1, entriesStart=0x58, mResId=0x7f0e0000, table:plurals)>
2026-01-03 17:15:11.955 | DEBUG    | androguard.core.axml:__init__:1833 - Config: <ARSCResTableConfig 'hy'=(0, 31080, 0, 0, 0, 0, 0, 0, 0)>
2026-01-03 17:15:11.955 | DEBUG    | androguard.core.axml:__init__:1805 - Found a header: <ARSCHeader idx='0x0008fd40' type='513' header_size='84' size='128'>
2026-01-03 17:15:11.955 | DEBUG    | androguard.core.axml:__init__:3125 - Skipping padding bytes!
2026-01-03 17:15:11.955 | DEBUG    | androguard.core.axml:__init__:2973 - Parsed <ARSCResType(start=0x8fd48, id=0xe, flags=0x0, entryCount=1, entriesStart=0x58, mResId=0x7f0e0000, table:plurals)>
2026-01-03 17:15:11.955 | DEBUG    | androguard.core.axml:__init__:1833 - Config: <ARSCResTableConfig 'ky'=(0, 31083, 0, 0, 0, 0, 0, 0, 0)>
2026-01-03 17:15:11.956 | DEBUG    | androguard.core.axml:__init__:1805 - Found a header: <ARSCHeader idx='0x0008fdc0' type='513' header_size='84' size='128'>
2026-01-03 17:15:11.956 | DEBUG    | androguard.core.axml:__init__:3125 - Skipping padding bytes!
2026-01-03 17:15:11.956 | DEBUG    | androguard.core.axml:__init__:2973 - Parsed <ARSCResType(start=0x8fdc8, id=0xe, flags=0x0, entryCount=1, entriesStart=0x58, mResId=0x7f0e0000, table:plurals)>
2026-01-03 17:15:11.956 | DEBUG    | androguard.core.axml:__init__:1833 - Config: <ARSCResTableConfig 'my'=(0, 31085, 0, 0, 0, 0, 0, 0, 0)>
2026-01-03 17:15:11.956 | DEBUG    | androguard.core.axml:__init__:1805 - Found a header: <ARSCHeader idx='0x0008fe40' type='513' header_size='84' size='128'>
2026-01-03 17:15:11.956 | DEBUG    | androguard.core.axml:__init__:3125 - Skipping padding bytes!
2026-01-03 17:15:11.956 | DEBUG    | androguard.core.axml:__init__:2973 - Parsed <ARSCResType(start=0x8fe48, id=0xe, flags=0x0, entryCount=1, entriesStart=0x58, mResId=0x7f0e0000, table:plurals)>
2026-01-03 17:15:11.956 | DEBUG    | androguard.core.axml:__init__:1833 - Config: <ARSCResTableConfig 'az'=(0, 31329, 0, 0, 0, 0, 0, 0, 0)>
2026-01-03 17:15:11.956 | DEBUG    | androguard.core.axml:__init__:1805 - Found a header: <ARSCHeader idx='0x0008fec0' type='513' header_size='84' size='128'>
2026-01-03 17:15:11.956 | DEBUG    | androguard.core.axml:__init__:3125 - Skipping padding bytes!
2026-01-03 17:15:11.956 | DEBUG    | androguard.core.axml:__init__:2973 - Parsed <ARSCResType(start=0x8fec8, id=0xe, flags=0x0, entryCount=1, entriesStart=0x58, mResId=0x7f0e0000, table:plurals)>
2026-01-03 17:15:11.956 | DEBUG    | androguard.core.axml:__init__:1833 - Config: <ARSCResTableConfig 'uz'=(0, 31349, 0, 0, 0, 0, 0, 0, 0)>
2026-01-03 17:15:11.956 | DEBUG    | androguard.core.axml:__init__:1805 - Found a header: <ARSCHeader idx='0x0008ff40' type='513' header_size='84' size='128'>
2026-01-03 17:15:11.956 | DEBUG    | androguard.core.axml:__init__:3125 - Skipping padding bytes!
2026-01-03 17:15:11.956 | DEBUG    | androguard.core.axml:__init__:2973 - Parsed <ARSCResType(start=0x8ff48, id=0xe, flags=0x0, entryCount=1, entriesStart=0x58, mResId=0x7f0e0000, table:plurals)>
2026-01-03 17:15:11.956 | DEBUG    | androguard.core.axml:__init__:1833 - Config: <ARSCResTableConfig 'es-r419'=(0, 614757221, 0, 0, 0, 0, 0, 0, 0)>
2026-01-03 17:15:11.956 | DEBUG    | androguard.core.axml:__init__:1805 - Found a header: <ARSCHeader idx='0x0008ffc0' type='513' header_size='84' size='128'>
2026-01-03 17:15:11.956 | DEBUG    | androguard.core.axml:__init__:3125 - Skipping padding bytes!
2026-01-03 17:15:11.956 | DEBUG    | androguard.core.axml:__init__:2973 - Parsed <ARSCResType(start=0x8ffc8, id=0xe, flags=0x0, entryCount=1, entriesStart=0x58, mResId=0x7f0e0000, table:plurals)>
2026-01-03 17:15:11.956 | DEBUG    | androguard.core.axml:__init__:1833 - Config: <ARSCResTableConfig 'fr-rCA'=(0, 1094939238, 0, 0, 0, 0, 0, 0, 0)>
2026-01-03 17:15:11.956 | DEBUG    | androguard.core.axml:__init__:1805 - Found a header: <ARSCHeader idx='0x00090040' type='513' header_size='84' size='128'>
2026-01-03 17:15:11.956 | DEBUG    | androguard.core.axml:__init__:3125 - Skipping padding bytes!
2026-01-03 17:15:11.956 | DEBUG    | androguard.core.axml:__init__:2973 - Parsed <ARSCResType(start=0x90048, id=0xe, flags=0x0, entryCount=1, entriesStart=0x58, mResId=0x7f0e0000, table:plurals)>
2026-01-03 17:15:11.956 | DEBUG    | androguard.core.axml:__init__:1833 - Config: <ARSCResTableConfig 'en-rGB'=(0, 1111977573, 0, 0, 0, 0, 0, 0, 0)>
2026-01-03 17:15:11.956 | DEBUG    | androguard.core.axml:__init__:1805 - Found a header: <ARSCHeader idx='0x000900c0' type='513' header_size='84' size='128'>
2026-01-03 17:15:11.956 | DEBUG    | androguard.core.axml:__init__:3125 - Skipping padding bytes!
2026-01-03 17:15:11.956 | DEBUG    | androguard.core.axml:__init__:2973 - Parsed <ARSCResType(start=0x900c8, id=0xe, flags=0x0, entryCount=1, entriesStart=0x58, mResId=0x7f0e0000, table:plurals)>
2026-01-03 17:15:11.956 | DEBUG    | androguard.core.axml:__init__:1833 - Config: <ARSCResTableConfig 'zh-rHK'=(0, 1263036538, 0, 0, 0, 0, 0, 0, 0)>
2026-01-03 17:15:11.956 | DEBUG    | androguard.core.axml:__init__:1805 - Found a header: <ARSCHeader idx='0x00090140' type='513' header_size='84' size='128'>
2026-01-03 17:15:11.956 | DEBUG    | androguard.core.axml:__init__:3125 - Skipping padding bytes!
2026-01-03 17:15:11.956 | DEBUG    | androguard.core.axml:__init__:2973 - Parsed <ARSCResType(start=0x90148, id=0xe, flags=0x0, entryCount=1, entriesStart=0x58, mResId=0x7f0e0000, table:plurals)>
2026-01-03 17:15:11.956 | DEBUG    | androguard.core.axml:__init__:1833 - Config: <ARSCResTableConfig 'zh-rCN'=(0, 1313040506, 0, 0, 0, 0, 0, 0, 0)>
2026-01-03 17:15:11.956 | DEBUG    | androguard.core.axml:__init__:1805 - Found a header: <ARSCHeader idx='0x000901c0' type='513' header_size='84' size='128'>
2026-01-03 17:15:11.957 | DEBUG    | androguard.core.axml:__init__:3125 - Skipping padding bytes!
2026-01-03 17:15:11.957 | DEBUG    | androguard.core.axml:__init__:2973 - Parsed <ARSCResType(start=0x901c8, id=0xe, flags=0x0, entryCount=1, entriesStart=0x58, mResId=0x7f0e0000, table:plurals)>
2026-01-03 17:15:11.957 | DEBUG    | androguard.core.axml:__init__:1833 - Config: <ARSCResTableConfig 'pt-rBR'=(0, 1380086896, 0, 0, 0, 0, 0, 0, 0)>
2026-01-03 17:15:11.957 | DEBUG    | androguard.core.axml:__init__:1805 - Found a header: <ARSCHeader idx='0x00090240' type='513' header_size='84' size='128'>
2026-01-03 17:15:11.957 | DEBUG    | androguard.core.axml:__init__:3125 - Skipping padding bytes!
2026-01-03 17:15:11.957 | DEBUG    | androguard.core.axml:__init__:2973 - Parsed <ARSCResType(start=0x90248, id=0xe, flags=0x0, entryCount=1, entriesStart=0x58, mResId=0x7f0e0000, table:plurals)>
2026-01-03 17:15:11.957 | DEBUG    | androguard.core.axml:__init__:1833 - Config: <ARSCResTableConfig 'es-rUS'=(0, 1398109029, 0, 0, 0, 0, 0, 0, 0)>
2026-01-03 17:15:11.957 | DEBUG    | androguard.core.axml:__init__:1805 - Found a header: <ARSCHeader idx='0x000902c0' type='513' header_size='84' size='128'>
2026-01-03 17:15:11.957 | DEBUG    | androguard.core.axml:__init__:3125 - Skipping padding bytes!
2026-01-03 17:15:11.957 | DEBUG    | androguard.core.axml:__init__:2973 - Parsed <ARSCResType(start=0x902c8, id=0xe, flags=0x0, entryCount=1, entriesStart=0x58, mResId=0x7f0e0000, table:plurals)>
2026-01-03 17:15:11.957 | DEBUG    | androguard.core.axml:__init__:1833 - Config: <ARSCResTableConfig 'pt-rPT'=(0, 1414558832, 0, 0, 0, 0, 0, 0, 0)>
2026-01-03 17:15:11.957 | DEBUG    | androguard.core.axml:__init__:1805 - Found a header: <ARSCHeader idx='0x00090340' type='513' header_size='84' size='128'>
2026-01-03 17:15:11.957 | DEBUG    | androguard.core.axml:__init__:3125 - Skipping padding bytes!
2026-01-03 17:15:11.957 | DEBUG    | androguard.core.axml:__init__:2973 - Parsed <ARSCResType(start=0x90348, id=0xe, flags=0x0, entryCount=1, entriesStart=0x58, mResId=0x7f0e0000, table:plurals)>
2026-01-03 17:15:11.957 | DEBUG    | androguard.core.axml:__init__:1833 - Config: <ARSCResTableConfig 'zh-rTW'=(0, 1465149562, 0, 0, 0, 0, 0, 0, 0)>
2026-01-03 17:15:11.957 | DEBUG    | androguard.core.axml:__init__:1805 - Found a header: <ARSCHeader idx='0x000903c0' type='514' header_size='16' size='636'>
2026-01-03 17:15:11.957 | DEBUG    | androguard.core.axml:__init__:1805 - Found a header: <ARSCHeader idx='0x0009063c' type='513' header_size='84' size='3184'>
2026-01-03 17:15:11.957 | DEBUG    | androguard.core.axml:__init__:3125 - Skipping padding bytes!
2026-01-03 17:15:11.957 | DEBUG    | androguard.core.axml:__init__:2973 - Parsed <ARSCResType(start=0x90644, id=0xf, flags=0x0, entryCount=155, entriesStart=0x2c0, mResId=0x7f0f0000, table:string)>
2026-01-03 17:15:11.957 | DEBUG    | androguard.core.axml:__init__:1833 - Config: <ARSCResTableConfig ''=(0, 0, 0, 0, 0, 0, 0, 0, 0)>
2026-01-03 17:15:11.958 | DEBUG    | androguard.core.axml:__init__:1805 - Found a header: <ARSCHeader idx='0x000912ac' type='513' header_size='84' size='2160'>
2026-01-03 17:15:11.958 | DEBUG    | androguard.core.axml:__init__:3125 - Skipping padding bytes!
2026-01-03 17:15:11.958 | DEBUG    | androguard.core.axml:__init__:2973 - Parsed <ARSCResType(start=0x912b4, id=0xf, flags=0x0, entryCount=155, entriesStart=0x2c0, mResId=0x7f0f0000, table:string)>
2026-01-03 17:15:11.958 | DEBUG    | androguard.core.axml:__init__:1833 - Config: <ARSCResTableConfig 'ca'=(0, 24931, 0, 0, 0, 0, 0, 0, 0)>
2026-01-03 17:15:11.958 | DEBUG    | androguard.core.axml:__init__:1805 - Found a header: <ARSCHeader idx='0x00091b1c' type='513' header_size='84' size='2160'>
2026-01-03 17:15:11.958 | DEBUG    | androguard.core.axml:__init__:3125 - Skipping padding bytes!
2026-01-03 17:15:11.958 | DEBUG    | androguard.core.axml:__init__:2973 - Parsed <ARSCResType(start=0x91b24, id=0xf, flags=0x0, entryCount=155, entriesStart=0x2c0, mResId=0x7f0f0000, table:string)>
2026-01-03 17:15:11.958 | DEBUG    | androguard.core.axml:__init__:1833 - Config: <ARSCResTableConfig 'da'=(0, 24932, 0, 0, 0, 0, 0, 0, 0)>
2026-01-03 17:15:11.958 | DEBUG    | androguard.core.axml:__init__:1805 - Found a header: <ARSCHeader idx='0x0009238c' type='513' header_size='84' size='2160'>
2026-01-03 17:15:11.959 | DEBUG    | androguard.core.axml:__init__:3125 - Skipping padding bytes!
2026-01-03 17:15:11.959 | DEBUG    | androguard.core.axml:__init__:2973 - Parsed <ARSCResType(start=0x92394, id=0xf, flags=0x0, entryCount=155, entriesStart=0x2c0, mResId=0x7f0f0000, table:string)>
2026-01-03 17:15:11.959 | DEBUG    | androguard.core.axml:__init__:1833 - Config: <ARSCResTableConfig 'fa'=(0, 24934, 0, 0, 0, 0, 0, 0, 0)>
2026-01-03 17:15:11.959 | DEBUG    | androguard.core.axml:__init__:1805 - Found a header: <ARSCHeader idx='0x00092bfc' type='513' header_size='84' size='2160'>
2026-01-03 17:15:11.959 | DEBUG    | androguard.core.axml:__init__:3125 - Skipping padding bytes!
2026-01-03 17:15:11.959 | DEBUG    | androguard.core.axml:__init__:2973 - Parsed <ARSCResType(start=0x92c04, id=0xf, flags=0x0, entryCount=155, entriesStart=0x2c0, mResId=0x7f0f0000, table:string)>
2026-01-03 17:15:11.959 | DEBUG    | androguard.core.axml:__init__:1833 - Config: <ARSCResTableConfig 'ja'=(0, 24938, 0, 0, 0, 0, 0, 0, 0)>
2026-01-03 17:15:11.959 | DEBUG    | androguard.core.axml:__init__:1805 - Found a header: <ARSCHeader idx='0x0009346c' type='513' header_size='84' size='2160'>
2026-01-03 17:15:11.959 | DEBUG    | androguard.core.axml:__init__:3125 - Skipping padding bytes!
2026-01-03 17:15:11.959 | DEBUG    | androguard.core.axml:__init__:2973 - Parsed <ARSCResType(start=0x93474, id=0xf, flags=0x0, entryCount=155, entriesStart=0x2c0, mResId=0x7f0f0000, table:string)>
2026-01-03 17:15:11.959 | DEBUG    | androguard.core.axml:__init__:1833 - Config: <ARSCResTableConfig 'ka'=(0, 24939, 0, 0, 0, 0, 0, 0, 0)>
2026-01-03 17:15:11.960 | DEBUG    | androguard.core.axml:__init__:1805 - Found a header: <ARSCHeader idx='0x00093cdc' type='513' header_size='84' size='2160'>
2026-01-03 17:15:11.960 | DEBUG    | androguard.core.axml:__init__:3125 - Skipping padding bytes!
2026-01-03 17:15:11.960 | DEBUG    | androguard.core.axml:__init__:2973 - Parsed <ARSCResType(start=0x93ce4, id=0xf, flags=0x0, entryCount=155, entriesStart=0x2c0, mResId=0x7f0f0000, table:string)>
2026-01-03 17:15:11.960 | DEBUG    | androguard.core.axml:__init__:1833 - Config: <ARSCResTableConfig 'pa'=(0, 24944, 0, 0, 0, 0, 0, 0, 0)>
2026-01-03 17:15:11.960 | DEBUG    | androguard.core.axml:__init__:1805 - Found a header: <ARSCHeader idx='0x0009454c' type='513' header_size='84' size='2160'>
2026-01-03 17:15:11.960 | DEBUG    | androguard.core.axml:__init__:3125 - Skipping padding bytes!
2026-01-03 17:15:11.960 | DEBUG    | androguard.core.axml:__init__:2973 - Parsed <ARSCResType(start=0x94554, id=0xf, flags=0x0, entryCount=155, entriesStart=0x2c0, mResId=0x7f0f0000, table:string)>
2026-01-03 17:15:11.960 | DEBUG    | androguard.core.axml:__init__:1833 - Config: <ARSCResTableConfig 'ta'=(0, 24948, 0, 0, 0, 0, 0, 0, 0)>
2026-01-03 17:15:11.960 | DEBUG    | androguard.core.axml:__init__:1805 - Found a header: <ARSCHeader idx='0x00094dbc' type='513' header_size='84' size='2160'>
2026-01-03 17:15:11.961 | DEBUG    | androguard.core.axml:__init__:3125 - Skipping padding bytes!
2026-01-03 17:15:11.961 | DEBUG    | androguard.core.axml:__init__:2973 - Parsed <ARSCResType(start=0x94dc4, id=0xf, flags=0x0, entryCount=155, entriesStart=0x2c0, mResId=0x7f0f0000, table:string)>
2026-01-03 17:15:11.961 | DEBUG    | androguard.core.axml:__init__:1833 - Config: <ARSCResTableConfig 'nb'=(0, 25198, 0, 0, 0, 0, 0, 0, 0)>
2026-01-03 17:15:11.961 | DEBUG    | androguard.core.axml:__init__:1805 - Found a header: <ARSCHeader idx='0x0009562c' type='513' header_size='84' size='2160'>
2026-01-03 17:15:11.961 | DEBUG    | androguard.core.axml:__init__:3125 - Skipping padding bytes!
2026-01-03 17:15:11.961 | DEBUG    | androguard.core.axml:__init__:2973 - Parsed <ARSCResType(start=0x95634, id=0xf, flags=0x0, entryCount=155, entriesStart=0x2c0, mResId=0x7f0f0000, table:string)>
2026-01-03 17:15:11.961 | DEBUG    | androguard.core.axml:__init__:1833 - Config: <ARSCResTableConfig 'be'=(0, 25954, 0, 0, 0, 0, 0, 0, 0)>
2026-01-03 17:15:11.961 | DEBUG    | androguard.core.axml:__init__:1805 - Found a header: <ARSCHeader idx='0x00095e9c' type='513' header_size='84' size='2160'>
2026-01-03 17:15:11.961 | DEBUG    | androguard.core.axml:__init__:3125 - Skipping padding bytes!
2026-01-03 17:15:11.961 | DEBUG    | androguard.core.axml:__init__:2973 - Parsed <ARSCResType(start=0x95ea4, id=0xf, flags=0x0, entryCount=155, entriesStart=0x2c0, mResId=0x7f0f0000, table:string)>
2026-01-03 17:15:11.961 | DEBUG    | androguard.core.axml:__init__:1833 - Config: <ARSCResTableConfig 'de'=(0, 25956, 0, 0, 0, 0, 0, 0, 0)>
2026-01-03 17:15:11.962 | DEBUG    | androguard.core.axml:__init__:1805 - Found a header: <ARSCHeader idx='0x0009670c' type='513' header_size='84' size='2160'>
2026-01-03 17:15:11.962 | DEBUG    | androguard.core.axml:__init__:3125 - Skipping padding bytes!
2026-01-03 17:15:11.962 | DEBUG    | androguard.core.axml:__init__:2973 - Parsed <ARSCResType(start=0x96714, id=0xf, flags=0x0, entryCount=155, entriesStart=0x2c0, mResId=0x7f0f0000, table:string)>
2026-01-03 17:15:11.962 | DEBUG    | androguard.core.axml:__init__:1833 - Config: <ARSCResTableConfig 'ne'=(0, 25966, 0, 0, 0, 0, 0, 0, 0)>
2026-01-03 17:15:11.962 | DEBUG    | androguard.core.axml:__init__:1805 - Found a header: <ARSCHeader idx='0x00096f7c' type='513' header_size='84' size='2160'>
2026-01-03 17:15:11.962 | DEBUG    | androguard.core.axml:__init__:3125 - Skipping padding bytes!
2026-01-03 17:15:11.962 | DEBUG    | androguard.core.axml:__init__:2973 - Parsed <ARSCResType(start=0x96f84, id=0xf, flags=0x0, entryCount=155, entriesStart=0x2c0, mResId=0x7f0f0000, table:string)>
2026-01-03 17:15:11.962 | DEBUG    | androguard.core.axml:__init__:1833 - Config: <ARSCResTableConfig 'te'=(0, 25972, 0, 0, 0, 0, 0, 0, 0)>
2026-01-03 17:15:11.962 | DEBUG    | androguard.core.axml:__init__:1805 - Found a header: <ARSCHeader idx='0x000977ec' type='513' header_size='84' size='2160'>
2026-01-03 17:15:11.962 | DEBUG    | androguard.core.axml:__init__:3125 - Skipping padding bytes!
2026-01-03 17:15:11.962 | DEBUG    | androguard.core.axml:__init__:2973 - Parsed <ARSCResType(start=0x977f4, id=0xf, flags=0x0, entryCount=155, entriesStart=0x2c0, mResId=0x7f0f0000, table:string)>
2026-01-03 17:15:11.962 | DEBUG    | androguard.core.axml:__init__:1833 - Config: <ARSCResTableConfig 'af'=(0, 26209, 0, 0, 0, 0, 0, 0, 0)>
2026-01-03 17:15:11.963 | DEBUG    | androguard.core.axml:__init__:1805 - Found a header: <ARSCHeader idx='0x0009805c' type='513' header_size='84' size='2160'>
2026-01-03 17:15:11.963 | DEBUG    | androguard.core.axml:__init__:3125 - Skipping padding bytes!
2026-01-03 17:15:11.963 | DEBUG    | androguard.core.axml:__init__:2973 - Parsed <ARSCResType(start=0x98064, id=0xf, flags=0x0, entryCount=155, entriesStart=0x2c0, mResId=0x7f0f0000, table:string)>
2026-01-03 17:15:11.963 | DEBUG    | androguard.core.axml:__init__:1833 - Config: <ARSCResTableConfig 'bg'=(0, 26466, 0, 0, 0, 0, 0, 0, 0)>
2026-01-03 17:15:11.963 | DEBUG    | androguard.core.axml:__init__:1805 - Found a header: <ARSCHeader idx='0x000988cc' type='513' header_size='84' size='2160'>
2026-01-03 17:15:11.963 | DEBUG    | androguard.core.axml:__init__:3125 - Skipping padding bytes!
2026-01-03 17:15:11.963 | DEBUG    | androguard.core.axml:__init__:2973 - Parsed <ARSCResType(start=0x988d4, id=0xf, flags=0x0, entryCount=155, entriesStart=0x2c0, mResId=0x7f0f0000, table:string)>
2026-01-03 17:15:11.963 | DEBUG    | androguard.core.axml:__init__:1833 - Config: <ARSCResTableConfig 'th'=(0, 26740, 0, 0, 0, 0, 0, 0, 0)>
2026-01-03 17:15:11.963 | DEBUG    | androguard.core.axml:__init__:1805 - Found a header: <ARSCHeader idx='0x0009913c' type='513' header_size='84' size='2160'>
2026-01-03 17:15:11.963 | DEBUG    | androguard.core.axml:__init__:3125 - Skipping padding bytes!
2026-01-03 17:15:11.963 | DEBUG    | androguard.core.axml:__init__:2973 - Parsed <ARSCResType(start=0x99144, id=0xf, flags=0x0, entryCount=155, entriesStart=0x2c0, mResId=0x7f0f0000, table:string)>
2026-01-03 17:15:11.963 | DEBUG    | androguard.core.axml:__init__:1833 - Config: <ARSCResTableConfig 'fi'=(0, 26982, 0, 0, 0, 0, 0, 0, 0)>
2026-01-03 17:15:11.964 | DEBUG    | androguard.core.axml:__init__:1805 - Found a header: <ARSCHeader idx='0x000999ac' type='513' header_size='84' size='2160'>
2026-01-03 17:15:11.964 | DEBUG    | androguard.core.axml:__init__:3125 - Skipping padding bytes!
2026-01-03 17:15:11.964 | DEBUG    | androguard.core.axml:__init__:2973 - Parsed <ARSCResType(start=0x999b4, id=0xf, flags=0x0, entryCount=155, entriesStart=0x2c0, mResId=0x7f0f0000, table:string)>
2026-01-03 17:15:11.964 | DEBUG    | androguard.core.axml:__init__:1833 - Config: <ARSCResTableConfig 'hi'=(0, 26984, 0, 0, 0, 0, 0, 0, 0)>
2026-01-03 17:15:11.964 | DEBUG    | androguard.core.axml:__init__:1805 - Found a header: <ARSCHeader idx='0x0009a21c' type='513' header_size='84' size='2160'>
2026-01-03 17:15:11.964 | DEBUG    | androguard.core.axml:__init__:3125 - Skipping padding bytes!
2026-01-03 17:15:11.965 | DEBUG    | androguard.core.axml:__init__:2973 - Parsed <ARSCResType(start=0x9a224, id=0xf, flags=0x0, entryCount=155, entriesStart=0x2c0, mResId=0x7f0f0000, table:string)>
2026-01-03 17:15:11.965 | DEBUG    | androguard.core.axml:__init__:1833 - Config: <ARSCResTableConfig 'si'=(0, 26995, 0, 0, 0, 0, 0, 0, 0)>
2026-01-03 17:15:11.965 | DEBUG    | androguard.core.axml:__init__:1805 - Found a header: <ARSCHeader idx='0x0009aa8c' type='513' header_size='84' size='2160'>
2026-01-03 17:15:11.965 | DEBUG    | androguard.core.axml:__init__:3125 - Skipping padding bytes!
2026-01-03 17:15:11.965 | DEBUG    | androguard.core.axml:__init__:2973 - Parsed <ARSCResType(start=0x9aa94, id=0xf, flags=0x0, entryCount=155, entriesStart=0x2c0, mResId=0x7f0f0000, table:string)>
2026-01-03 17:15:11.965 | DEBUG    | androguard.core.axml:__init__:1833 - Config: <ARSCResTableConfig 'vi'=(0, 26998, 0, 0, 0, 0, 0, 0, 0)>
2026-01-03 17:15:11.965 | DEBUG    | androguard.core.axml:__init__:1805 - Found a header: <ARSCHeader idx='0x0009b2fc' type='513' header_size='84' size='2160'>
2026-01-03 17:15:11.965 | DEBUG    | androguard.core.axml:__init__:3125 - Skipping padding bytes!
2026-01-03 17:15:11.965 | DEBUG    | androguard.core.axml:__init__:2973 - Parsed <ARSCResType(start=0x9b304, id=0xf, flags=0x0, entryCount=155, entriesStart=0x2c0, mResId=0x7f0f0000, table:string)>
2026-01-03 17:15:11.965 | DEBUG    | androguard.core.axml:__init__:1833 - Config: <ARSCResTableConfig 'kk'=(0, 27499, 0, 0, 0, 0, 0, 0, 0)>
2026-01-03 17:15:11.965 | DEBUG    | androguard.core.axml:__init__:1805 - Found a header: <ARSCHeader idx='0x0009bb6c' type='513' header_size='84' size='2160'>
2026-01-03 17:15:11.965 | DEBUG    | androguard.core.axml:__init__:3125 - Skipping padding bytes!
2026-01-03 17:15:11.966 | DEBUG    | androguard.core.axml:__init__:2973 - Parsed <ARSCResType(start=0x9bb74, id=0xf, flags=0x0, entryCount=155, entriesStart=0x2c0, mResId=0x7f0f0000, table:string)>
2026-01-03 17:15:11.966 | DEBUG    | androguard.core.axml:__init__:1833 - Config: <ARSCResTableConfig 'mk'=(0, 27501, 0, 0, 0, 0, 0, 0, 0)>
2026-01-03 17:15:11.966 | DEBUG    | androguard.core.axml:__init__:1805 - Found a header: <ARSCHeader idx='0x0009c3dc' type='513' header_size='84' size='2160'>
2026-01-03 17:15:11.966 | DEBUG    | androguard.core.axml:__init__:3125 - Skipping padding bytes!
2026-01-03 17:15:11.966 | DEBUG    | androguard.core.axml:__init__:2973 - Parsed <ARSCResType(start=0x9c3e4, id=0xf, flags=0x0, entryCount=155, entriesStart=0x2c0, mResId=0x7f0f0000, table:string)>
2026-01-03 17:15:11.966 | DEBUG    | androguard.core.axml:__init__:1833 - Config: <ARSCResTableConfig 'sk'=(0, 27507, 0, 0, 0, 0, 0, 0, 0)>
2026-01-03 17:15:11.966 | DEBUG    | androguard.core.axml:__init__:1805 - Found a header: <ARSCHeader idx='0x0009cc4c' type='513' header_size='84' size='2160'>
2026-01-03 17:15:11.966 | DEBUG    | androguard.core.axml:__init__:3125 - Skipping padding bytes!
2026-01-03 17:15:11.966 | DEBUG    | androguard.core.axml:__init__:2973 - Parsed <ARSCResType(start=0x9cc54, id=0xf, flags=0x0, entryCount=155, entriesStart=0x2c0, mResId=0x7f0f0000, table:string)>
2026-01-03 17:15:11.966 | DEBUG    | androguard.core.axml:__init__:1833 - Config: <ARSCResTableConfig 'uk'=(0, 27509, 0, 0, 0, 0, 0, 0, 0)>
2026-01-03 17:15:11.966 | DEBUG    | androguard.core.axml:__init__:1805 - Found a header: <ARSCHeader idx='0x0009d4bc' type='513' header_size='84' size='2160'>
2026-01-03 17:15:11.966 | DEBUG    | androguard.core.axml:__init__:3125 - Skipping padding bytes!
2026-01-03 17:15:11.966 | DEBUG    | androguard.core.axml:__init__:2973 - Parsed <ARSCResType(start=0x9d4c4, id=0xf, flags=0x0, entryCount=155, entriesStart=0x2c0, mResId=0x7f0f0000, table:string)>
2026-01-03 17:15:11.967 | DEBUG    | androguard.core.axml:__init__:1833 - Config: <ARSCResTableConfig 'el'=(0, 27749, 0, 0, 0, 0, 0, 0, 0)>
2026-01-03 17:15:11.967 | DEBUG    | androguard.core.axml:__init__:1805 - Found a header: <ARSCHeader idx='0x0009dd2c' type='513' header_size='84' size='2160'>
2026-01-03 17:15:11.967 | DEBUG    | androguard.core.axml:__init__:3125 - Skipping padding bytes!
2026-01-03 17:15:11.967 | DEBUG    | androguard.core.axml:__init__:2973 - Parsed <ARSCResType(start=0x9dd34, id=0xf, flags=0x0, entryCount=155, entriesStart=0x2c0, mResId=0x7f0f0000, table:string)>
2026-01-03 17:15:11.967 | DEBUG    | androguard.core.axml:__init__:1833 - Config: <ARSCResTableConfig 'gl'=(0, 27751, 0, 0, 0, 0, 0, 0, 0)>
2026-01-03 17:15:11.967 | DEBUG    | androguard.core.axml:__init__:1805 - Found a header: <ARSCHeader idx='0x0009e59c' type='513' header_size='84' size='2160'>
2026-01-03 17:15:11.967 | DEBUG    | androguard.core.axml:__init__:3125 - Skipping padding bytes!
2026-01-03 17:15:11.967 | DEBUG    | androguard.core.axml:__init__:2973 - Parsed <ARSCResType(start=0x9e5a4, id=0xf, flags=0x0, entryCount=155, entriesStart=0x2c0, mResId=0x7f0f0000, table:string)>
2026-01-03 17:15:11.967 | DEBUG    | androguard.core.axml:__init__:1833 - Config: <ARSCResTableConfig 'ml'=(0, 27757, 0, 0, 0, 0, 0, 0, 0)>
2026-01-03 17:15:11.967 | DEBUG    | androguard.core.axml:__init__:1805 - Found a header: <ARSCHeader idx='0x0009ee0c' type='513' header_size='84' size='2160'>
2026-01-03 17:15:11.967 | DEBUG    | androguard.core.axml:__init__:3125 - Skipping padding bytes!
2026-01-03 17:15:11.967 | DEBUG    | androguard.core.axml:__init__:2973 - Parsed <ARSCResType(start=0x9ee14, id=0xf, flags=0x0, entryCount=155, entriesStart=0x2c0, mResId=0x7f0f0000, table:string)>
2026-01-03 17:15:11.967 | DEBUG    | androguard.core.axml:__init__:1833 - Config: <ARSCResTableConfig 'nl'=(0, 27758, 0, 0, 0, 0, 0, 0, 0)>
2026-01-03 17:15:11.968 | DEBUG    | androguard.core.axml:__init__:1805 - Found a header: <ARSCHeader idx='0x0009f67c' type='513' header_size='84' size='2160'>
2026-01-03 17:15:11.968 | DEBUG    | androguard.core.axml:__init__:3125 - Skipping padding bytes!
2026-01-03 17:15:11.968 | DEBUG    | androguard.core.axml:__init__:2973 - Parsed <ARSCResType(start=0x9f684, id=0xf, flags=0x0, entryCount=155, entriesStart=0x2c0, mResId=0x7f0f0000, table:string)>
2026-01-03 17:15:11.968 | DEBUG    | androguard.core.axml:__init__:1833 - Config: <ARSCResTableConfig 'pl'=(0, 27760, 0, 0, 0, 0, 0, 0, 0)>
2026-01-03 17:15:11.968 | DEBUG    | androguard.core.axml:__init__:1805 - Found a header: <ARSCHeader idx='0x0009feec' type='513' header_size='84' size='2160'>
2026-01-03 17:15:11.968 | DEBUG    | androguard.core.axml:__init__:3125 - Skipping padding bytes!
2026-01-03 17:15:11.968 | DEBUG    | androguard.core.axml:__init__:2973 - Parsed <ARSCResType(start=0x9fef4, id=0xf, flags=0x0, entryCount=155, entriesStart=0x2c0, mResId=0x7f0f0000, table:string)>
2026-01-03 17:15:11.968 | DEBUG    | androguard.core.axml:__init__:1833 - Config: <ARSCResTableConfig 'sl'=(0, 27763, 0, 0, 0, 0, 0, 0, 0)>
2026-01-03 17:15:11.968 | DEBUG    | androguard.core.axml:__init__:1805 - Found a header: <ARSCHeader idx='0x000a075c' type='513' header_size='84' size='2160'>
2026-01-03 17:15:11.968 | DEBUG    | androguard.core.axml:__init__:3125 - Skipping padding bytes!
2026-01-03 17:15:11.968 | DEBUG    | androguard.core.axml:__init__:2973 - Parsed <ARSCResType(start=0xa0764, id=0xf, flags=0x0, entryCount=155, entriesStart=0x2c0, mResId=0x7f0f0000, table:string)>
2026-01-03 17:15:11.968 | DEBUG    | androguard.core.axml:__init__:1833 - Config: <ARSCResTableConfig 'tl'=(0, 27764, 0, 0, 0, 0, 0, 0, 0)>
2026-01-03 17:15:11.969 | DEBUG    | androguard.core.axml:__init__:1805 - Found a header: <ARSCHeader idx='0x000a0fcc' type='513' header_size='84' size='2160'>
2026-01-03 17:15:11.969 | DEBUG    | androguard.core.axml:__init__:3125 - Skipping padding bytes!
2026-01-03 17:15:11.969 | DEBUG    | androguard.core.axml:__init__:2973 - Parsed <ARSCResType(start=0xa0fd4, id=0xf, flags=0x0, entryCount=155, entriesStart=0x2c0, mResId=0x7f0f0000, table:string)>
2026-01-03 17:15:11.969 | DEBUG    | androguard.core.axml:__init__:1833 - Config: <ARSCResTableConfig 'am'=(0, 28001, 0, 0, 0, 0, 0, 0, 0)>
2026-01-03 17:15:11.969 | DEBUG    | androguard.core.axml:__init__:1805 - Found a header: <ARSCHeader idx='0x000a183c' type='513' header_size='84' size='2160'>
2026-01-03 17:15:11.969 | DEBUG    | androguard.core.axml:__init__:3125 - Skipping padding bytes!
2026-01-03 17:15:11.969 | DEBUG    | androguard.core.axml:__init__:2973 - Parsed <ARSCResType(start=0xa1844, id=0xf, flags=0x0, entryCount=155, entriesStart=0x2c0, mResId=0x7f0f0000, table:string)>
2026-01-03 17:15:11.969 | DEBUG    | androguard.core.axml:__init__:1833 - Config: <ARSCResTableConfig 'km'=(0, 28011, 0, 0, 0, 0, 0, 0, 0)>
2026-01-03 17:15:11.969 | DEBUG    | androguard.core.axml:__init__:1805 - Found a header: <ARSCHeader idx='0x000a20ac' type='513' header_size='84' size='2160'>
2026-01-03 17:15:11.969 | DEBUG    | androguard.core.axml:__init__:3125 - Skipping padding bytes!
2026-01-03 17:15:11.969 | DEBUG    | androguard.core.axml:__init__:2973 - Parsed <ARSCResType(start=0xa20b4, id=0xf, flags=0x0, entryCount=155, entriesStart=0x2c0, mResId=0x7f0f0000, table:string)>
2026-01-03 17:15:11.969 | DEBUG    | androguard.core.axml:__init__:1833 - Config: <ARSCResTableConfig 'bn'=(0, 28258, 0, 0, 0, 0, 0, 0, 0)>
2026-01-03 17:15:11.970 | DEBUG    | androguard.core.axml:__init__:1805 - Found a header: <ARSCHeader idx='0x000a291c' type='513' header_size='84' size='2160'>
2026-01-03 17:15:11.970 | DEBUG    | androguard.core.axml:__init__:3125 - Skipping padding bytes!
2026-01-03 17:15:11.970 | DEBUG    | androguard.core.axml:__init__:2973 - Parsed <ARSCResType(start=0xa2924, id=0xf, flags=0x0, entryCount=155, entriesStart=0x2c0, mResId=0x7f0f0000, table:string)>
2026-01-03 17:15:11.970 | DEBUG    | androguard.core.axml:__init__:1833 - Config: <ARSCResTableConfig 'in'=(0, 28265, 0, 0, 0, 0, 0, 0, 0)>
2026-01-03 17:15:11.970 | DEBUG    | androguard.core.axml:__init__:1805 - Found a header: <ARSCHeader idx='0x000a318c' type='513' header_size='84' size='2160'>
2026-01-03 17:15:11.970 | DEBUG    | androguard.core.axml:__init__:3125 - Skipping padding bytes!
2026-01-03 17:15:11.970 | DEBUG    | androguard.core.axml:__init__:2973 - Parsed <ARSCResType(start=0xa3194, id=0xf, flags=0x0, entryCount=155, entriesStart=0x2c0, mResId=0x7f0f0000, table:string)>
2026-01-03 17:15:11.970 | DEBUG    | androguard.core.axml:__init__:1833 - Config: <ARSCResTableConfig 'kn'=(0, 28267, 0, 0, 0, 0, 0, 0, 0)>
2026-01-03 17:15:11.971 | DEBUG    | androguard.core.axml:__init__:1805 - Found a header: <ARSCHeader idx='0x000a39fc' type='513' header_size='84' size='2160'>
2026-01-03 17:15:11.971 | DEBUG    | androguard.core.axml:__init__:3125 - Skipping padding bytes!
2026-01-03 17:15:11.971 | DEBUG    | androguard.core.axml:__init__:2973 - Parsed <ARSCResType(start=0xa3a04, id=0xf, flags=0x0, entryCount=155, entriesStart=0x2c0, mResId=0x7f0f0000, table:string)>
2026-01-03 17:15:11.971 | DEBUG    | androguard.core.axml:__init__:1833 - Config: <ARSCResTableConfig 'mn'=(0, 28269, 0, 0, 0, 0, 0, 0, 0)>
2026-01-03 17:15:11.971 | DEBUG    | androguard.core.axml:__init__:1805 - Found a header: <ARSCHeader idx='0x000a426c' type='513' header_size='84' size='2160'>
2026-01-03 17:15:11.971 | DEBUG    | androguard.core.axml:__init__:3125 - Skipping padding bytes!
2026-01-03 17:15:11.971 | DEBUG    | androguard.core.axml:__init__:2973 - Parsed <ARSCResType(start=0xa4274, id=0xf, flags=0x0, entryCount=155, entriesStart=0x2c0, mResId=0x7f0f0000, table:string)>
2026-01-03 17:15:11.971 | DEBUG    | androguard.core.axml:__init__:1833 - Config: <ARSCResTableConfig 'ko'=(0, 28523, 0, 0, 0, 0, 0, 0, 0)>
2026-01-03 17:15:11.971 | DEBUG    | androguard.core.axml:__init__:1805 - Found a header: <ARSCHeader idx='0x000a4adc' type='513' header_size='84' size='2160'>
2026-01-03 17:15:11.971 | DEBUG    | androguard.core.axml:__init__:3125 - Skipping padding bytes!
2026-01-03 17:15:11.971 | DEBUG    | androguard.core.axml:__init__:2973 - Parsed <ARSCResType(start=0xa4ae4, id=0xf, flags=0x0, entryCount=155, entriesStart=0x2c0, mResId=0x7f0f0000, table:string)>
2026-01-03 17:15:11.971 | DEBUG    | androguard.core.axml:__init__:1833 - Config: <ARSCResTableConfig 'lo'=(0, 28524, 0, 0, 0, 0, 0, 0, 0)>
2026-01-03 17:15:11.972 | DEBUG    | androguard.core.axml:__init__:1805 - Found a header: <ARSCHeader idx='0x000a534c' type='513' header_size='84' size='2160'>
2026-01-03 17:15:11.972 | DEBUG    | androguard.core.axml:__init__:3125 - Skipping padding bytes!
2026-01-03 17:15:11.972 | DEBUG    | androguard.core.axml:__init__:2973 - Parsed <ARSCResType(start=0xa5354, id=0xf, flags=0x0, entryCount=155, entriesStart=0x2c0, mResId=0x7f0f0000, table:string)>
2026-01-03 17:15:11.972 | DEBUG    | androguard.core.axml:__init__:1833 - Config: <ARSCResTableConfig 'ro'=(0, 28530, 0, 0, 0, 0, 0, 0, 0)>
2026-01-03 17:15:11.972 | DEBUG    | androguard.core.axml:__init__:1805 - Found a header: <ARSCHeader idx='0x000a5bbc' type='513' header_size='84' size='2160'>
2026-01-03 17:15:11.972 | DEBUG    | androguard.core.axml:__init__:3125 - Skipping padding bytes!
2026-01-03 17:15:11.972 | DEBUG    | androguard.core.axml:__init__:2973 - Parsed <ARSCResType(start=0xa5bc4, id=0xf, flags=0x0, entryCount=155, entriesStart=0x2c0, mResId=0x7f0f0000, table:string)>
2026-01-03 17:15:11.972 | DEBUG    | androguard.core.axml:__init__:1833 - Config: <ARSCResTableConfig 'sq'=(0, 29043, 0, 0, 0, 0, 0, 0, 0)>
2026-01-03 17:15:11.972 | DEBUG    | androguard.core.axml:__init__:1805 - Found a header: <ARSCHeader idx='0x000a642c' type='513' header_size='84' size='2160'>
2026-01-03 17:15:11.972 | DEBUG    | androguard.core.axml:__init__:3125 - Skipping padding bytes!
2026-01-03 17:15:11.972 | DEBUG    | androguard.core.axml:__init__:2973 - Parsed <ARSCResType(start=0xa6434, id=0xf, flags=0x0, entryCount=155, entriesStart=0x2c0, mResId=0x7f0f0000, table:string)>
2026-01-03 17:15:11.972 | DEBUG    | androguard.core.axml:__init__:1833 - Config: <ARSCResTableConfig 'ar'=(0, 29281, 0, 0, 0, 0, 0, 0, 0)>
2026-01-03 17:15:11.973 | DEBUG    | androguard.core.axml:__init__:1805 - Found a header: <ARSCHeader idx='0x000a6c9c' type='513' header_size='84' size='2160'>
2026-01-03 17:15:11.973 | DEBUG    | androguard.core.axml:__init__:3125 - Skipping padding bytes!
2026-01-03 17:15:11.973 | DEBUG    | androguard.core.axml:__init__:2973 - Parsed <ARSCResType(start=0xa6ca4, id=0xf, flags=0x0, entryCount=155, entriesStart=0x2c0, mResId=0x7f0f0000, table:string)>
2026-01-03 17:15:11.973 | DEBUG    | androguard.core.axml:__init__:1833 - Config: <ARSCResTableConfig 'fr'=(0, 29286, 0, 0, 0, 0, 0, 0, 0)>
2026-01-03 17:15:11.973 | DEBUG    | androguard.core.axml:__init__:1805 - Found a header: <ARSCHeader idx='0x000a750c' type='513' header_size='84' size='2160'>
2026-01-03 17:15:11.973 | DEBUG    | androguard.core.axml:__init__:3125 - Skipping padding bytes!
2026-01-03 17:15:11.973 | DEBUG    | androguard.core.axml:__init__:2973 - Parsed <ARSCResType(start=0xa7514, id=0xf, flags=0x0, entryCount=155, entriesStart=0x2c0, mResId=0x7f0f0000, table:string)>
2026-01-03 17:15:11.973 | DEBUG    | androguard.core.axml:__init__:1833 - Config: <ARSCResTableConfig 'hr'=(0, 29288, 0, 0, 0, 0, 0, 0, 0)>
2026-01-03 17:15:11.973 | DEBUG    | androguard.core.axml:__init__:1805 - Found a header: <ARSCHeader idx='0x000a7d7c' type='513' header_size='84' size='2160'>
2026-01-03 17:15:11.973 | DEBUG    | androguard.core.axml:__init__:3125 - Skipping padding bytes!
2026-01-03 17:15:11.973 | DEBUG    | androguard.core.axml:__init__:2973 - Parsed <ARSCResType(start=0xa7d84, id=0xf, flags=0x0, entryCount=155, entriesStart=0x2c0, mResId=0x7f0f0000, table:string)>
2026-01-03 17:15:11.973 | DEBUG    | androguard.core.axml:__init__:1833 - Config: <ARSCResTableConfig 'mr'=(0, 29293, 0, 0, 0, 0, 0, 0, 0)>
2026-01-03 17:15:11.974 | DEBUG    | androguard.core.axml:__init__:1805 - Found a header: <ARSCHeader idx='0x000a85ec' type='513' header_size='84' size='2160'>
2026-01-03 17:15:11.974 | DEBUG    | androguard.core.axml:__init__:3125 - Skipping padding bytes!
2026-01-03 17:15:11.974 | DEBUG    | androguard.core.axml:__init__:2973 - Parsed <ARSCResType(start=0xa85f4, id=0xf, flags=0x0, entryCount=155, entriesStart=0x2c0, mResId=0x7f0f0000, table:string)>
2026-01-03 17:15:11.974 | DEBUG    | androguard.core.axml:__init__:1833 - Config: <ARSCResTableConfig 'or'=(0, 29295, 0, 0, 0, 0, 0, 0, 0)>
2026-01-03 17:15:11.974 | DEBUG    | androguard.core.axml:__init__:1805 - Found a header: <ARSCHeader idx='0x000a8e5c' type='513' header_size='84' size='2160'>
2026-01-03 17:15:11.974 | DEBUG    | androguard.core.axml:__init__:3125 - Skipping padding bytes!
2026-01-03 17:15:11.974 | DEBUG    | androguard.core.axml:__init__:2973 - Parsed <ARSCResType(start=0xa8e64, id=0xf, flags=0x0, entryCount=155, entriesStart=0x2c0, mResId=0x7f0f0000, table:string)>
2026-01-03 17:15:11.974 | DEBUG    | androguard.core.axml:__init__:1833 - Config: <ARSCResTableConfig 'sr'=(0, 29299, 0, 0, 0, 0, 0, 0, 0)>
2026-01-03 17:15:11.974 | DEBUG    | androguard.core.axml:__init__:1805 - Found a header: <ARSCHeader idx='0x000a96cc' type='513' header_size='84' size='2160'>
2026-01-03 17:15:11.974 | DEBUG    | androguard.core.axml:__init__:3125 - Skipping padding bytes!
2026-01-03 17:15:11.974 | DEBUG    | androguard.core.axml:__init__:2973 - Parsed <ARSCResType(start=0xa96d4, id=0xf, flags=0x0, entryCount=155, entriesStart=0x2c0, mResId=0x7f0f0000, table:string)>
2026-01-03 17:15:11.974 | DEBUG    | androguard.core.axml:__init__:1833 - Config: <ARSCResTableConfig 'sr'=(0, 29299, 0, 0, 0, 0, 0, 0, 0)>
2026-01-03 17:15:11.975 | DEBUG    | androguard.core.axml:__init__:1805 - Found a header: <ARSCHeader idx='0x000a9f3c' type='513' header_size='84' size='2160'>
2026-01-03 17:15:11.975 | DEBUG    | androguard.core.axml:__init__:3125 - Skipping padding bytes!
2026-01-03 17:15:11.975 | DEBUG    | androguard.core.axml:__init__:2973 - Parsed <ARSCResType(start=0xa9f44, id=0xf, flags=0x0, entryCount=155, entriesStart=0x2c0, mResId=0x7f0f0000, table:string)>
2026-01-03 17:15:11.975 | DEBUG    | androguard.core.axml:__init__:1833 - Config: <ARSCResTableConfig 'tr'=(0, 29300, 0, 0, 0, 0, 0, 0, 0)>
2026-01-03 17:15:11.975 | DEBUG    | androguard.core.axml:__init__:1805 - Found a header: <ARSCHeader idx='0x000aa7ac' type='513' header_size='84' size='2160'>
2026-01-03 17:15:11.975 | DEBUG    | androguard.core.axml:__init__:3125 - Skipping padding bytes!
2026-01-03 17:15:11.975 | DEBUG    | androguard.core.axml:__init__:2973 - Parsed <ARSCResType(start=0xaa7b4, id=0xf, flags=0x0, entryCount=155, entriesStart=0x2c0, mResId=0x7f0f0000, table:string)>
2026-01-03 17:15:11.975 | DEBUG    | androguard.core.axml:__init__:1833 - Config: <ARSCResTableConfig 'ur'=(0, 29301, 0, 0, 0, 0, 0, 0, 0)>
2026-01-03 17:15:11.975 | DEBUG    | androguard.core.axml:__init__:1805 - Found a header: <ARSCHeader idx='0x000ab01c' type='513' header_size='84' size='2160'>
2026-01-03 17:15:11.975 | DEBUG    | androguard.core.axml:__init__:3125 - Skipping padding bytes!
2026-01-03 17:15:11.975 | DEBUG    | androguard.core.axml:__init__:2973 - Parsed <ARSCResType(start=0xab024, id=0xf, flags=0x0, entryCount=155, entriesStart=0x2c0, mResId=0x7f0f0000, table:string)>
2026-01-03 17:15:11.975 | DEBUG    | androguard.core.axml:__init__:1833 - Config: <ARSCResTableConfig 'as'=(0, 29537, 0, 0, 0, 0, 0, 0, 0)>
2026-01-03 17:15:11.975 | DEBUG    | androguard.core.axml:__init__:1805 - Found a header: <ARSCHeader idx='0x000ab88c' type='513' header_size='84' size='2160'>
2026-01-03 17:15:11.976 | DEBUG    | androguard.core.axml:__init__:3125 - Skipping padding bytes!
2026-01-03 17:15:11.976 | DEBUG    | androguard.core.axml:__init__:2973 - Parsed <ARSCResType(start=0xab894, id=0xf, flags=0x0, entryCount=155, entriesStart=0x2c0, mResId=0x7f0f0000, table:string)>
2026-01-03 17:15:11.976 | DEBUG    | androguard.core.axml:__init__:1833 - Config: <ARSCResTableConfig 'bs'=(0, 29538, 0, 0, 0, 0, 0, 0, 0)>
2026-01-03 17:15:11.976 | DEBUG    | androguard.core.axml:__init__:1805 - Found a header: <ARSCHeader idx='0x000ac0fc' type='513' header_size='84' size='2160'>
2026-01-03 17:15:11.976 | DEBUG    | androguard.core.axml:__init__:3125 - Skipping padding bytes!
2026-01-03 17:15:11.976 | DEBUG    | androguard.core.axml:__init__:2973 - Parsed <ARSCResType(start=0xac104, id=0xf, flags=0x0, entryCount=155, entriesStart=0x2c0, mResId=0x7f0f0000, table:string)>
2026-01-03 17:15:11.976 | DEBUG    | androguard.core.axml:__init__:1833 - Config: <ARSCResTableConfig 'cs'=(0, 29539, 0, 0, 0, 0, 0, 0, 0)>
2026-01-03 17:15:11.976 | DEBUG    | androguard.core.axml:__init__:1805 - Found a header: <ARSCHeader idx='0x000ac96c' type='513' header_size='84' size='2160'>
2026-01-03 17:15:11.976 | DEBUG    | androguard.core.axml:__init__:3125 - Skipping padding bytes!
2026-01-03 17:15:11.976 | DEBUG    | androguard.core.axml:__init__:2973 - Parsed <ARSCResType(start=0xac974, id=0xf, flags=0x0, entryCount=155, entriesStart=0x2c0, mResId=0x7f0f0000, table:string)>
2026-01-03 17:15:11.976 | DEBUG    | androguard.core.axml:__init__:1833 - Config: <ARSCResTableConfig 'es'=(0, 29541, 0, 0, 0, 0, 0, 0, 0)>
2026-01-03 17:15:11.977 | DEBUG    | androguard.core.axml:__init__:1805 - Found a header: <ARSCHeader idx='0x000ad1dc' type='513' header_size='84' size='2160'>
2026-01-03 17:15:11.977 | DEBUG    | androguard.core.axml:__init__:3125 - Skipping padding bytes!
2026-01-03 17:15:11.977 | DEBUG    | androguard.core.axml:__init__:2973 - Parsed <ARSCResType(start=0xad1e4, id=0xf, flags=0x0, entryCount=155, entriesStart=0x2c0, mResId=0x7f0f0000, table:string)>
2026-01-03 17:15:11.977 | DEBUG    | androguard.core.axml:__init__:1833 - Config: <ARSCResTableConfig 'is'=(0, 29545, 0, 0, 0, 0, 0, 0, 0)>
2026-01-03 17:15:11.977 | DEBUG    | androguard.core.axml:__init__:1805 - Found a header: <ARSCHeader idx='0x000ada4c' type='513' header_size='84' size='2160'>
2026-01-03 17:15:11.977 | DEBUG    | androguard.core.axml:__init__:3125 - Skipping padding bytes!
2026-01-03 17:15:11.977 | DEBUG    | androguard.core.axml:__init__:2973 - Parsed <ARSCResType(start=0xada54, id=0xf, flags=0x0, entryCount=155, entriesStart=0x2c0, mResId=0x7f0f0000, table:string)>
2026-01-03 17:15:11.977 | DEBUG    | androguard.core.axml:__init__:1833 - Config: <ARSCResTableConfig 'ms'=(0, 29549, 0, 0, 0, 0, 0, 0, 0)>
2026-01-03 17:15:11.977 | DEBUG    | androguard.core.axml:__init__:1805 - Found a header: <ARSCHeader idx='0x000ae2bc' type='513' header_size='84' size='2160'>
2026-01-03 17:15:11.977 | DEBUG    | androguard.core.axml:__init__:3125 - Skipping padding bytes!
2026-01-03 17:15:11.977 | DEBUG    | androguard.core.axml:__init__:2973 - Parsed <ARSCResType(start=0xae2c4, id=0xf, flags=0x0, entryCount=155, entriesStart=0x2c0, mResId=0x7f0f0000, table:string)>
2026-01-03 17:15:11.977 | DEBUG    | androguard.core.axml:__init__:1833 - Config: <ARSCResTableConfig 'et'=(0, 29797, 0, 0, 0, 0, 0, 0, 0)>
2026-01-03 17:15:11.978 | DEBUG    | androguard.core.axml:__init__:1805 - Found a header: <ARSCHeader idx='0x000aeb2c' type='513' header_size='84' size='2160'>
2026-01-03 17:15:11.978 | DEBUG    | androguard.core.axml:__init__:3125 - Skipping padding bytes!
2026-01-03 17:15:11.978 | DEBUG    | androguard.core.axml:__init__:2973 - Parsed <ARSCResType(start=0xaeb34, id=0xf, flags=0x0, entryCount=155, entriesStart=0x2c0, mResId=0x7f0f0000, table:string)>
2026-01-03 17:15:11.978 | DEBUG    | androguard.core.axml:__init__:1833 - Config: <ARSCResTableConfig 'it'=(0, 29801, 0, 0, 0, 0, 0, 0, 0)>
2026-01-03 17:15:11.978 | DEBUG    | androguard.core.axml:__init__:1805 - Found a header: <ARSCHeader idx='0x000af39c' type='513' header_size='84' size='2160'>
2026-01-03 17:15:11.978 | DEBUG    | androguard.core.axml:__init__:3125 - Skipping padding bytes!
2026-01-03 17:15:11.978 | DEBUG    | androguard.core.axml:__init__:2973 - Parsed <ARSCResType(start=0xaf3a4, id=0xf, flags=0x0, entryCount=155, entriesStart=0x2c0, mResId=0x7f0f0000, table:string)>
2026-01-03 17:15:11.978 | DEBUG    | androguard.core.axml:__init__:1833 - Config: <ARSCResTableConfig 'lt'=(0, 29804, 0, 0, 0, 0, 0, 0, 0)>
2026-01-03 17:15:11.978 | DEBUG    | androguard.core.axml:__init__:1805 - Found a header: <ARSCHeader idx='0x000afc0c' type='513' header_size='84' size='1168'>
2026-01-03 17:15:11.978 | DEBUG    | androguard.core.axml:__init__:3125 - Skipping padding bytes!
2026-01-03 17:15:11.978 | DEBUG    | androguard.core.axml:__init__:2973 - Parsed <ARSCResType(start=0xafc14, id=0xf, flags=0x0, entryCount=155, entriesStart=0x2c0, mResId=0x7f0f0000, table:string)>
2026-01-03 17:15:11.978 | DEBUG    | androguard.core.axml:__init__:1833 - Config: <ARSCResTableConfig 'pt'=(0, 29808, 0, 0, 0, 0, 0, 0, 0)>
2026-01-03 17:15:11.979 | DEBUG    | androguard.core.axml:__init__:1805 - Found a header: <ARSCHeader idx='0x000b009c' type='513' header_size='84' size='2160'>
2026-01-03 17:15:11.979 | DEBUG    | androguard.core.axml:__init__:3125 - Skipping padding bytes!
2026-01-03 17:15:11.979 | DEBUG    | androguard.core.axml:__init__:2973 - Parsed <ARSCResType(start=0xb00a4, id=0xf, flags=0x0, entryCount=155, entriesStart=0x2c0, mResId=0x7f0f0000, table:string)>
2026-01-03 17:15:11.979 | DEBUG    | androguard.core.axml:__init__:1833 - Config: <ARSCResTableConfig 'eu'=(0, 30053, 0, 0, 0, 0, 0, 0, 0)>
2026-01-03 17:15:11.979 | DEBUG    | androguard.core.axml:__init__:1805 - Found a header: <ARSCHeader idx='0x000b090c' type='513' header_size='84' size='2160'>
2026-01-03 17:15:11.979 | DEBUG    | androguard.core.axml:__init__:3125 - Skipping padding bytes!
2026-01-03 17:15:11.979 | DEBUG    | androguard.core.axml:__init__:2973 - Parsed <ARSCResType(start=0xb0914, id=0xf, flags=0x0, entryCount=155, entriesStart=0x2c0, mResId=0x7f0f0000, table:string)>
2026-01-03 17:15:11.979 | DEBUG    | androguard.core.axml:__init__:1833 - Config: <ARSCResTableConfig 'gu'=(0, 30055, 0, 0, 0, 0, 0, 0, 0)>
2026-01-03 17:15:11.979 | DEBUG    | androguard.core.axml:__init__:1805 - Found a header: <ARSCHeader idx='0x000b117c' type='513' header_size='84' size='2160'>
2026-01-03 17:15:11.979 | DEBUG    | androguard.core.axml:__init__:3125 - Skipping padding bytes!
2026-01-03 17:15:11.979 | DEBUG    | androguard.core.axml:__init__:2973 - Parsed <ARSCResType(start=0xb1184, id=0xf, flags=0x0, entryCount=155, entriesStart=0x2c0, mResId=0x7f0f0000, table:string)>
2026-01-03 17:15:11.979 | DEBUG    | androguard.core.axml:__init__:1833 - Config: <ARSCResTableConfig 'hu'=(0, 30056, 0, 0, 0, 0, 0, 0, 0)>
2026-01-03 17:15:11.979 | DEBUG    | androguard.core.axml:__init__:1805 - Found a header: <ARSCHeader idx='0x000b19ec' type='513' header_size='84' size='2160'>
2026-01-03 17:15:11.979 | DEBUG    | androguard.core.axml:__init__:3125 - Skipping padding bytes!
2026-01-03 17:15:11.979 | DEBUG    | androguard.core.axml:__init__:2973 - Parsed <ARSCResType(start=0xb19f4, id=0xf, flags=0x0, entryCount=155, entriesStart=0x2c0, mResId=0x7f0f0000, table:string)>
2026-01-03 17:15:11.979 | DEBUG    | androguard.core.axml:__init__:1833 - Config: <ARSCResTableConfig 'ru'=(0, 30066, 0, 0, 0, 0, 0, 0, 0)>
2026-01-03 17:15:11.980 | DEBUG    | androguard.core.axml:__init__:1805 - Found a header: <ARSCHeader idx='0x000b225c' type='513' header_size='84' size='2160'>
2026-01-03 17:15:11.980 | DEBUG    | androguard.core.axml:__init__:3125 - Skipping padding bytes!
2026-01-03 17:15:11.980 | DEBUG    | androguard.core.axml:__init__:2973 - Parsed <ARSCResType(start=0xb2264, id=0xf, flags=0x0, entryCount=155, entriesStart=0x2c0, mResId=0x7f0f0000, table:string)>
2026-01-03 17:15:11.980 | DEBUG    | androguard.core.axml:__init__:1833 - Config: <ARSCResTableConfig 'zu'=(0, 30074, 0, 0, 0, 0, 0, 0, 0)>
2026-01-03 17:15:11.980 | DEBUG    | androguard.core.axml:__init__:1805 - Found a header: <ARSCHeader idx='0x000b2acc' type='513' header_size='84' size='2160'>
2026-01-03 17:15:11.980 | DEBUG    | androguard.core.axml:__init__:3125 - Skipping padding bytes!
2026-01-03 17:15:11.980 | DEBUG    | androguard.core.axml:__init__:2973 - Parsed <ARSCResType(start=0xb2ad4, id=0xf, flags=0x0, entryCount=155, entriesStart=0x2c0, mResId=0x7f0f0000, table:string)>
2026-01-03 17:15:11.980 | DEBUG    | androguard.core.axml:__init__:1833 - Config: <ARSCResTableConfig 'lv'=(0, 30316, 0, 0, 0, 0, 0, 0, 0)>
2026-01-03 17:15:11.980 | DEBUG    | androguard.core.axml:__init__:1805 - Found a header: <ARSCHeader idx='0x000b333c' type='513' header_size='84' size='2160'>
2026-01-03 17:15:11.980 | DEBUG    | androguard.core.axml:__init__:3125 - Skipping padding bytes!
2026-01-03 17:15:11.980 | DEBUG    | androguard.core.axml:__init__:2973 - Parsed <ARSCResType(start=0xb3344, id=0xf, flags=0x0, entryCount=155, entriesStart=0x2c0, mResId=0x7f0f0000, table:string)>
2026-01-03 17:15:11.980 | DEBUG    | androguard.core.axml:__init__:1833 - Config: <ARSCResTableConfig 'sv'=(0, 30323, 0, 0, 0, 0, 0, 0, 0)>
2026-01-03 17:15:11.981 | DEBUG    | androguard.core.axml:__init__:1805 - Found a header: <ARSCHeader idx='0x000b3bac' type='513' header_size='84' size='2160'>
2026-01-03 17:15:11.981 | DEBUG    | androguard.core.axml:__init__:3125 - Skipping padding bytes!
2026-01-03 17:15:11.981 | DEBUG    | androguard.core.axml:__init__:2973 - Parsed <ARSCResType(start=0xb3bb4, id=0xf, flags=0x0, entryCount=155, entriesStart=0x2c0, mResId=0x7f0f0000, table:string)>
2026-01-03 17:15:11.981 | DEBUG    | androguard.core.axml:__init__:1833 - Config: <ARSCResTableConfig 'iw'=(0, 30569, 0, 0, 0, 0, 0, 0, 0)>
2026-01-03 17:15:11.981 | DEBUG    | androguard.core.axml:__init__:1805 - Found a header: <ARSCHeader idx='0x000b441c' type='513' header_size='84' size='2160'>
2026-01-03 17:15:11.981 | DEBUG    | androguard.core.axml:__init__:3125 - Skipping padding bytes!
2026-01-03 17:15:11.981 | DEBUG    | androguard.core.axml:__init__:2973 - Parsed <ARSCResType(start=0xb4424, id=0xf, flags=0x0, entryCount=155, entriesStart=0x2c0, mResId=0x7f0f0000, table:string)>
2026-01-03 17:15:11.981 | DEBUG    | androguard.core.axml:__init__:1833 - Config: <ARSCResTableConfig 'sw'=(0, 30579, 0, 0, 0, 0, 0, 0, 0)>
2026-01-03 17:15:11.981 | DEBUG    | androguard.core.axml:__init__:1805 - Found a header: <ARSCHeader idx='0x000b4c8c' type='513' header_size='84' size='2160'>
2026-01-03 17:15:11.981 | DEBUG    | androguard.core.axml:__init__:3125 - Skipping padding bytes!
2026-01-03 17:15:11.981 | DEBUG    | androguard.core.axml:__init__:2973 - Parsed <ARSCResType(start=0xb4c94, id=0xf, flags=0x0, entryCount=155, entriesStart=0x2c0, mResId=0x7f0f0000, table:string)>
2026-01-03 17:15:11.981 | DEBUG    | androguard.core.axml:__init__:1833 - Config: <ARSCResTableConfig 'hy'=(0, 31080, 0, 0, 0, 0, 0, 0, 0)>
2026-01-03 17:15:11.982 | DEBUG    | androguard.core.axml:__init__:1805 - Found a header: <ARSCHeader idx='0x000b54fc' type='513' header_size='84' size='2160'>
2026-01-03 17:15:11.982 | DEBUG    | androguard.core.axml:__init__:3125 - Skipping padding bytes!
2026-01-03 17:15:11.982 | DEBUG    | androguard.core.axml:__init__:2973 - Parsed <ARSCResType(start=0xb5504, id=0xf, flags=0x0, entryCount=155, entriesStart=0x2c0, mResId=0x7f0f0000, table:string)>
2026-01-03 17:15:11.982 | DEBUG    | androguard.core.axml:__init__:1833 - Config: <ARSCResTableConfig 'ky'=(0, 31083, 0, 0, 0, 0, 0, 0, 0)>
2026-01-03 17:15:11.982 | DEBUG    | androguard.core.axml:__init__:1805 - Found a header: <ARSCHeader idx='0x000b5d6c' type='513' header_size='84' size='2160'>
2026-01-03 17:15:11.982 | DEBUG    | androguard.core.axml:__init__:3125 - Skipping padding bytes!
2026-01-03 17:15:11.982 | DEBUG    | androguard.core.axml:__init__:2973 - Parsed <ARSCResType(start=0xb5d74, id=0xf, flags=0x0, entryCount=155, entriesStart=0x2c0, mResId=0x7f0f0000, table:string)>
2026-01-03 17:15:11.982 | DEBUG    | androguard.core.axml:__init__:1833 - Config: <ARSCResTableConfig 'my'=(0, 31085, 0, 0, 0, 0, 0, 0, 0)>
2026-01-03 17:15:11.982 | DEBUG    | androguard.core.axml:__init__:1805 - Found a header: <ARSCHeader idx='0x000b65dc' type='513' header_size='84' size='2160'>
2026-01-03 17:15:11.982 | DEBUG    | androguard.core.axml:__init__:3125 - Skipping padding bytes!
2026-01-03 17:15:11.982 | DEBUG    | androguard.core.axml:__init__:2973 - Parsed <ARSCResType(start=0xb65e4, id=0xf, flags=0x0, entryCount=155, entriesStart=0x2c0, mResId=0x7f0f0000, table:string)>
2026-01-03 17:15:11.983 | DEBUG    | androguard.core.axml:__init__:1833 - Config: <ARSCResTableConfig 'az'=(0, 31329, 0, 0, 0, 0, 0, 0, 0)>
2026-01-03 17:15:11.983 | DEBUG    | androguard.core.axml:__init__:1805 - Found a header: <ARSCHeader idx='0x000b6e4c' type='513' header_size='84' size='2160'>
2026-01-03 17:15:11.983 | DEBUG    | androguard.core.axml:__init__:3125 - Skipping padding bytes!
2026-01-03 17:15:11.983 | DEBUG    | androguard.core.axml:__init__:2973 - Parsed <ARSCResType(start=0xb6e54, id=0xf, flags=0x0, entryCount=155, entriesStart=0x2c0, mResId=0x7f0f0000, table:string)>
2026-01-03 17:15:11.983 | DEBUG    | androguard.core.axml:__init__:1833 - Config: <ARSCResTableConfig 'uz'=(0, 31349, 0, 0, 0, 0, 0, 0, 0)>
2026-01-03 17:15:11.983 | DEBUG    | androguard.core.axml:__init__:1805 - Found a header: <ARSCHeader idx='0x000b76bc' type='513' header_size='84' size='1696'>
2026-01-03 17:15:11.983 | DEBUG    | androguard.core.axml:__init__:3125 - Skipping padding bytes!
2026-01-03 17:15:11.983 | DEBUG    | androguard.core.axml:__init__:2973 - Parsed <ARSCResType(start=0xb76c4, id=0xf, flags=0x0, entryCount=155, entriesStart=0x2c0, mResId=0x7f0f0000, table:string)>
2026-01-03 17:15:11.983 | DEBUG    | androguard.core.axml:__init__:1833 - Config: <ARSCResTableConfig 'es-r419'=(0, 614757221, 0, 0, 0, 0, 0, 0, 0)>
2026-01-03 17:15:11.983 | DEBUG    | androguard.core.axml:__init__:1805 - Found a header: <ARSCHeader idx='0x000b7d5c' type='513' header_size='84' size='1168'>
2026-01-03 17:15:11.983 | DEBUG    | androguard.core.axml:__init__:3125 - Skipping padding bytes!
2026-01-03 17:15:11.983 | DEBUG    | androguard.core.axml:__init__:2973 - Parsed <ARSCResType(start=0xb7d64, id=0xf, flags=0x0, entryCount=155, entriesStart=0x2c0, mResId=0x7f0f0000, table:string)>
2026-01-03 17:15:11.983 | DEBUG    | androguard.core.axml:__init__:1833 - Config: <ARSCResTableConfig 'en-rCA'=(0, 1094938213, 0, 0, 0, 0, 0, 0, 0)>
2026-01-03 17:15:11.983 | DEBUG    | androguard.core.axml:__init__:1805 - Found a header: <ARSCHeader idx='0x000b81ec' type='513' header_size='84' size='2160'>
2026-01-03 17:15:11.984 | DEBUG    | androguard.core.axml:__init__:3125 - Skipping padding bytes!
2026-01-03 17:15:11.984 | DEBUG    | androguard.core.axml:__init__:2973 - Parsed <ARSCResType(start=0xb81f4, id=0xf, flags=0x0, entryCount=155, entriesStart=0x2c0, mResId=0x7f0f0000, table:string)>
2026-01-03 17:15:11.984 | DEBUG    | androguard.core.axml:__init__:1833 - Config: <ARSCResTableConfig 'fr-rCA'=(0, 1094939238, 0, 0, 0, 0, 0, 0, 0)>
2026-01-03 17:15:11.984 | DEBUG    | androguard.core.axml:__init__:1805 - Found a header: <ARSCHeader idx='0x000b8a5c' type='513' header_size='84' size='2160'>
2026-01-03 17:15:11.984 | DEBUG    | androguard.core.axml:__init__:3125 - Skipping padding bytes!
2026-01-03 17:15:11.984 | DEBUG    | androguard.core.axml:__init__:2973 - Parsed <ARSCResType(start=0xb8a64, id=0xf, flags=0x0, entryCount=155, entriesStart=0x2c0, mResId=0x7f0f0000, table:string)>
2026-01-03 17:15:11.984 | DEBUG    | androguard.core.axml:__init__:1833 - Config: <ARSCResTableConfig 'en-rGB'=(0, 1111977573, 0, 0, 0, 0, 0, 0, 0)>
2026-01-03 17:15:11.984 | DEBUG    | androguard.core.axml:__init__:1805 - Found a header: <ARSCHeader idx='0x000b92cc' type='513' header_size='84' size='1168'>
2026-01-03 17:15:11.984 | DEBUG    | androguard.core.axml:__init__:3125 - Skipping padding bytes!
2026-01-03 17:15:11.984 | DEBUG    | androguard.core.axml:__init__:2973 - Parsed <ARSCResType(start=0xb92d4, id=0xf, flags=0x0, entryCount=155, entriesStart=0x2c0, mResId=0x7f0f0000, table:string)>
2026-01-03 17:15:11.984 | DEBUG    | androguard.core.axml:__init__:1833 - Config: <ARSCResTableConfig 'en-rXC'=(0, 1129868901, 0, 0, 0, 0, 0, 0, 0)>
2026-01-03 17:15:11.984 | DEBUG    | androguard.core.axml:__init__:1805 - Found a header: <ARSCHeader idx='0x000b975c' type='513' header_size='84' size='2160'>
2026-01-03 17:15:11.984 | DEBUG    | androguard.core.axml:__init__:3125 - Skipping padding bytes!
2026-01-03 17:15:11.984 | DEBUG    | androguard.core.axml:__init__:2973 - Parsed <ARSCResType(start=0xb9764, id=0xf, flags=0x0, entryCount=155, entriesStart=0x2c0, mResId=0x7f0f0000, table:string)>
2026-01-03 17:15:11.984 | DEBUG    | androguard.core.axml:__init__:1833 - Config: <ARSCResTableConfig 'zh-rHK'=(0, 1263036538, 0, 0, 0, 0, 0, 0, 0)>
2026-01-03 17:15:11.985 | DEBUG    | androguard.core.axml:__init__:1805 - Found a header: <ARSCHeader idx='0x000b9fcc' type='513' header_size='84' size='2160'>
2026-01-03 17:15:11.985 | DEBUG    | androguard.core.axml:__init__:3125 - Skipping padding bytes!
2026-01-03 17:15:11.985 | DEBUG    | androguard.core.axml:__init__:2973 - Parsed <ARSCResType(start=0xb9fd4, id=0xf, flags=0x0, entryCount=155, entriesStart=0x2c0, mResId=0x7f0f0000, table:string)>
2026-01-03 17:15:11.985 | DEBUG    | androguard.core.axml:__init__:1833 - Config: <ARSCResTableConfig 'zh-rCN'=(0, 1313040506, 0, 0, 0, 0, 0, 0, 0)>
2026-01-03 17:15:11.985 | DEBUG    | androguard.core.axml:__init__:1805 - Found a header: <ARSCHeader idx='0x000ba83c' type='513' header_size='84' size='1168'>
2026-01-03 17:15:11.985 | DEBUG    | androguard.core.axml:__init__:3125 - Skipping padding bytes!
2026-01-03 17:15:11.985 | DEBUG    | androguard.core.axml:__init__:2973 - Parsed <ARSCResType(start=0xba844, id=0xf, flags=0x0, entryCount=155, entriesStart=0x2c0, mResId=0x7f0f0000, table:string)>
2026-01-03 17:15:11.985 | DEBUG    | androguard.core.axml:__init__:1833 - Config: <ARSCResTableConfig 'en-rIN'=(0, 1313435237, 0, 0, 0, 0, 0, 0, 0)>
2026-01-03 17:15:11.985 | DEBUG    | androguard.core.axml:__init__:1805 - Found a header: <ARSCHeader idx='0x000baccc' type='513' header_size='84' size='2160'>
2026-01-03 17:15:11.985 | DEBUG    | androguard.core.axml:__init__:3125 - Skipping padding bytes!
2026-01-03 17:15:11.985 | DEBUG    | androguard.core.axml:__init__:2973 - Parsed <ARSCResType(start=0xbacd4, id=0xf, flags=0x0, entryCount=155, entriesStart=0x2c0, mResId=0x7f0f0000, table:string)>
2026-01-03 17:15:11.985 | DEBUG    | androguard.core.axml:__init__:1833 - Config: <ARSCResTableConfig 'pt-rBR'=(0, 1380086896, 0, 0, 0, 0, 0, 0, 0)>
2026-01-03 17:15:11.986 | DEBUG    | androguard.core.axml:__init__:1805 - Found a header: <ARSCHeader idx='0x000bb53c' type='513' header_size='84' size='2160'>
2026-01-03 17:15:11.986 | DEBUG    | androguard.core.axml:__init__:3125 - Skipping padding bytes!
2026-01-03 17:15:11.986 | DEBUG    | androguard.core.axml:__init__:2973 - Parsed <ARSCResType(start=0xbb544, id=0xf, flags=0x0, entryCount=155, entriesStart=0x2c0, mResId=0x7f0f0000, table:string)>
2026-01-03 17:15:11.986 | DEBUG    | androguard.core.axml:__init__:1833 - Config: <ARSCResTableConfig 'es-rUS'=(0, 1398109029, 0, 0, 0, 0, 0, 0, 0)>
2026-01-03 17:15:11.986 | DEBUG    | androguard.core.axml:__init__:1805 - Found a header: <ARSCHeader idx='0x000bbdac' type='513' header_size='84' size='2160'>
2026-01-03 17:15:11.986 | DEBUG    | androguard.core.axml:__init__:3125 - Skipping padding bytes!
2026-01-03 17:15:11.986 | DEBUG    | androguard.core.axml:__init__:2973 - Parsed <ARSCResType(start=0xbbdb4, id=0xf, flags=0x0, entryCount=155, entriesStart=0x2c0, mResId=0x7f0f0000, table:string)>
2026-01-03 17:15:11.986 | DEBUG    | androguard.core.axml:__init__:1833 - Config: <ARSCResTableConfig 'pt-rPT'=(0, 1414558832, 0, 0, 0, 0, 0, 0, 0)>
2026-01-03 17:15:11.986 | DEBUG    | androguard.core.axml:__init__:1805 - Found a header: <ARSCHeader idx='0x000bc61c' type='513' header_size='84' size='1168'>
2026-01-03 17:15:11.986 | DEBUG    | androguard.core.axml:__init__:3125 - Skipping padding bytes!
2026-01-03 17:15:11.986 | DEBUG    | androguard.core.axml:__init__:2973 - Parsed <ARSCResType(start=0xbc624, id=0xf, flags=0x0, entryCount=155, entriesStart=0x2c0, mResId=0x7f0f0000, table:string)>
2026-01-03 17:15:11.986 | DEBUG    | androguard.core.axml:__init__:1833 - Config: <ARSCResTableConfig 'en-rAU'=(0, 1430351461, 0, 0, 0, 0, 0, 0, 0)>
2026-01-03 17:15:11.986 | DEBUG    | androguard.core.axml:__init__:1805 - Found a header: <ARSCHeader idx='0x000bcaac' type='513' header_size='84' size='2160'>
2026-01-03 17:15:11.986 | DEBUG    | androguard.core.axml:__init__:3125 - Skipping padding bytes!
2026-01-03 17:15:11.986 | DEBUG    | androguard.core.axml:__init__:2973 - Parsed <ARSCResType(start=0xbcab4, id=0xf, flags=0x0, entryCount=155, entriesStart=0x2c0, mResId=0x7f0f0000, table:string)>
2026-01-03 17:15:11.987 | DEBUG    | androguard.core.axml:__init__:1833 - Config: <ARSCResTableConfig 'zh-rTW'=(0, 1465149562, 0, 0, 0, 0, 0, 0, 0)>
2026-01-03 17:15:11.987 | DEBUG    | androguard.core.axml:__init__:1805 - Found a header: <ARSCHeader idx='0x000bd31c' type='514' header_size='16' size='4396'>
2026-01-03 17:15:11.987 | DEBUG    | androguard.core.axml:__init__:1805 - Found a header: <ARSCHeader idx='0x000be448' type='513' header_size='84' size='72096'>
2026-01-03 17:15:11.987 | DEBUG    | androguard.core.axml:__init__:3125 - Skipping padding bytes!
2026-01-03 17:15:11.987 | DEBUG    | androguard.core.axml:__init__:2973 - Parsed <ARSCResType(start=0xbe450, id=0x10, flags=0x0, entryCount=1095, entriesStart=0x1170, mResId=0x7f100000, table:style)>
2026-01-03 17:15:11.987 | DEBUG    | androguard.core.axml:__init__:1833 - Config: <ARSCResTableConfig ''=(0, 0, 0, 0, 0, 0, 0, 0, 0)>
2026-01-03 17:15:11.994 | DEBUG    | androguard.core.axml:__init__:1805 - Found a header: <ARSCHeader idx='0x000cfde8' type='513' header_size='84' size='4504'>
2026-01-03 17:15:11.994 | DEBUG    | androguard.core.axml:__init__:3125 - Skipping padding bytes!
2026-01-03 17:15:11.994 | DEBUG    | androguard.core.axml:__init__:2973 - Parsed <ARSCResType(start=0xcfdf0, id=0x10, flags=0x0, entryCount=1095, entriesStart=0x1170, mResId=0x7f100000, table:style)>
2026-01-03 17:15:11.994 | DEBUG    | androguard.core.axml:__init__:1833 - Config: <ARSCResTableConfig 'sw600dp'=(0, 0, 0, 0, 0, 0, 39321600, 0, 0)>
2026-01-03 17:15:11.994 | DEBUG    | androguard.core.axml:__init__:1805 - Found a header: <ARSCHeader idx='0x000d0f80' type='513' header_size='84' size='4584'>
2026-01-03 17:15:11.994 | DEBUG    | androguard.core.axml:__init__:3125 - Skipping padding bytes!
2026-01-03 17:15:11.994 | DEBUG    | androguard.core.axml:__init__:2973 - Parsed <ARSCResType(start=0xd0f88, id=0x10, flags=0x0, entryCount=1095, entriesStart=0x1170, mResId=0x7f100000, table:style)>
2026-01-03 17:15:11.994 | DEBUG    | androguard.core.axml:__init__:1833 - Config: <ARSCResTableConfig 'watch'=(0, 0, 0, 0, 0, 0, 1536, 0, 0)>
2026-01-03 17:15:11.995 | DEBUG    | androguard.core.axml:__init__:1805 - Found a header: <ARSCHeader idx='0x000d2168' type='513' header_size='84' size='5220'>
2026-01-03 17:15:11.995 | DEBUG    | androguard.core.axml:__init__:3125 - Skipping padding bytes!
2026-01-03 17:15:11.995 | DEBUG    | androguard.core.axml:__init__:2973 - Parsed <ARSCResType(start=0xd2170, id=0x10, flags=0x0, entryCount=1095, entriesStart=0x1170, mResId=0x7f100000, table:style)>
2026-01-03 17:15:11.995 | DEBUG    | androguard.core.axml:__init__:1833 - Config: <ARSCResTableConfig 'night'=(0, 0, 0, 0, 0, 0, 8192, 0, 0)>
2026-01-03 17:15:11.995 | DEBUG    | androguard.core.axml:__init__:1805 - Found a header: <ARSCHeader idx='0x000d35cc' type='513' header_size='84' size='4656'>
2026-01-03 17:15:11.995 | DEBUG    | androguard.core.axml:__init__:3125 - Skipping padding bytes!
2026-01-03 17:15:11.995 | DEBUG    | androguard.core.axml:__init__:2973 - Parsed <ARSCResType(start=0xd35d4, id=0x10, flags=0x0, entryCount=1095, entriesStart=0x1170, mResId=0x7f100000, table:style)>
2026-01-03 17:15:11.995 | DEBUG    | androguard.core.axml:__init__:1833 - Config: <ARSCResTableConfig 'large'=(0, 0, 0, 0, 0, 0, 3, 0, 0)>
2026-01-03 17:15:11.996 | DEBUG    | androguard.core.axml:__init__:1805 - Found a header: <ARSCHeader idx='0x000d47fc' type='513' header_size='84' size='4480'>
2026-01-03 17:15:11.996 | DEBUG    | androguard.core.axml:__init__:3125 - Skipping padding bytes!
2026-01-03 17:15:11.996 | DEBUG    | androguard.core.axml:__init__:2973 - Parsed <ARSCResType(start=0xd4804, id=0x10, flags=0x0, entryCount=1095, entriesStart=0x1170, mResId=0x7f100000, table:style)>
2026-01-03 17:15:11.996 | DEBUG    | androguard.core.axml:__init__:1833 - Config: <ARSCResTableConfig 'ldltr'=(0, 0, 0, 0, 0, 0, 64, 0, 0)>
2026-01-03 17:15:11.996 | DEBUG    | androguard.core.axml:__init__:1805 - Found a header: <ARSCHeader idx='0x000d597c' type='513' header_size='84' size='4576'>
2026-01-03 17:15:11.996 | DEBUG    | androguard.core.axml:__init__:3125 - Skipping padding bytes!
2026-01-03 17:15:11.996 | DEBUG    | androguard.core.axml:__init__:2973 - Parsed <ARSCResType(start=0xd5984, id=0x10, flags=0x0, entryCount=1095, entriesStart=0x1170, mResId=0x7f100000, table:style)>
2026-01-03 17:15:11.996 | DEBUG    | androguard.core.axml:__init__:1833 - Config: <ARSCResTableConfig 'v22'=(0, 0, 0, 0, 0, 22, 0, 0, 0)>
2026-01-03 17:15:11.996 | DEBUG    | androguard.core.axml:__init__:1805 - Found a header: <ARSCHeader idx='0x000d6b5c' type='513' header_size='84' size='5336'>
2026-01-03 17:15:11.996 | DEBUG    | androguard.core.axml:__init__:3125 - Skipping padding bytes!
2026-01-03 17:15:11.996 | DEBUG    | androguard.core.axml:__init__:2973 - Parsed <ARSCResType(start=0xd6b64, id=0x10, flags=0x0, entryCount=1095, entriesStart=0x1170, mResId=0x7f100000, table:style)>
2026-01-03 17:15:11.996 | DEBUG    | androguard.core.axml:__init__:1833 - Config: <ARSCResTableConfig 'v23'=(0, 0, 0, 0, 0, 23, 0, 0, 0)>
2026-01-03 17:15:11.997 | DEBUG    | androguard.core.axml:__init__:1805 - Found a header: <ARSCHeader idx='0x000d8034' type='513' header_size='84' size='6848'>
2026-01-03 17:15:11.997 | DEBUG    | androguard.core.axml:__init__:3125 - Skipping padding bytes!
2026-01-03 17:15:11.997 | DEBUG    | androguard.core.axml:__init__:2973 - Parsed <ARSCResType(start=0xd803c, id=0x10, flags=0x0, entryCount=1095, entriesStart=0x1170, mResId=0x7f100000, table:style)>
2026-01-03 17:15:11.997 | DEBUG    | androguard.core.axml:__init__:1833 - Config: <ARSCResTableConfig 'v24'=(0, 0, 0, 0, 0, 24, 0, 0, 0)>
2026-01-03 17:15:11.997 | DEBUG    | androguard.core.axml:__init__:1805 - Found a header: <ARSCHeader idx='0x000d9af4' type='513' header_size='84' size='4528'>
2026-01-03 17:15:11.997 | DEBUG    | androguard.core.axml:__init__:3125 - Skipping padding bytes!
2026-01-03 17:15:11.997 | DEBUG    | androguard.core.axml:__init__:2973 - Parsed <ARSCResType(start=0xd9afc, id=0x10, flags=0x0, entryCount=1095, entriesStart=0x1170, mResId=0x7f100000, table:style)>
2026-01-03 17:15:11.997 | DEBUG    | androguard.core.axml:__init__:1833 - Config: <ARSCResTableConfig 'v25'=(0, 0, 0, 0, 0, 25, 0, 0, 0)>
2026-01-03 17:15:11.998 | DEBUG    | androguard.core.axml:__init__:1805 - Found a header: <ARSCHeader idx='0x000daca4' type='513' header_size='84' size='4672'>
2026-01-03 17:15:11.998 | DEBUG    | androguard.core.axml:__init__:3125 - Skipping padding bytes!
2026-01-03 17:15:11.998 | DEBUG    | androguard.core.axml:__init__:2973 - Parsed <ARSCResType(start=0xdacac, id=0x10, flags=0x0, entryCount=1095, entriesStart=0x1170, mResId=0x7f100000, table:style)>
2026-01-03 17:15:11.998 | DEBUG    | androguard.core.axml:__init__:1833 - Config: <ARSCResTableConfig 'v26'=(0, 0, 0, 0, 0, 26, 0, 0, 0)>
2026-01-03 17:15:11.998 | DEBUG    | androguard.core.axml:__init__:1805 - Found a header: <ARSCHeader idx='0x000dbee4' type='513' header_size='84' size='6720'>
2026-01-03 17:15:11.998 | DEBUG    | androguard.core.axml:__init__:3125 - Skipping padding bytes!
2026-01-03 17:15:11.998 | DEBUG    | androguard.core.axml:__init__:2973 - Parsed <ARSCResType(start=0xdbeec, id=0x10, flags=0x0, entryCount=1095, entriesStart=0x1170, mResId=0x7f100000, table:style)>
2026-01-03 17:15:11.998 | DEBUG    | androguard.core.axml:__init__:1833 - Config: <ARSCResTableConfig 'v28'=(0, 0, 0, 0, 0, 28, 0, 0, 0)>
2026-01-03 17:15:11.998 | DEBUG    | androguard.core.axml:__init__:1805 - Found a header: <ARSCHeader idx='0x000dd924' type='513' header_size='84' size='6472'>
2026-01-03 17:15:11.998 | DEBUG    | androguard.core.axml:__init__:3125 - Skipping padding bytes!
2026-01-03 17:15:11.999 | DEBUG    | androguard.core.axml:__init__:2973 - Parsed <ARSCResType(start=0xdd92c, id=0x10, flags=0x0, entryCount=1095, entriesStart=0x1170, mResId=0x7f100000, table:style)>
2026-01-03 17:15:11.999 | DEBUG    | androguard.core.axml:__init__:1833 - Config: <ARSCResTableConfig 'v31'=(0, 0, 0, 0, 0, 31, 0, 0, 0)>
2026-01-03 17:15:11.999 | DEBUG    | androguard.core.axml:__init__:1805 - Found a header: <ARSCHeader idx='0x000df26c' type='513' header_size='84' size='4632'>
2026-01-03 17:15:11.999 | DEBUG    | androguard.core.axml:__init__:3125 - Skipping padding bytes!
2026-01-03 17:15:11.999 | DEBUG    | androguard.core.axml:__init__:2973 - Parsed <ARSCResType(start=0xdf274, id=0x10, flags=0x0, entryCount=1095, entriesStart=0x1170, mResId=0x7f100000, table:style)>
2026-01-03 17:15:11.999 | DEBUG    | androguard.core.axml:__init__:1833 - Config: <ARSCResTableConfig 'land'=(0, 0, 2, 0, 0, 0, 0, 0, 0)>
2026-01-03 17:15:11.999 | DEBUG    | androguard.core.axml:__init__:1805 - Found a header: <ARSCHeader idx='0x000e0484' type='513' header_size='84' size='4516'>
2026-01-03 17:15:11.999 | DEBUG    | androguard.core.axml:__init__:3125 - Skipping padding bytes!
2026-01-03 17:15:11.999 | DEBUG    | androguard.core.axml:__init__:2973 - Parsed <ARSCResType(start=0xe048c, id=0x10, flags=0x0, entryCount=1095, entriesStart=0x1170, mResId=0x7f100000, table:style)>
2026-01-03 17:15:11.999 | DEBUG    | androguard.core.axml:__init__:1833 - Config: <ARSCResTableConfig 'hdpi'=(0, 0, 15728640, 0, 0, 0, 0, 0, 0)>
2026-01-03 17:15:12.000 | DEBUG    | androguard.core.axml:__init__:1805 - Found a header: <ARSCHeader idx='0x000e1628' type='514' header_size='16' size='24'>
2026-01-03 17:15:12.000 | DEBUG    | androguard.core.axml:__init__:1805 - Found a header: <ARSCHeader idx='0x000e1640' type='513' header_size='84' size='124'>
2026-01-03 17:15:12.000 | DEBUG    | androguard.core.axml:__init__:3125 - Skipping padding bytes!
2026-01-03 17:15:12.000 | DEBUG    | androguard.core.axml:__init__:2973 - Parsed <ARSCResType(start=0xe1648, id=0x12, flags=0x0, entryCount=2, entriesStart=0x5c, mResId=0x7f120000, table:xml)>
2026-01-03 17:15:12.000 | DEBUG    | androguard.core.axml:__init__:1833 - Config: <ARSCResTableConfig ''=(0, 0, 0, 0, 0, 0, 0, 0, 0)>
2026-01-03 17:15:12.009 | DEBUG    | androguard.core.axml:get_resource_dimen:2061 - Out of range dimension unit index for 65036.003995811836: 9
2026-01-03 17:15:12.009 | DEBUG    | androguard.core.axml:get_resource_dimen:2061 - Out of range dimension unit index for 65036.003995811836: 10
2026-01-03 17:15:12.009 | DEBUG    | androguard.core.axml:get_resource_dimen:2061 - Out of range dimension unit index for 32051.19728172544: 10
2026-01-03 17:15:12.009 | DEBUG    | androguard.core.axml:get_resource_dimen:2061 - Out of range dimension unit index for 0.488437427482368: 8
2026-01-03 17:15:12.010 | DEBUG    | androguard.core.axml:get_resource_dimen:2061 - Out of range dimension unit index for 32051.19728172544: 10
2026-01-03 17:15:12.010 | DEBUG    | androguard.core.axml:get_resource_dimen:2061 - Out of range dimension unit index for 0.488437427482368: 8
2026-01-03 17:15:12.010 | DEBUG    | androguard.core.axml:get_resource_dimen:2061 - Out of range dimension unit index for 0.488437427482368: 8
2026-01-03 17:15:12.010 | DEBUG    | androguard.core.axml:get_resource_dimen:2061 - Out of range dimension unit index for 4082892.0: 13
2026-01-03 17:15:12.010 | DEBUG    | androguard.core.axml:get_resource_dimen:2061 - Out of range dimension unit index for 4060610.0: 15
2026-01-03 17:15:12.010 | DEBUG    | androguard.core.axml:get_resource_dimen:2061 - Out of range dimension unit index for 32133.11916175872: 12
2026-01-03 17:15:12.010 | DEBUG    | androguard.core.axml:get_resource_dimen:2061 - Out of range dimension unit index for 254.0468972683264: 14
2026-01-03 17:15:12.011 | DEBUG    | androguard.core.axml:get_resource_dimen:2061 - Out of range dimension unit index for 32133.11916175872: 12
2026-01-03 17:15:12.011 | DEBUG    | androguard.core.axml:get_resource_dimen:2061 - Out of range dimension unit index for 0.9923707517265152: 13
2026-01-03 17:15:12.011 | DEBUG    | androguard.core.axml:get_resource_dimen:2061 - Out of range dimension unit index for 65036.011808312316: 6
2026-01-03 17:15:12.011 | DEBUG    | androguard.core.axml:get_resource_dimen:2061 - Out of range dimension unit index for 0.9923707517265152: 14
2026-01-03 17:15:12.011 | DEBUG    | androguard.core.axml:get_resource_dimen:2061 - Out of range dimension unit index for 0.9923707517265152: 15
2026-01-03 17:15:12.011 | DEBUG    | androguard.core.axml:get_resource_dimen:2061 - Out of range dimension unit index for 0.9923707517265152: 13
2026-01-03 17:15:12.011 | DEBUG    | androguard.core.axml:get_resource_dimen:2061 - Out of range dimension unit index for 65036.011808312316: 6
2026-01-03 17:15:12.011 | DEBUG    | androguard.core.axml:get_resource_dimen:2061 - Out of range dimension unit index for 0.9923707517265152: 14
2026-01-03 17:15:12.011 | DEBUG    | androguard.core.axml:get_resource_dimen:2061 - Out of range dimension unit index for 0.9923707517265152: 15
2026-01-03 17:15:12.011 | DEBUG    | androguard.core.axml:get_resource_dimen:2061 - Out of range dimension unit index for 32133.11916175872: 12
2026-01-03 17:15:12.011 | DEBUG    | androguard.core.axml:get_resource_dimen:2061 - Out of range dimension unit index for 4060610.0: 15
2026-01-03 17:15:12.011 | DEBUG    | androguard.core.axml:get_resource_dimen:2061 - Out of range dimension unit index for 32133.11916175872: 12
2026-01-03 17:15:12.011 | DEBUG    | androguard.core.axml:get_resource_dimen:2061 - Out of range dimension unit index for 32133.11916175872: 12
2026-01-03 17:15:12.011 | DEBUG    | androguard.core.axml:get_resource_dimen:2061 - Out of range dimension unit index for 32133.11916175872: 12
2026-01-03 17:15:12.011 | DEBUG    | androguard.core.axml:get_resource_dimen:2061 - Out of range dimension unit index for 0.9923707517265152: 13
2026-01-03 17:15:12.011 | DEBUG    | androguard.core.axml:get_resource_dimen:2061 - Out of range dimension unit index for 0.9923707517265152: 14
2026-01-03 17:15:12.011 | DEBUG    | androguard.core.axml:get_resource_dimen:2061 - Out of range dimension unit index for 0.9923707517265152: 15
2026-01-03 17:15:12.011 | DEBUG    | androguard.core.axml:get_resource_dimen:2061 - Out of range dimension unit index for 0.9923707517265152: 13
2026-01-03 17:15:12.011 | DEBUG    | androguard.core.axml:get_resource_dimen:2061 - Out of range dimension unit index for 0.9923707517265152: 14
2026-01-03 17:15:12.011 | DEBUG    | androguard.core.axml:get_resource_dimen:2061 - Out of range dimension unit index for 0.9923707517265152: 15
2026-01-03 17:15:12.012 | DEBUG    | androguard.core.axml:get_resource_dimen:2061 - Out of range dimension unit index for 0.9923707517265152: 14
2026-01-03 17:15:12.012 | DEBUG    | androguard.core.axml:get_resource_dimen:2061 - Out of range dimension unit index for 0.9923707517265152: 15
2026-01-03 17:15:12.012 | DEBUG    | androguard.core.axml:get_resource_dimen:2061 - Out of range dimension unit index for 0.9923707517265152: 13
2026-01-03 17:15:12.012 | DEBUG    | androguard.core.axml:get_resource_dimen:2061 - Out of range dimension unit index for 0.9923707517265152: 14
2026-01-03 17:15:12.012 | DEBUG    | androguard.core.axml:get_resource_dimen:2061 - Out of range dimension unit index for 0.9923707517265152: 15
2026-01-03 17:15:12.012 | DEBUG    | androguard.core.axml:get_resource_dimen:2061 - Out of range dimension unit index for 32133.11916175872: 12
2026-01-03 17:15:12.012 | DEBUG    | androguard.core.axml:get_resource_dimen:2061 - Out of range dimension unit index for 32133.11916175872: 12
2026-01-03 17:15:12.012 | DEBUG    | androguard.core.axml:get_resource_dimen:2061 - Out of range dimension unit index for 4060610.0: 15
2026-01-03 17:15:12.012 | DEBUG    | androguard.core.axml:get_resource_dimen:2061 - Out of range dimension unit index for 32133.11916175872: 12
2026-01-03 17:15:12.012 | DEBUG    | androguard.core.axml:get_resource_dimen:2061 - Out of range dimension unit index for 4060610.0: 15
2026-01-03 17:15:12.012 | DEBUG    | androguard.core.axml:get_resource_dimen:2061 - Out of range dimension unit index for 32133.11916175872: 12
2026-01-03 17:15:12.012 | DEBUG    | androguard.core.axml:get_resource_dimen:2061 - Out of range dimension unit index for 32133.11916175872: 12
2026-01-03 17:15:12.012 | DEBUG    | androguard.core.axml:get_resource_dimen:2061 - Out of range dimension unit index for 0.9923707517265152: 13
2026-01-03 17:15:12.012 | DEBUG    | androguard.core.axml:get_resource_dimen:2061 - Out of range dimension unit index for 0.9923707517265152: 14
2026-01-03 17:15:12.012 | DEBUG    | androguard.core.axml:get_resource_dimen:2061 - Out of range dimension unit index for 0.9923707517265152: 15
2026-01-03 17:15:12.012 | DEBUG    | androguard.core.axml:get_resource_dimen:2061 - Out of range dimension unit index for 0.9923707517265152: 13
2026-01-03 17:15:12.012 | DEBUG    | androguard.core.axml:get_resource_dimen:2061 - Out of range dimension unit index for 0.9923707517265152: 14
2026-01-03 17:15:12.012 | DEBUG    | androguard.core.axml:get_resource_dimen:2061 - Out of range dimension unit index for 0.9923707517265152: 15
2026-01-03 17:15:12.012 | DEBUG    | androguard.core.axml:get_resource_dimen:2061 - Out of range dimension unit index for 0.9923707517265152: 13
2026-01-03 17:15:12.012 | DEBUG    | androguard.core.axml:get_resource_dimen:2061 - Out of range dimension unit index for 0.9923707517265152: 14
2026-01-03 17:15:12.012 | DEBUG    | androguard.core.axml:get_resource_dimen:2061 - Out of range dimension unit index for 0.9923707517265152: 15
2026-01-03 17:15:12.012 | DEBUG    | androguard.core.axml:get_resource_dimen:2061 - Out of range dimension unit index for 65036.011808312316: 11
2026-01-03 17:15:12.012 | DEBUG    | androguard.core.axml:get_resource_dimen:2061 - Out of range dimension unit index for 65036.011808312316: 10
2026-01-03 17:15:12.012 | DEBUG    | androguard.core.axml:get_resource_dimen:2061 - Out of range dimension unit index for 65036.011808312316: 12
2026-01-03 17:15:12.012 | DEBUG    | androguard.core.axml:get_resource_dimen:2061 - Out of range dimension unit index for 65036.011808312316: 8
2026-01-03 17:15:12.012 | DEBUG    | androguard.core.axml:get_resource_dimen:2061 - Out of range dimension unit index for 65036.011808312316: 9
2026-01-03 17:15:12.012 | DEBUG    | androguard.core.axml:get_resource_dimen:2061 - Out of range dimension unit index for 0.9923707517265152: 12
2026-01-03 17:15:12.012 | DEBUG    | androguard.core.axml:get_resource_dimen:2061 - Out of range dimension unit index for 0.9923707517265152: 13
2026-01-03 17:15:12.012 | DEBUG    | androguard.core.axml:get_resource_dimen:2061 - Out of range dimension unit index for 0.9923707517265152: 14
2026-01-03 17:15:12.012 | DEBUG    | androguard.core.axml:get_resource_dimen:2061 - Out of range dimension unit index for 0.9923707517265152: 15
2026-01-03 17:15:12.013 | DEBUG    | androguard.core.axml:get_resource_dimen:2061 - Out of range dimension unit index for 0.9923707517265152: 15
2026-01-03 17:15:12.013 | DEBUG    | androguard.core.axml:get_resource_dimen:2061 - Out of range dimension unit index for 254.0469277859072: 15
2026-01-03 17:15:12.013 | DEBUG    | androguard.core.axml:get_resource_dimen:2061 - Out of range dimension unit index for 4039639.0: 10
2026-01-03 17:15:12.013 | DEBUG    | androguard.core.axml:get_resource_dimen:2061 - Out of range dimension unit index for 4060610.0: 15
2026-01-03 17:15:12.013 | DEBUG    | androguard.core.axml:get_resource_dimen:2061 - Out of range dimension unit index for 0.9923707517265152: 15
2026-01-03 17:15:12.013 | DEBUG    | androguard.core.axml:get_resource_dimen:2061 - Out of range dimension unit index for 32051.19728172544: 10
2026-01-03 17:15:12.013 | DEBUG    | androguard.core.axml:get_resource_dimen:2061 - Out of range dimension unit index for 4148428.0: 13
2026-01-03 17:15:12.013 | DEBUG    | androguard.core.axml:get_resource_dimen:2061 - Out of range dimension unit index for 4082892.0: 13
2026-01-03 17:15:12.013 | DEBUG    | androguard.core.axml:get_resource_dimen:2061 - Out of range dimension unit index for 4050124.0: 13
2026-01-03 17:15:12.013 | DEBUG    | androguard.core.axml:get_resource_dimen:2061 - Out of range dimension unit index for 4050124.0: 13
2026-01-03 17:15:12.013 | DEBUG    | androguard.core.axml:get_resource_dimen:2061 - Out of range dimension unit index for 4115660.0: 13
2026-01-03 17:15:12.013 | DEBUG    | androguard.core.axml:get_resource_dimen:2061 - Out of range dimension unit index for 4115660.0: 13
2026-01-03 17:15:12.013 | DEBUG    | androguard.core.axml:get_resource_dimen:2061 - Out of range dimension unit index for 4082892.0: 13
2026-01-03 17:15:12.013 | DEBUG    | androguard.core.axml:get_resource_dimen:2061 - Out of range dimension unit index for 4082892.0: 13
2026-01-03 17:15:12.013 | DEBUG    | androguard.core.axml:get_resource_dimen:2061 - Out of range dimension unit index for 32051.19728172544: 10
2026-01-03 17:15:12.013 | DEBUG    | androguard.core.axml:get_resource_dimen:2061 - Out of range dimension unit index for 4082892.0: 13
2026-01-03 17:15:12.013 | DEBUG    | androguard.core.axml:get_resource_dimen:2061 - Out of range dimension unit index for 4105175.0: 10
2026-01-03 17:15:12.013 | DEBUG    | androguard.core.axml:get_resource_dimen:2061 - Out of range dimension unit index for 4093378.0: 15
2026-01-03 17:15:12.013 | DEBUG    | androguard.core.axml:get_resource_dimen:2061 - Out of range dimension unit index for 4072407.0: 10
2026-01-03 17:15:12.013 | DEBUG    | androguard.core.axml:get_resource_dimen:2061 - Out of range dimension unit index for 4093378.0: 15
2026-01-03 17:15:12.013 | DEBUG    | androguard.core.axml:get_resource_dimen:2061 - Out of range dimension unit index for 32133.11916175872: 12
2026-01-03 17:15:12.014 | DEBUG    | androguard.core.axml:get_resource_dimen:2061 - Out of range dimension unit index for 4060610.0: 15
2026-01-03 17:15:12.014 | DEBUG    | androguard.core.axml:get_resource_dimen:2061 - Out of range dimension unit index for 32307.19729745408: 10
2026-01-03 17:15:12.014 | DEBUG    | androguard.core.axml:get_resource_dimen:2061 - Out of range dimension unit index for 123.12000590919679: 9
2026-01-03 17:15:12.014 | DEBUG    | androguard.core.axml:get_resource_dimen:2061 - Out of range dimension unit index for 4126146.0: 15
2026-01-03 17:15:12.014 | DEBUG    | androguard.core.axml:get_resource_dimen:2061 - Out of range dimension unit index for 4126146.0: 15
2026-01-03 17:15:12.014 | DEBUG    | androguard.core.axml:get_resource_dimen:2061 - Out of range dimension unit index for 4072407.0: 10
2026-01-03 17:15:12.015 | DEBUG    | androguard.core.axml:get_resource_dimen:2061 - Out of range dimension unit index for 4126146.0: 15
2026-01-03 17:15:12.015 | DEBUG    | androguard.core.axml:get_resource_dimen:2061 - Out of range dimension unit index for 4093378.0: 15
2026-01-03 17:15:12.015 | DEBUG    | androguard.core.axml:get_resource_dimen:2061 - Out of range dimension unit index for 4093378.0: 15
2026-01-03 17:15:12.015 | DEBUG    | androguard.core.axml:get_resource_dimen:2061 - Out of range dimension unit index for 4039639.0: 10
2026-01-03 17:15:12.015 | DEBUG    | androguard.core.axml:get_resource_dimen:2061 - Out of range dimension unit index for 4093378.0: 15
2026-01-03 17:15:12.015 | DEBUG    | androguard.core.axml:get_resource_dimen:2061 - Out of range dimension unit index for 4148428.0: 13
2026-01-03 17:15:12.015 | DEBUG    | androguard.core.axml:get_resource_dimen:2061 - Out of range dimension unit index for 8324609.0: 13
2026-01-03 17:15:12.015 | DEBUG    | androguard.core.axml:get_resource_dimen:2061 - Out of range dimension unit index for 8324609.0: 14
2026-01-03 17:15:12.015 | DEBUG    | androguard.core.axml:get_resource_dimen:2061 - Out of range dimension unit index for 8324608.0: 6
2026-01-03 17:15:12.015 | DEBUG    | androguard.core.axml:get_resource_dimen:2061 - Out of range dimension unit index for 4072407.0: 10
2026-01-03 17:15:12.015 | DEBUG    | androguard.core.axml:get_resource_dimen:2061 - Out of range dimension unit index for 4082892.0: 13
2026-01-03 17:15:12.015 | DEBUG    | androguard.core.axml:get_resource_dimen:2061 - Out of range dimension unit index for 4115660.0: 13
2026-01-03 17:15:12.015 | DEBUG    | androguard.core.axml:get_resource_dimen:2061 - Out of range dimension unit index for 4060610.0: 15
2026-01-03 17:15:12.015 | DEBUG    | androguard.core.axml:get_resource_dimen:2061 - Out of range dimension unit index for 4093378.0: 15
2026-01-03 17:15:12.015 | DEBUG    | androguard.core.axml:get_resource_dimen:2061 - Out of range dimension unit index for 4115660.0: 13
2026-01-03 17:15:12.015 | DEBUG    | androguard.core.axml:get_resource_dimen:2061 - Out of range dimension unit index for 4115660.0: 13
2026-01-03 17:15:12.016 | DEBUG    | androguard.core.axml:get_resource_dimen:2061 - Out of range dimension unit index for 4093378.0: 15
2026-01-03 17:15:12.016 | DEBUG    | androguard.core.axml:get_resource_dimen:2061 - Out of range dimension unit index for 4060610.0: 15
2026-01-03 17:15:12.016 | DEBUG    | androguard.core.axml:get_resource_dimen:2061 - Out of range dimension unit index for 4082892.0: 13
2026-01-03 17:15:12.016 | DEBUG    | androguard.core.axml:get_resource_dimen:2061 - Out of range dimension unit index for 4082892.0: 13
2026-01-03 17:15:12.016 | DEBUG    | androguard.core.axml:get_resource_dimen:2061 - Out of range dimension unit index for 4060610.0: 15
127.0.0.1 - - [03/Jan/2026 17:15:12] "POST /upload HTTP/1.1" 200 -
 * Detected change in '/home/dudekulariyaz/Desktop/Android-App-Permission-Analyzer_/code/analyzer.py', reloading
 * Restarting with stat
/usr/bin/python3: can't open file '/home/dudekulariyaz/Desktop/Android-App-Permission-Analyzer_/app.py': [Errno 2] No such file or directory
